Symbol,Degree,Betweenness,Closeness,Eigenvector,Log2FC
TP53,40,0.247817653665334,0.317477876106195,0.75939677216468,1.79657269344743
MYC,23,0.192217221645306,0.317477876106195,0.30564268045808,2.3321940013985
SRC,21,0.126107464949647,0.295876288659794,0.114720532997211,-1.1492041324562
PRKACB,19,0.205438835896622,0.28989898989899,0.0111652781521705,-1.35990657419623
H4C11,18,0.0032007947339161,0.248269896193772,1,1.90306299804496
H4C2,18,0.0032007947339161,0.248269896193772,1,1.25639765572141
H4C8,18,0.0032007947339161,0.248269896193772,1,1.25567938820148
H4C1,17,0.00218030751835615,0.248055315471046,0.967777322892223,2.08402418543912
H3C1,17,0.0098891565057446,0.252418645558487,0.83568469031449,1.31389080252909
H2AC8,16,0.00299500073245451,0.246351931330472,0.90934992703817,1.36176736647016
H2AC6,16,0.000241353943466175,0.215627347858753,0.906089987214208,1.3720801593999
H2AX,16,0.00748835544632467,0.262820512820513,0.707563027458199,1.76789789739345
H2BC4,15,0.000277843668459059,0.216277317256971,0.862761286947561,1.50217159679261
H2BC7,15,0.000213792202437386,0.215465465465465,0.863731867420847,2.20032526794694
ACTL6A,15,0.0192520918574867,0.263302752293578,0.708473547589574,1.72332921392191
H2BC17,15,0.000102471091256122,0.213224368499257,0.865665376420134,6.33016621254433
BIRC5,14,0.0356513581113465,0.26797385620915,0.126917111238402,1.83705095689305
AURKB,14,0.039499540122442,0.268978444236176,0.157715082114587,2.45839171160792
PLCB1,14,0.0407643097212455,0.218916857360793,0.00073485332695361,-1.80862575975813
H2BC14,14,0.00577087933766012,0.24762726488352,0.797519329859758,3.03449704085221
H2BC6,14,0.000192738439263278,0.215303825956489,0.817465394740811,2.17341968533108
H2AC4,12,0.00100251696254729,0.245508982035928,0.722724377077619,2.84706116241989
H2BC15,12,1.92788104806846e-05,0.211495946941783,0.731686603191657,1.38097190308923
H2BC11,11,0.000580092886314778,0.245299145299145,0.661672350808935,4.01966600556747
CALM1,11,0.110356720234764,0.283877349159248,0.0222402414375324,-1.16282632105645
CDK4,9,0.00348295428162274,0.263544536271809,0.157872658907227,1.80556435190259
PLCB4,9,0.0149226735449808,0.216277317256971,0.000526667487670859,-1.86163476692281
CAMK2B,9,0.0288776849643914,0.245089666951324,0.00208932982654511,-1.98653680040988
APOE,8,0.036938190749079,0.208272859216255,0.00435580699726753,1.14653239119949
CDK2,8,0.00313007466099132,0.263061411549038,0.150171347445459,1.85051506791822
CDCA5,8,0.00628775969346961,0.215789473684211,0.0345215557696364,1.29150103150638
H1-2,8,0,0.2,0.503347519088921,1.36571354807783
PPP3CA,8,0.0117656315130278,0.235245901639344,0.00200997099466458,-1.5244485585582
CDCA3,8,0.00498887807271906,0.216277317256971,0.032318233929931,1.85880411503598
GABARAPL1,8,0.0564066395945446,0.232200647249191,0.000792054555321545,-1.41528750994857
CALM2,8,0.00772056601242029,0.23582580115037,0.00218554430450273,-1.14701705156597
TNFRSF1A,7,0.0299165515250656,0.253086419753086,0.0613327232900319,1.17046785067176
SYP,7,0.0608368773717343,0.213066072754269,0.000708036245651479,-1.94267940639163
ADCY1,7,0.0237481150144462,0.248915871639202,0.00257072065605509,-1.71064334573072
ITPR1,7,0.0773875728332727,0.26043557168784,0.00241137858966833,-1.08365544673572
MAPK9,7,0.0278018829308228,0.270499528746466,0.0669536015683715,-1.1787338726871
TRIP13,6,0.000170555328148451,0.215303825956489,0.0274823296134468,1.72452623497612
MMP2,6,0.00598853868194842,0.234668847097302,0.0149798622970022,3.24482493595966
RAB3A,6,0.0186164551780598,0.177051202961135,5.30667361963298e-05,-2.39497381035417
BYSL,6,0.0107859579335104,0.209183673469388,0.00218983865543177,1.53592933208808
GNB5,6,0.0204714259096846,0.23257698541329,0.000845266410658594,-1.34158977456989
NCF1,6,0.0116086778550962,0.23257698541329,0.0097321659664662,1.56609194510357
ANXA5,6,0.00867963009598618,0.269483568075117,0.0916946337760494,1.70934226388522
SP1,6,0.107591676177599,0.304994686503719,0.0864415615446032,1.19359638028886
HOMER1,6,0.0446554334016609,0.216603773584906,0.000235288096888508,-2.16212388377184
ERBB4,6,0.0710413179591271,0.259025270758123,0.061511344118312,-1.35498314064148
PRC1,6,0.000222366222221752,0.214820359281437,0.0266403584886028,1.76541466105429
PPP3CB,6,0.00794304780519297,0.234668847097302,0.00183634398447227,-2.0529645955995
SYNJ1,6,0.0115991464328927,0.183269476372925,6.48737820039069e-05,-1.57255632494444
TK1,6,0.0186389684813754,0.21498127340824,0.023704309294597,2.37276145568867
RACK1,6,0.0248610923372547,0.250655021834061,0.00825696167107609,1.02254523435206
STX1A,5,0.0139991813344249,0.176942046855734,5.2796723440375e-05,-1.44238429093824
PPP3R1,5,0.000698595666451003,0.207369942196532,0.00039749534936572,-1.66892130146113
PXDN,5,0.0347236090779852,0.267723880597015,0.0801211815549234,1.98665158412826
GFAP,5,0.0449823860223596,0.225098039215686,0.00923054443222512,1.63415529731754
CACNG4,5,0.00135154465443647,0.20767004341534,0.000277808781630801,2.24102943357914
TRIM25,5,0.0232173557101924,0.243220338983051,0.0529677516003984,1.03143133020448
SCN8A,5,0.043276416283948,0.198341395991707,8.54573683325532e-05,-1.49470199406934
BLM,5,0.005611710861341,0.259259259259259,0.132772122108113,1.48606620165775
PINK1,5,0.01400511501241,0.197658402203857,8.17396388286284e-05,-1.13602490395234
BCL2L11,5,0.00522064050471746,0.26797385620915,0.0703194087640587,1.07997211904208
ITGB3,5,0.017367366430813,0.233333333333333,0.0085520585064823,2.11229314534382
NRXN1,5,0.0139991813344249,0.17948717948718,2.28576613673301e-05,-1.060036212248
SMO,4,0.0277855096193205,0.227056962025316,0.000774575368997861,1.74203947444835
TROAP,4,0.00561297343735763,0.216277317256971,0.0218276618532314,2.52248460167388
CYBA,4,0.00109393649057996,0.232200647249191,0.00986959526405005,1.40386359461172
CNTNAP1,4,0.00469641151589576,0.166473317865429,6.74804335273705e-06,-1.37221958609099
PIP5K1B,4,3.24737344794651e-05,0.180958385876419,9.7379298224736e-05,-3.92238656737795
GRIA2,4,0.00979210897246644,0.236019736842105,0.00093199663863044,-1.232775177166
DLGAP1,4,0.00545499097661159,0.199167244968772,9.42216357450901e-05,-1.98016387278128
EFNA5,4,0.0139991813344249,0.206772334293948,0.00426696189781889,-1.69178010807344
RTN4,4,9.8239869013508e-05,0.833333333333333,7.29666834943449e-18,-1.10260188486314
RPS2,4,8.95303359486741e-05,0.204270462633452,0.000816630057415755,1.17161887231574
PTBP1,4,0.0139828080229226,0.245719178082192,0.0700172883330982,1.38384900162766
INPP5A,4,0.00934916086778551,0.180276381909548,8.70968276423003e-05,-1.02630081705642
PLXNA3,4,9.8239869013508e-05,1,0,1.12213078401417
KCNAB2,4,0.00934916086778551,0.143285072391413,4.74692937946888e-07,-1.73601918818388
RPS9,4,8.95303359486741e-05,0.204270462633452,0.000816630057415754,2.09950448960627
AKAP5,4,0.00301587489211192,0.231638418079096,0.00117620162936426,-1.7417704257273
PTK2B,4,0.0116086778550962,0.230893000804505,0.00856058950997973,-1.17738334494168
WEE1,4,0.00152479778681893,0.246563573883162,0.0752074585142888,3.99595886475846
HMGA2,4,0.0156825640676519,0.25972850678733,0.0735332000331668,2.066961939831
UHRF1,4,0.000521839366616309,0.217424242424242,0.116592363747635,2.98822603655034
KCNA2,4,0.0184499931777869,0.166569936157864,6.37322778041974e-06,-1.90778460617388
INPP5F,4,3.24737344794651e-05,0.180958385876419,9.73792982247145e-05,-1.23543848619268
RFC2,3,0.00335530418475431,0.207971014492754,0.010774026575066,1.12584641024681
LFNG,3,0.0185837085550553,0.113663366336634,3.40835541802997e-08,2.74396013526964
LOX,3,0.0459541151183057,0.24762726488352,0.0220325978378458,3.15940710979236
RARA,3,0.00778180872204614,0.235053235053235,0.00597537268851181,1.06565278198191
JAG1,3,0.00934916086778551,0.102244389027431,2.35316721134637e-09,1.54200622686075
DGKG,3,0.00468276708964388,0.180050188205772,8.66874822367794e-05,1.14902313647218
RTN1,3,0,0.625,2.76518636596138e-18,-1.71802236924046
BAX,3,0.0368347960583048,0.283877349159248,0.0575122543484234,1.06601358327761
NDUFB8,3,0.00501598186648111,0.198341395991707,0.000353326968880553,-1.03295110061824
CACNB3,3,0.000118102255228739,0.188443860801051,8.43932517385581e-05,-1.61741966524817
SLC25A23,3,0.000794573416759254,0.175535168195719,1.43548598201899e-05,-1.20055049319393
SHCBP1,3,0.00468276708964388,0.211964549483013,0.0105519546526407,1.38323616043495
ESCO2,3,0.00486626912906078,0.178482587064677,0.0031125606049381,1.83957903650733
MMP14,3,7.91376722608814e-05,0.231265108783239,0.00945175020678818,2.45084929181175
GABRB3,3,0.0139500613999181,0.189438943894389,5.84257941076825e-05,-2.37967514422179
HSPA6,3,0.00933278755628326,0.213700670141474,0.00462575988640255,3.03647314735343
FKBP10,3,0.0366598444535407,0.169121979964643,0.000104535692367279,1.8064585430572
HASPIN,3,0.000262189146107467,0.221450617283951,0.0139584988347913,2.93917048308321
TNFRSF12A,3,0.00161686451084732,0.208272859216255,0.00481753534327036,3.2887215687056
GNAL,3,0.00484175123552938,0.202826855123675,0.000234735182118154,-2.16127180093796
PDE4D,3,0.0120312715664742,0.24036850921273,0.00150421289862066,-1.06715737979179
KCNJ11,3,0.00377287889410494,0.236213991769547,0.0118493086632756,-1.37658078080162
ATL1,3,0,0.625,1.18454631423744e-17,-1.44131637001045
FGF17,3,0.0124148919620417,0.213859910581222,0.0045582999272223,-1.71271662727727
CNTNAP2,3,5.73065902578797e-05,0.143213572854291,5.02281213547942e-07,-2.07733825446098
S100A10,3,0.00468822486014463,0.213066072754269,0.0104583551538383,2.37591967700078
TREM2,3,0.00468276708964388,0.172787477423239,0.000321298332822178,1.62973427674253
TNFRSF25,3,0.00933278755628326,0.20456165359943,0.0045457244727463,-1.47661248082501
FKBP1B,3,0.00298067999739041,0.231265108783239,0.000940318926032855,-1.22064745192653
PPP2R3B,3,0,0.190951430472389,0.000290256250014232,1.6241606166452
CACNB1,3,0.000577931675338432,0.197522367515485,0.000167673008303442,-1.08748677822099
TGFB1I1,3,0.000147359803520262,0.190444591904446,0.00130275694380573,1.75064305373754
SEC61G,3,0,0.200839748075577,0.000676443682722112,3.17252768860932
E2F5,3,0,0.242194092827004,0.0419732227901412,1.14133380429049
KPNA2,3,0.00337817569797227,0.246351931330472,0.031206273777204,1.20422191878805
SPTBN4,3,0.00468276708964388,0.165991902834008,6.33604685307451e-06,-1.56853036186838
MARCKS,3,0.00933278755628326,0.222653219550039,0.00167849520633212,1.1916270644523
VIM,3,0.0246681475346701,0.252863436123348,0.0528186597552755,2.33650198632431
IGFBP3,3,0.00521814366104174,0.245508982035928,0.0532125669003986,1.94521253107888
KIF3A,3,0.00933278755628326,0.185640362225097,5.35146666792282e-05,-1.38029505505766
SEPTIN5,3,0.00828360086294443,0.180163214061519,4.92696066159954e-05,-1.5376050763271
CACNB4,3,0.00438677734423562,0.226162332545311,0.000788424296037948,-1.76671121389923
REEP5,3,0,0.625,3.60865088110795e-18,-1.05977411575924
ANXA1,3,0.00269618879108937,0.248269896193772,0.0605007279172363,2.18364882874574
NDUFS1,3,0.00087061185505721,0.180503144654088,3.07382705030136e-05,-1.00229311956942
MICU1,3,0.00903898407500536,0.208424110384895,0.000166755738745883,-1.04026891529828
HOMER3,3,0.000361423935862307,0.211808118081181,0.000187463600999315,1.02254427489761
SCN1B,3,0.0385459079511937,0.234477124183007,0.00091239641804286,-1.97615852567129
BCL11A,3,0.00279972637699239,0.217259651778955,0.052264070273525,-1.75694741224285
NTN1,2,0.00468276708964388,0.228867623604466,0.00788321052740333,1.82891435855754
LGALS1,2,0.00468276708964388,0.202255109231853,0.00362952127006106,1.23994422870619
ZC3HAV1,2,0,0.195904436860068,0.00388870890494922,1.35674573126
SOX9,2,0.00347617748149881,0.227056962025316,0.00101287581179369,1.49963342091524
NT5C,2,0.00468276708964388,0.177269919703521,0.00162888068677761,1.77128736099479
GADD45G,2,0.00468276708964388,0.241582491582492,0.0521832009702242,1.80445933043602
LAMC1,2,0.00470732705689726,0.195770804911323,0.00058791045141831,1.97353628139373
SORL1,2,0,0.172683513838749,0.000319891547677236,-1.02278637022971
SNCAIP,2,0.00372672163421242,0.171548117154812,8.96040335370171e-06,1.30641235883286
TRAF4,2,0,0.189313984168865,0.000754735743400112,1.60189840936492
PITPNM3,2,0.00468276708964388,0.187950229207597,0.00058825501924307,-1.3762725257399
GNAO1,2,0,0.196440793976728,0.000108072603182228,-1.19992932667834
CDKN2C,2,0,0.24178601516428,0.0627368248593588,2.18977041449022
TEP1,2,1.63733115022513e-05,1,0,1.11713520173329
LCAT,2,0,0.172579675285628,0.000319788266383336,1.22628863292054
GLRB,2,0.00468276708964388,0.137914464199904,2.75891394748025e-07,-1.39470542396264
KIF3C,2,0,0.156744948115784,3.92886151616714e-06,-1.21553786703724
TCIRG1,2,1.63733115022513e-05,1,0,1.44817882040616
ZFP36L2,2,0,1,0,1.64154432235909
PLOD2,2,0.0409660253786328,0.201121233356692,0.00151407364306282,1.98809113562379
RHOC,2,1.63733115022513e-05,1,0,1.44745192796008
UBE2L6,2,0.00468276708964388,0.19603825136612,0.00363976636195801,1.03733804381156
GABRB1,2,0,0.189064558629776,5.81687723596349e-05,-1.41949050711906
HSPA4L,2,0,0.176289926289926,0.000339607272706569,-1.06187461181859
LDB2,2,0.00468276708964388,0.195238095238095,0.00358593388170314,-2.02163385988012
TBL2,2,0.0276054031927957,0.145611364789447,7.18350260399349e-06,1.05227128104666
SH3PXD2B,2,0,0.228685258964143,0.00849278796378568,1.87558047533421
TUBB6,2,1.63733115022513e-05,1,0,2.80529107604788
BASP1,2,0.00468276708964388,0.182453909726637,0.000115340564893251,-1.34843383526708
MICU3,2,0,0.173309178743961,1.2387095347916e-05,-1.5881213071588
ATP13A2,2,0.00179789356048054,0.171445639187575,1.00276540275317e-05,-1.09322283823377
SHMT2,2,0.00468276708964388,0.177269919703521,0.00162888068677762,1.66173289660651
PDE2A,2,0.00468276708964388,0.199721642310369,0.000176651307393405,-1.75254107060298
EPB41L1,2,0.00468276708964388,0.178371659415786,1.61682094207975e-05,-1.42948502827955
ZFP36L1,2,0,1,0,1.28574457727038
EVC2,2,0.00468276708964388,0.185400516795866,5.32262232716349e-05,2.67708137213061
TSPOAP1,2,0,0.150577124868835,3.89597601121868e-06,-1.18136105493401
KIFAP3,2,0,0.156744948115784,3.92886151616061e-06,-1.04337152574217
CALD1,2,0.0017442618781137,0.222308288148722,0.00155635843787513,1.4691184134328
SV2A,2,0.00280482622848566,0.179937304075235,5.14169914808379e-05,-1.05151004220512
UBQLN1,2,0.00468276708964388,0.188815789473684,5.44273343721347e-05,-1.00812342223734
CAMKK1,2,0,0.221964423820572,0.00167060646549571,-1.29883516842933
SOX6,2,0.00145384017150733,0.204707560627675,0.00364388730548909,1.24120213178756
CDCA7L,2,0.00212005853737339,0.242398648648649,0.0216413835011552,2.06345937334611
NDRG1,2,0,0.25625,0.0728435848226404,1.5287110329332
COX6C,2,0.00728552425841401,0.213859910581222,0.00505348368426151,-1.14518668686849
DPF3,2,0,0.209031318281136,0.052030800416003,1.36853785001415
TNFRSF19,2,6.54932460090053e-05,0.625,0,1.38792592621069
RFK,2,5.73065902578797e-05,0.204707560627675,0.0048698967145211,-1.05676056212131
RIMS2,2,0,0.150577124868835,3.89597601121938e-06,-1.17154524890663
POFUT1,2,0.0230863692181744,0.127725856697819,4.93648238305773e-07,1.26627166569014
APBB1,2,0.00468276708964388,0.197658402203857,0.00481135338258172,-1.02694751140574
KHNYN,2,0,0.195904436860068,0.00388870890494923,1.11972186730098
DMTN,2,1.63733115022513e-05,1,0,-1.70833002310636
DBI,2,0,0.172579675285628,0.000319788266383338,1.2690233825815
CALB1,2,0,0.195770804911323,0.000679751198739867,-4.73475469425426
MYH11,2,0.000226029666881079,0.200279134682484,0.000515134245792685,-2.17575628399849
CDKN2D,2,0,0.209031318281136,0.0210687309757395,-1.35112960943214
SV2B,2,0.00200035085667505,0.173939393939394,4.37269273937055e-05,-1.94335203555834
ARHGEF9,2,0.00933278755628326,0.159710628825821,4.01491343497593e-06,-1.16953671746124
CNTN1,2,1.91021967526265e-05,0.143142144638404,4.95887388246286e-07,-1.86354843165323
LMO3,2,0.00933278755628326,0.241989881956155,0.0521843536680546,-1.8062680652499
XAF1,2,0.00468276708964388,0.241582491582492,0.0521832009702242,1.78209569052816
MAPKAPK2,2,0,1,0,1.05589060622042
ATP2B1,2,0.00468276708964388,0.225274725274725,0.000767240492795851,-2.14258296515698
C4A,2,0.00468276708964388,0.170124481327801,0.000312366950204976,1.68147649307255
DNAJA4,2,0,0.176289926289926,0.000339607272706573,-1.2276767646471
DGKB,2,0,0.179824561403509,8.62819665875895e-05,-2.52010208802123
SHC3,2,0,0.233333333333333,0.0120534142256463,-1.03564409291636
ABCC8,2,0.0042462200648691,0.233143785540211,0.0015740872347222,-1.80239234027316
FGF14,2,0.00971175669279923,0.199167244968772,0.00031761070223407,-1.16798550369275
FOXP1,2,0.00468276708964388,0.241582491582492,0.0210027406015406,-1.72949203406053
RELT,1,0,0.416666666666667,0,1.24950773620874
TNS1,1,0,0.228503184713376,0.00784633363177471,1.49354235692764
DLL3,1,0,0.102098897189612,2.33115145318554e-09,3.43278313317087
STX1B,1,0,0.15041928721174,3.6110423823471e-06,-1.70945210130303
PARD6A,1,0,1,0,-1.32786313217333
SCG3,1,0,1,0,-1.05666979880274
GDAP1,1,0,1,0,-1.40444119615717
CD82,1,0,0.165132336018412,0.000329073469881984,1.34143659017177
PCDHB7,1,0,1,0,1.20482913433685
LTF,1,0,0.172475961538462,0.000297916284411029,4.06500775493476
IGFBP5,1,0,0.197250859106529,0.00363948407835419,2.29967226238731
DUSP4,1,0,0.213066072754269,0.00457930487271294,2.71549035125725
KALRN,1,0,1,0,-1.36897985259767
CHPF,1,0,1,0,1.20718979894522
NR1D1,1,0,1,0,-1.25334342252278
TUBA4A,1,0,0.666666666666667,0,-2.02712178480072
YWHAH,1,0,1,0,-1.45694156287123
TMOD2,1,0,0.666666666666667,0,-1.27332190005207
LIPG,1,0,0.152659574468085,5.92900755913019e-06,1.38025285416255
NUAK1,1,0,0.241176470588235,0.0519390930082387,-1.65137168541283
NLRC5,1,0,0.195770804911323,0.00362273988730332,2.07163063818352
ATP6V0A1,1,0,0.666666666666667,0,-1.00041753799043
TNC,1,0,0.189313984168865,0.000584919739537374,4.73272583346946
CLSTN3,1,0,0.152254641909814,1.56335428754935e-06,-1.53265751840026
CBFA2T3,1,0,0.163439635535308,0.0002452606598159,-1.91381502039307
CTDSP1,1,0,0.177929324240546,0.00221041202632963,1.2953501030999
STAR,1,0,0.224921630094044,0.000763651416051472,-1.70545899920717
BTN3A1,1,0,1,0,1.75160838633095
NPTN,1,0,0.183974358974359,5.24755658381494e-05,-1.40529740554992
MASP1,1,0,0.1454637607704,2.1364399578821e-05,1.71290660483538
MAP1A,1,0,0.188567674113009,5.417272857137e-05,-1.14740044316034
MAPRE2,1,0,0.212121212121212,0.0107869543551011,-1.14411588688604
RND1,1,0,0.571428571428571,8.41446308425022e-19,-1.47318296012426
PMP22,1,0,1,0,1.42389662251136
CTSF,1,0,0.188567674113009,5.41727285713737e-05,-1.45381290537823
F2R,1,0,0.228503184713376,0.0078463336317747,1.99840211316692
PELI3,1,0,1,0,-1.25166536852071
SAMD9L,1,0,0.194708276797829,0.00356908039118228,1.60070180030052
PAXBP1,1,0,0.154967602591793,4.43705520066469e-06,1.22760032748644
INPP5J,1,0,0.152822151224707,5.95700481941898e-06,-1.07836709219714
EIF4EBP1,1,0,1,0,2.72308738457117
CASKIN1,1,0,0.152254641909814,1.56335428754478e-06,-2.0734322157384
DUSP19,1,0,0.213066072754269,0.00457930487271294,-1.18615743387092
CAVIN1,1,0,0.175750153092468,0.000715301277222971,1.88643464122041
ATP2B2,1,0,0.224921630094044,0.000763651416051456,-2.49696235714935
NRP2,1,0,0.571428571428571,5.74448501248442e-18,1.45122643981681
LRRTM3,1,0,0.152254641909814,1.56335428754585e-06,-1.29580499336666
OPN3,1,0,1,0,-1.45719686442446
TSPYL1,1,0,1,0,-1.44796787700333
SLC39A1,1,0,0.125382262996942,3.24667177434713e-08,1.16102519612076
OAT,1,0,1,0,-1.09394689324178
KCNC4,1,0,0.125382262996942,3.24667177387918e-08,-1.60417230268083
NAP1L3,1,0,1,0,-1.6853351727164
FNDC5,1,0,1,0,-1.16716946906824
FSCN1,1,0,0.666666666666667,0,1.33463437156524
NCALD,1,0,0.221279876638396,0.00152112572885573,-1.97944275738034
CBX6,1,0,0.201686577652846,0.0571568203168407,-1.23970904750446
SEPTIN9,1,0,0.152740819584886,3.36980452683975e-06,1.85479368960113
SATB1,1,0,0.194708276797829,0.00143648661347584,-1.28816260902676
CCPG1,1,0,0.188567674113009,5.41727285713725e-05,-1.16896139972732
FGF12,1,0,0.190951430472389,0.000149480736639984,-1.57361601327824
IL32,1,0,0.189313984168865,0.000584919739537372,1.49537950007215
MYCBP2,1,0,0.241176470588235,0.0209044918144017,-1.49970076682487
IL17RC,1,0,0.202112676056338,0.00419486378685677,1.205784303325
TNIP2,1,0,0.202112676056338,0.00419486378685676,1.25787361453076
SLIT2,1,0,0.186363636363636,0.000539173749210418,-2.76406374880424
EMP3,1,0,0.168328445747801,0.000248241827896782,2.60498548946967
FZD7,1,0,1,0,1.76702969548323
SCG5,1,0,1,0,-1.14262575454193
RAB6B,1,0,1,0,-1.26510916721523
PPFIA3,1,0,0.150498164656529,3.62950995840803e-06,-1.56447039241897
RPH3A,1,0,0.150498164656529,3.62950995840571e-06,-1.98885570881687
SYT5,1,0,0.15041928721174,3.61104238234722e-06,-2.18723719152383
SLC6A1,1,0,0.15041928721174,3.61104238234025e-06,-1.75987450850811
WDR17,1,0,0.173100120627262,0.000149774449624403,-1.885847884882
MCC,1,0,0.173100120627262,0.000149774449624407,1.03674204412268
PCDHB16,1,0,1,0,1.3259315554471
ARHGAP31,1,0,1,0,1.13957822693899
CHSY3,1,0,1,0,-1.07313253885739
NT5C3A,1,0,0.150656167979003,0.000111407617981711,1.16579446149402
TEF,1,0,1,0,-1.3100386216692
WWTR1,1,0,1,0,2.36615512945861
BOC,1,0,0.185161290322581,5.2977236152312e-05,1.95556725645018
CYP46A1,1,0,0.172475961538462,0.00029791628441103,-1.90436091635495
LRP10,1,0,0.172475961538462,0.000297916284411026,1.26018081468257
AFAP1L1,1,0,0.194708276797829,0.00356908039118228,1.70096262443868
GPX7,1,0,0.211340206185567,0.00547990412027813,1.2918823190685
FABP7,1,0,0.183856502242152,0.000631324919139973,2.22209543197016
TGIF1,1,0,0.190444591904446,0.000408686801423751,2.24330355003588
NEURL1,1,0,0.0927901713546718,1.60945337508764e-10,-1.71405818625178
HEY2,1,0,0.0927901713546718,1.60945335395896e-10,1.36127401891812
PREX1,1,0,0.188815789473684,5.78121639822003e-05,1.23321878501652
RGS7BP,1,0,0.188815789473684,5.78121639822031e-05,-2.63819044026277
SEMA4A,1,0,0.158301158301158,4.023381883746e-05,-1.00848074295549
LSM11,1,0,0.666666666666667,0,-1.15965599385406
MVP,1,0,0.666666666666667,0,1.61317082434761
GLRA3,1,0,0.121250528094635,1.88696467236444e-08,-2.71424471763295
SNX10,1,0,0.666666666666667,9.4268262744066e-19,-1.53949352414277
HERC1,1,0,0.241176470588235,0.0519390930082387,-1.04959175813545
NUPR1,1,0,0.241176470588235,0.0519390930082387,1.15938264061479
PLK2,1,0,0.241176470588235,0.0519390930082387,-1.37140421973984
MYO9B,1,0,0.666666666666667,0,1.09613897187248
DIAPH3,1,0,0.666666666666667,0,2.55554038257587
RNF213,1,0,0.164,0.000248942542991208,1.23538119476551
BTN3A2,1,0,1,0,2.10399641467506
GTF2IRD2B,1,0,0.188815789473684,0.000665633423569897,1.18278395419009
PDE7B,1,0,0.199444058373871,0.000175824949680055,-1.86166702412319
NCAPG2,1,0,0.175,0.00072170303352747,2.28011400843572
DDX11,1,0,0.151531151003168,0.000212884200564653,2.28502186039197
RNGTT,1,0,1,0,-1.13768302627289
SERPINH1,1,0,0.144730206757438,7.1497394347198e-06,2.32569012246288
TUBA8,1,0,0.666666666666667,0,-2.5390216890816
CDH18,1,0,0.154384077461001,7.88874083641448e-06,-1.75085312564078
IRAK1,1,0,1,0,1.28999285876062
EPHB6,1,0,0.171445639187575,0.000291839706194276,-2.3367480440723
EPHA6,1,0,0.171445639187575,0.000291839706194279,-2.56368193969604
EPHA5,1,0,0.171445639187575,0.000291839706194284,-1.62747395685416
MTHFD2,1,0,0.150656167979003,0.000111407617981701,1.67637645759562
ADRB1,1,0,0.168724279835391,1.60547593869605e-05,-1.59040880271502
GUCY1B1,1,0,0.166569936157864,1.20821012427772e-05,-1.83789995042594
EPB41L3,1,0,0.151451187335092,1.10582789348038e-06,-1.46849743011561
EIF4E3,1,0,1,0,-1.31291399714216
NSG1,1,0,0.156488549618321,3.64041810857461e-06,-1.38504647133575
HNRNPF,1,0,0.197386519944979,0.00478884633727258,1.67724890982208
KMO,1,0,1,0,-1.90142431557394
FHL1,1,0,0.152822151224707,5.95700481942091e-06,-1.22846737340863
TSPYL2,1,0,1,0,-1.31252577492074
PYCR1,1,0,1,0,1.24475143934867
SEMA6B,1,0,0.571428571428571,5.14885871431869e-19,-1.19793374599708
SEMA5A,1,0,0.571428571428571,2.12281305066092e-18,1.56753768284461
GSKIP,1,0,0.224921630094044,0.000763651416051471,-1.39731008355391
NAP1L2,1,0,1,0,-1.30921395192405
CD200,1,0,0.147406266050334,2.19752632662271e-05,-1.29949965363601
METRN,1,0,1,0,1.1207895793076
HERC3,1,0,0.158914728682171,3.7225683407667e-06,-1.13622085362509
USP27X,1,0,0.211495946941783,0.00480950992413326,-1.20107571077958
MAP2K4,1,0,0.213066072754269,0.00457930487271295,-1.31544821869705
NECAP1,1,0,0.154967602591793,4.4370552006674e-06,-1.18986466752753
LPP,1,0,0.206326383896477,0.00502931781607288,1.33385000223055
SPTB,1,0,0.1424317617866,4.33355182522895e-07,-1.84835814855665
