Symbol,Module,Degree,Log2FC
TP53,1,40,1.79657269344743
MYC,1,23,2.3321940013985
CDK4,1,9,1.80556435190259
CDK2,1,8,1.85051506791822
ANXA5,1,6,1.70934226388522
PXDN,1,5,1.98665158412826
BLM,1,5,1.48606620165775
BCL2L11,1,5,1.07997211904208
HMGA2,1,4,2.066961939831
RFC2,1,3,1.12584641024681
BAX,1,3,1.06601358327761
S100A10,1,3,2.37591967700078
E2F5,1,3,1.14133380429049
ANXA1,1,3,2.18364882874574
GADD45G,1,2,1.80445933043602
CDKN2C,1,2,2.18977041449022
LDB2,1,2,-2.02163385988012
CDCA7L,1,2,2.06345937334611
NDRG1,1,2,1.5287110329332
COX6C,1,2,-1.14518668686849
CDKN2D,1,2,-1.35112960943214
LMO3,1,2,-1.8062680652499
XAF1,1,2,1.78209569052816
FOXP1,1,2,-1.72949203406053
NUAK1,1,1,-1.65137168541283
CBFA2T3,1,1,-1.91381502039307
SAMD9L,1,1,1.60070180030052
CAVIN1,1,1,1.88643464122041
SATB1,1,1,-1.28816260902676
MYCBP2,1,1,-1.49970076682487
AFAP1L1,1,1,1.70096262443868
GPX7,1,1,1.2918823190685
HERC1,1,1,-1.04959175813545
NUPR1,1,1,1.15938264061479
PLK2,1,1,-1.37140421973984
USP27X,1,1,-1.20107571077958
LPP,1,1,1.33385000223055
RTN4,2,4,-1.10260188486314
RTN1,2,3,-1.71802236924046
ATL1,2,3,-1.44131637001045
REEP5,2,3,-1.05977411575924
TNFRSF19,2,2,1.38792592621069
RELT,2,1,1.24950773620874
SRC,3,21,-1.1492041324562
TNFRSF1A,3,7,1.17046785067176
MMP2,3,6,3.24482493595966
BYSL,3,6,1.53592933208808
NCF1,3,6,1.56609194510357
ERBB4,3,6,-1.35498314064148
RACK1,3,6,1.02254523435206
ITGB3,3,5,2.11229314534382
CYBA,3,4,1.40386359461172
EFNA5,3,4,-1.69178010807344
RPS2,3,4,1.17161887231574
RPS9,3,4,2.09950448960627
PTK2B,3,4,-1.17738334494168
MMP14,3,3,2.45084929181175
TNFRSF12A,3,3,3.2887215687056
FGF17,3,3,-1.71271662727727
TNFRSF25,3,3,-1.47661248082501
TGFB1I1,3,3,1.75064305373754
SEC61G,3,3,3.17252768860932
IGFBP3,3,3,1.94521253107888
NTN1,3,2,1.82891435855754
LAMC1,3,2,1.97353628139373
TRAF4,3,2,1.60189840936492
PITPNM3,3,2,-1.3762725257399
SH3PXD2B,3,2,1.87558047533421
SV2A,3,2,-1.05151004220512
RFK,3,2,-1.05676056212131
SV2B,3,2,-1.94335203555834
C4A,3,2,1.68147649307255
SHC3,3,2,-1.03564409291636
FGF14,3,2,-1.16798550369275
TNS1,3,1,1.49354235692764
IGFBP5,3,1,2.29967226238731
TNC,3,1,4.73272583346946
MASP1,3,1,1.71290660483538
F2R,3,1,1.99840211316692
IL32,3,1,1.49537950007215
IL17RC,3,1,1.205784303325
TNIP2,3,1,1.25787361453076
SLIT2,3,1,-2.76406374880424
WDR17,3,1,-1.885847884882
MCC,3,1,1.03674204412268
SEMA4A,3,1,-1.00848074295549
GTF2IRD2B,3,1,1.18278395419009
EPHB6,3,1,-2.3367480440723
EPHA6,3,1,-2.56368193969604
EPHA5,3,1,-1.62747395685416
BIRC5,4,14,1.83705095689305
AURKB,4,14,2.45839171160792
CDCA5,4,8,1.29150103150638
CDCA3,4,8,1.85880411503598
TRIP13,4,6,1.72452623497612
PRC1,4,6,1.76541466105429
TK1,4,6,2.37276145568867
TROAP,4,4,2.52248460167388
WEE1,4,4,3.99595886475846
UHRF1,4,4,2.98822603655034
SHCBP1,4,3,1.38323616043495
ESCO2,4,3,1.83957903650733
HASPIN,4,3,2.93917048308321
KCNJ11,4,3,-1.37658078080162
KPNA2,4,3,1.20422191878805
NT5C,4,2,1.77128736099479
SHMT2,4,2,1.66173289660651
CTDSP1,4,1,1.2953501030999
MAPRE2,4,1,-1.14411588688604
NT5C3A,4,1,1.16579446149402
NCAPG2,4,1,2.28011400843572
DDX11,4,1,2.28502186039197
MTHFD2,4,1,1.67637645759562
LFNG,5,3,2.74396013526964
LOX,5,3,3.15940710979236
JAG1,5,3,1.54200622686075
FKBP10,5,3,1.8064585430572
PLOD2,5,2,1.98809113562379
TBL2,5,2,1.05227128104666
POFUT1,5,2,1.26627166569014
DLL3,5,1,3.43278313317087
NEURL1,5,1,-1.71405818625178
HEY2,5,1,1.36127401891812
SERPINH1,5,1,2.32569012246288
SYP,6,7,-1.94267940639163
RAB3A,6,6,-2.39497381035417
STX1A,6,5,-1.44238429093824
GFAP,6,5,1.63415529731754
VIM,6,3,2.33650198632431
SEPTIN5,6,3,-1.5376050763271
LGALS1,6,2,1.23994422870619
SNCAIP,6,2,1.30641235883286
TSPOAP1,6,2,-1.18136105493401
RIMS2,6,2,-1.17154524890663
CALB1,6,2,-4.73475469425426
STX1B,6,1,-1.70945210130303
SEPTIN9,6,1,1.85479368960113
EMP3,6,1,2.60498548946967
PPFIA3,6,1,-1.56447039241897
RPH3A,6,1,-1.98885570881687
SYT5,6,1,-2.18723719152383
SLC6A1,6,1,-1.75987450850811
FABP7,6,1,2.22209543197016
PARD6A,7,1,-1.32786313217333
FZD7,7,1,1.76702969548323
SCG3,8,1,-1.05666979880274
SCG5,8,1,-1.14262575454193
GDAP1,9,1,-1.40444119615717
RAB6B,9,1,-1.26510916721523
PTBP1,10,4,1.38384900162766
APBB1,10,2,-1.02694751140574
CD82,10,1,1.34143659017177
HNRNPF,10,1,1.67724890982208
PCDHB7,11,1,1.20482913433685
PCDHB16,11,1,1.3259315554471
APOE,12,8,1.14653239119949
TREM2,12,3,1.62973427674253
SORL1,12,2,-1.02278637022971
LCAT,12,2,1.22628863292054
DBI,12,2,1.2690233825815
LTF,12,1,4.06500775493476
CYP46A1,12,1,-1.90436091635495
LRP10,12,1,1.26018081468257
CD200,12,1,-1.29949965363601
PRKACB,13,19,-1.35990657419623
PLCB1,13,14,-1.80862575975813
CALM1,13,11,-1.16282632105645
PLCB4,13,9,-1.86163476692281
CAMK2B,13,9,-1.98653680040988
PPP3CA,13,8,-1.5244485585582
CALM2,13,8,-1.14701705156597
ADCY1,13,7,-1.71064334573072
ITPR1,13,7,-1.08365544673572
GNB5,13,6,-1.34158977456989
HOMER1,13,6,-2.16212388377184
PPP3CB,13,6,-2.0529645955995
SYNJ1,13,6,-1.57255632494444
PPP3R1,13,5,-1.66892130146113
CACNG4,13,5,2.24102943357914
NRXN1,13,5,-1.060036212248
PIP5K1B,13,4,-3.92238656737795
GRIA2,13,4,-1.232775177166
DLGAP1,13,4,-1.98016387278128
INPP5A,13,4,-1.02630081705642
AKAP5,13,4,-1.7417704257273
INPP5F,13,4,-1.23543848619268
DGKG,13,3,1.14902313647218
CACNB3,13,3,-1.61741966524817
GNAL,13,3,-2.16127180093796
PDE4D,13,3,-1.06715737979179
FKBP1B,13,3,-1.22064745192653
PPP2R3B,13,3,1.6241606166452
CACNB1,13,3,-1.08748677822099
MARCKS,13,3,1.1916270644523
CACNB4,13,3,-1.76671121389923
HOMER3,13,3,1.02254427489761
BCL11A,13,3,-1.75694741224285
SOX9,13,2,1.49963342091524
GNAO1,13,2,-1.19992932667834
BASP1,13,2,-1.34843383526708
PDE2A,13,2,-1.75254107060298
EPB41L1,13,2,-1.42948502827955
CAMKK1,13,2,-1.29883516842933
SOX6,13,2,1.24120213178756
DPF3,13,2,1.36853785001415
ATP2B1,13,2,-2.14258296515698
DGKB,13,2,-2.52010208802123
ABCC8,13,2,-1.80239234027316
LIPG,13,1,1.38025285416255
CLSTN3,13,1,-1.53265751840026
STAR,13,1,-1.70545899920717
NPTN,13,1,-1.40529740554992
PAXBP1,13,1,1.22760032748644
INPP5J,13,1,-1.07836709219714
CASKIN1,13,1,-2.0734322157384
ATP2B2,13,1,-2.49696235714935
LRRTM3,13,1,-1.29580499336666
NCALD,13,1,-1.97944275738034
FGF12,13,1,-1.57361601327824
PREX1,13,1,1.23321878501652
RGS7BP,13,1,-2.63819044026277
PDE7B,13,1,-1.86166702412319
CDH18,13,1,-1.75085312564078
ADRB1,13,1,-1.59040880271502
GUCY1B1,13,1,-1.83789995042594
EPB41L3,13,1,-1.46849743011561
FHL1,13,1,-1.22846737340863
GSKIP,13,1,-1.39731008355391
NECAP1,13,1,-1.18986466752753
MAPK9,14,7,-1.1787338726871
SP1,14,6,1.19359638028886
RARA,14,3,1.06565278198191
HSPA6,14,3,3.03647314735343
HSPA4L,14,2,-1.06187461181859
CALD1,14,2,1.4691184134328
MYH11,14,2,-2.17575628399849
DNAJA4,14,2,-1.2276767646471
DUSP4,14,1,2.71549035125725
DUSP19,14,1,-1.18615743387092
TGIF1,14,1,2.24330355003588
MAP2K4,14,1,-1.31544821869705
KALRN,15,1,-1.36897985259767
ARHGAP31,15,1,1.13957822693899
TRIM25,16,5,1.03143133020448
ZC3HAV1,16,2,1.35674573126
UBE2L6,16,2,1.03733804381156
KHNYN,16,2,1.11972186730098
NLRC5,16,1,2.07163063818352
RNF213,16,1,1.23538119476551
CHPF,17,1,1.20718979894522
CHSY3,17,1,-1.07313253885739
NR1D1,18,1,-1.25334342252278
TEF,18,1,-1.3100386216692
TUBB6,19,2,2.80529107604788
TUBA4A,19,1,-2.02712178480072
TUBA8,19,1,-2.5390216890816
YWHAH,20,1,-1.45694156287123
WWTR1,20,1,2.36615512945861
SMO,21,4,1.74203947444835
KIF3A,21,3,-1.38029505505766
KIF3C,21,2,-1.21553786703724
EVC2,21,2,2.67708137213061
KIFAP3,21,2,-1.04337152574217
BOC,21,1,1.95556725645018
NSG1,21,1,-1.38504647133575
DMTN,22,2,-1.70833002310636
TMOD2,22,1,-1.27332190005207
FSCN1,22,1,1.33463437156524
TEP1,23,2,1.11713520173329
LSM11,23,1,-1.15965599385406
MVP,23,1,1.61317082434761
GABARAPL1,24,8,-1.41528750994857
PINK1,24,5,-1.13602490395234
NDUFB8,24,3,-1.03295110061824
SLC25A23,24,3,-1.20055049319393
GABRB3,24,3,-2.37967514422179
NDUFS1,24,3,-1.00229311956942
MICU1,24,3,-1.04026891529828
GLRB,24,2,-1.39470542396264
GABRB1,24,2,-1.41949050711906
MICU3,24,2,-1.5881213071588
ATP13A2,24,2,-1.09322283823377
UBQLN1,24,2,-1.00812342223734
ARHGEF9,24,2,-1.16953671746124
MAP1A,24,1,-1.14740044316034
CTSF,24,1,-1.45381290537823
CCPG1,24,1,-1.16896139972732
GLRA3,24,1,-2.71424471763295
HERC3,24,1,-1.13622085362509
SCN8A,25,5,-1.49470199406934
CNTNAP1,25,4,-1.37221958609099
KCNAB2,25,4,-1.73601918818388
KCNA2,25,4,-1.90778460617388
CNTNAP2,25,3,-2.07733825446098
SPTBN4,25,3,-1.56853036186838
SCN1B,25,3,-1.97615852567129
CNTN1,25,2,-1.86354843165323
SLC39A1,25,1,1.16102519612076
KCNC4,25,1,-1.60417230268083
SPTB,25,1,-1.84835814855665
TCIRG1,26,2,1.44817882040616
ATP6V0A1,26,1,-1.00041753799043
SNX10,26,1,-1.53949352414277
ZFP36L2,27,2,1.64154432235909
ZFP36L1,27,2,1.28574457727038
MAPKAPK2,27,2,1.05589060622042
RHOC,28,2,1.44745192796008
MYO9B,28,1,1.09613897187248
DIAPH3,28,1,2.55554038257587
BTN3A1,29,1,1.75160838633095
BTN3A2,29,1,2.10399641467506
H4C11,30,18,1.90306299804496
H4C2,30,18,1.25639765572141
H4C8,30,18,1.25567938820148
H4C1,30,17,2.08402418543912
H3C1,30,17,1.31389080252909
H2AC8,30,16,1.36176736647016
H2AC6,30,16,1.3720801593999
H2AX,30,16,1.76789789739345
H2BC4,30,15,1.50217159679261
H2BC7,30,15,2.20032526794694
ACTL6A,30,15,1.72332921392191
H2BC17,30,15,6.33016621254433
H2BC14,30,14,3.03449704085221
H2BC6,30,14,2.17341968533108
H2AC4,30,12,2.84706116241989
H2BC15,30,12,1.38097190308923
H2BC11,30,11,4.01966600556747
H1-2,30,8,1.36571354807783
CBX6,30,1,-1.23970904750446
PLXNA3,31,4,1.12213078401417
RND1,31,1,-1.47318296012426
NRP2,31,1,1.45122643981681
SEMA6B,31,1,-1.19793374599708
SEMA5A,31,1,1.56753768284461
PMP22,32,1,1.42389662251136
RNGTT,32,1,-1.13768302627289
PELI3,33,1,-1.25166536852071
IRAK1,33,1,1.28999285876062
EIF4EBP1,34,1,2.72308738457117
EIF4E3,34,1,-1.31291399714216
OPN3,35,1,-1.45719686442446
KMO,35,1,-1.90142431557394
TSPYL1,36,1,-1.44796787700333
TSPYL2,36,1,-1.31252577492074
OAT,37,1,-1.09394689324178
PYCR1,37,1,1.24475143934867
NAP1L3,38,1,-1.6853351727164
NAP1L2,38,1,-1.30921395192405
FNDC5,39,1,-1.16716946906824
METRN,39,1,1.1207895793076
