Symbol,pooled_log2FC
DNAAF11,-2.00415427098026
MAP2K4,-1.31544821869705
TMT1B,3.45714437142921
TSPYL1,-1.44796787700333
TNS1,1.49354235692764
BTBD10,-1.72527800822112
GNAL,-2.16127180093796
MYCBP2,-1.49970076682487
SMIM10L2A,-1.54909134981357
SCN8A,-1.49470199406934
RAB11FIP2,-1.29140649031692
TTC9,-1.42316442661161
PAK1,-1.68913747574553
STAU2,-1.22323941802197
AKAP5,-1.7417704257273
SEPTIN5,-1.5376050763271
EIF4EBP1,2.72308738457117
PPP3R1,-1.66892130146113
FBXL17,-1.40806795524435
CD200,-1.29949965363601
WDR17,-1.885847884882
CACNB3,-1.61741966524817
RNA5S1,4.36745966081635
PITPNM3,-1.3762725257399
TBCEL,-1.58541710360095
H2BC17,6.33016621254433
NPTN,-1.40529740554992
NCR3LG1,-1.3700807434266
ANKRD42,-1.55141401510166
SPTBN4,-1.56853036186838
RAB6B,-1.26510916721523
DOK6,-2.13725239382683
HERC1,-1.04959175813545
PAXBP1,1.22760032748644
SV2B,-1.94335203555834
OXR1,-1.54612425144573
SPOCD1,3.95323419151218
MMP14,2.45084929181175
FOXP1,-1.72949203406053
MRC2,3.24690660757765
R3HDM1,-1.68580981671361
FIBIN,2.11019605625771
GLRA3,-2.71424471763295
EPHA6,-2.56368193969604
VEGFA,3.984231941874
KCTD5,1.16309229456161
PRKACB,-1.35990657419623
H2BC11,4.01966600556747
FAM234B,-1.52684198175583
CRISPLD1,1.80509044405587
TSPYL4,-1.19562292877877
UBQLN1,-1.00812342223734
BTBD8,-1.85369244109154
EFR3A,-1.28577637834857
NAP1L3,-1.6853351727164
C3orf80,-2.48154698203627
MIR600HG,-1.43559305763414
ATP2B1,-2.14258296515698
SHC3,-1.03564409291636
GFOD1,-1.09542173445093
RAB37,-1.83309420420779
OIP5-AS1,-1.18491519300681
VIM,2.33650198632431
CISD1,-1.48993358449127
C17orf107,-2.18956221504142
DACH2,-1.73418544449432
SLC9B2,-1.01660270003346
ACTL6A,1.72332921392191
SERPINH1,2.32569012246288
PPFIA3,-1.56447039241897
MAPK9,-1.1787338726871
TMOD2,-1.27332190005207
YWHAH,-1.45694156287123
RAPGEFL1,-1.54289702995893
C15orf61,-1.2420785922962
REEP5,-1.05977411575924
CHL1,-1.52113265261517
SYT5,-2.18723719152383
ADCY1,-1.71064334573072
PLCB1,-1.80862575975813
PHF19,1.75713793569722
ICA1,-1.59388739735076
PNMA8B,-1.93277724329057
CBLN4,-3.56698779676658
PDPN,2.78763448961795
PPP3CA,-1.5244485585582
NCEH1,-1.56346918731062
OAT,-1.09394689324178
UHRF1,2.98822603655034
ADM,4.89452169737263
LFNG,2.74396013526964
PLEKHM3,-1.29517522384981
NLK,-1.89855567688259
FGF12,-1.57361601327824
TSPYL2,-1.31252577492074
RPS6KC1,-1.15394019763509
DUSP19,-1.18615743387092
PPM1L,-1.34100498754685
HAGH,-1.18571979747457
SEC61G,3.17252768860932
CNTNAP1,-1.37221958609099
SEMA5A,1.56753768284461
NEURL1,-1.71405818625178
KCNH4,-3.41420240556628
LINC00641,-1.06279054314856
KIFAP3,-1.04337152574217
LIMA1,2.01802372293861
ZFP36L2,1.64154432235909
KCNA2,-1.90778460617388
RBM3,1.02945497788199
ATP13A2,-1.09322283823377
FABP7,2.22209543197016
RELL2,-1.73388493023247
YPEL5,-1.40129860469538
VWA3A,-2.37275378717916
NT5C,1.77128736099479
FKBP10,1.8064585430572
HTR3B,-2.19559447618832
RUNDC3A,-2.00388799037076
UNK,1.09584246649961
CCDC148,-1.22744734715497
GABARAPL1,-1.41528750994857
CDKN2C,2.18977041449022
TLCD3B,-1.33149132437289
TUBB6,2.80529107604788
LYPD1,2.16655928454691
CAMKK1,-1.29883516842933
SCG3,-1.05666979880274
GARNL3,-1.25161431970135
RPS2,1.17161887231574
NCDN,-1.22683665192852
TUBA4A,-2.02712178480072
DDX11,2.28502186039197
KIF3A,-1.38029505505766
RAPGEF5,-1.15461767905089
CAMK1D,-1.20668197422809
NR3C2,-1.63725137765182
LINC00622,-1.99883790976005
ZNF789,1.38526359264459
CA10,-2.1547888114893
F2R,1.99840211316692
STARD4,-1.56277980238549
AASDHPPT,-1.10504662556532
FBN2,4.16171318578725
KCNC4,-1.60417230268083
BASP1,-1.34843383526708
YPEL4,-1.55418243244548
KIF3C,-1.21553786703724
SP1,1.19359638028886
TMEM70,-1.0598417277788
NHSL3,-1.67476735604962
NDRG4,-1.17048408519772
LSM11,-1.15965599385406
SLC46A3,-3.32843344202133
BTN3A1,1.75160838633095
NHS,-1.43106847693854
BEND6,-1.57587081276273
KIAA1549L,-1.58188408073208
EML6,-1.21860694427664
EPCIP,2.32867236907311
RTN4,-1.10260188486314
SERP2,-1.31273753996509
DHX40,1.10969431191359
ABCC8,-1.80239234027316
ZFYVE9,-1.05516716948291
SEMA6B,-1.19793374599708
PREX1,1.23321878501652
MMP2,3.24482493595966
TNFRSF12A,3.2887215687056
SOX6,1.24120213178756
TBX2,1.90977858291992
MT2A,2.02477023032998
RNPC3,-1.09147029921592
FAM135B,-1.36392903478726
TUBA8,-2.5390216890816
SLC25A16,-2.17507193793707
TTLL11,-1.12740985556165
EIF4E3,-1.31291399714216
CNGA3,2.31208133728216
TCEAL5,-1.2078376773134
CYP46A1,-1.90436091635495
RIMS2,-1.17154524890663
UBE2QL1,-1.4821161791472
CBX6,-1.23970904750446
FAM217B,-1.26980968024
RPS9,2.09950448960627
MFSD6,-1.12467104506236
DTNB,-1.128499838432
ANXA5,1.70934226388522
GSKIP,-1.39731008355391
TEF,-1.3100386216692
CALM2,-1.14701705156597
CDH8,-1.50115630159656
SHMT2,1.66173289660651
NMB,2.03547030033997
CDK2AP1,1.12027936010659
CDKN2D,-1.35112960943214
KPNA2,1.20422191878805
ARHGEF9,-1.16953671746124
CTDSP1,1.2953501030999
NTN1,1.82891435855754
SCAI,-1.6634906313733
CCPG1,-1.16896139972732
FAXC,-1.29303114002369
COTL1,1.02483082612697
JCAD,-1.64070758995019
SCN1B,-1.97615852567129
ADAM12,2.23849177463461
MAST2,1.17713617940066
RND1,-1.47318296012426
PCSK5,2.08963700094347
CDK5R2,-2.17423865534487
HS3ST3A1,4.41522100401251
DIAPH3,2.55554038257587
MIR4435-2HG,1.52563772919089
JAG1,1.54200622686075
NPIPA6,-1.15663174608313
GRAMD1B,-1.59183157566654
H2BC14,3.03449704085221
SLIT2,-2.76406374880424
RACK1,1.02254523435206
DUSP4,2.71549035125725
CNRIP1,-1.12028933707389
TP53,1.79657269344743
STX1B,-1.70945210130303
EXOC6,-1.46625173037063
ANKRD12,-1.01722041859327
PABPC1L,1.66936808779521
RNY4,2.84926028707459
TGIF1,2.24330355003588
DNAH11,2.7076789262716
NDRG1,1.5287110329332
TSPOAP1,-1.18136105493401
HAPLN4,-1.70746901720301
MAP1A,-1.14740044316034
KCTD1,-1.17168045448168
DIRAS2,-1.40444425119971
TNFRSF25,-1.47661248082501
C1orf115,-2.147297719955
NHSL2,-1.42392163307385
CALD1,1.4691184134328
DNAJA4,-1.2276767646471
ZNF395,1.78344031902576
ICAM5,-1.39416915384624
MAPKAPK2,1.05589060622042
SVOP,-2.31118211489655
MAS1,-1.94274713059236
PDE2A,-1.75254107060298
PTPRM,-1.52101804602726
PDE4D,-1.06715737979179
CAVIN1,1.88643464122041
PRRT1,-1.94797404854501
CASKIN1,-2.0734322157384
H2BC6,2.17341968533108
CLSTN3,-1.53265751840026
TMEM150C,-1.18716786582008
POFUT1,1.26627166569014
SLC35B2,1.02254432481089
SEPTIN9,1.85479368960113
SLC2A13,-1.2661572150261
ITGB3,2.11229314534382
PCDHGB2,2.53931937348517
PLOD2,1.98809113562379
EEF1AKMT3,2.11589449931001
EPHA5,-1.62747395685416
ATL1,-1.44131637001045
ATP5MJ,-1.15321317122965
WWTR1,2.36615512945861
HMGCLL1,-1.74566074794351
TUSC3,-1.53380087555171
ZNF677,1.02040143364338
PALS2,-1.11734486200992
R3HDM2,-1.19285706341148
CCDC92B,-1.0828124852516
KCNJ11,-1.37658078080162
RFC2,1.12584641024681
SLITRK5,-1.37654735110706
DSEL,1.35550726037524
ZNF25,-1.40799399865603
RAB20,1.87633601466363
ADGRG1,1.29747920593022
PDLIM5,1.03022533851139
H2AX,1.76789789739345
COA4,1.37408362035716
ARRDC3,1.36132283081814
STC2,3.04161212648637
NT5C3A,1.16579446149402
RTN1,-1.71802236924046
PCDHGC3,1.84422270854222
CARNMT1,-1.2585149240804
MYO9B,1.09613897187248
EML5,-1.53834009041592
MVP,1.61317082434761
RNF175,-1.53921829423666
NECTIN3,-1.25970095847683
INPP5F,-1.23543848619268
ST6GALNAC6,-1.01655790440505
GTF2IRD2B,1.18278395419009
MCTP1,-1.74557784959567
PPM1H,-1.84987076810416
TAGLN3,-1.39983160735207
TAGLN2,1.79327417298988
ITPR1,-1.08365544673572
ATP6V0A1,-1.00041753799043
SATB1,-1.28816260902676
CHST11,1.03693148154389
PCDHAC2,-1.74840323630072
PFKFB4,1.48376721960935
NDUFS1,-1.00229311956942
TNFAIP6,2.2555364733834
DMTN,-1.70833002310636
GRIPAP1,-1.62256635427296
CC2D1B,1.27380407529306
EPHB6,-2.3367480440723
FBXL19,-1.15379198046085
PDE7B,-1.86166702412319
WSCD1,1.92511643335291
USP27X,-1.20107571077958
RNU12,3.10860941132344
H4C1,2.08402418543912
BRSK1,-1.17391379560598
PRC1,1.76541466105429
SHOC2,-1.30243827530904
BTBD9,-1.24664345685623
CIBAR1,-1.092307146795
SNORA21,1.56999685166446
LOX,3.15940710979236
ANKRD24,-2.01750877202431
SCAMP5,-1.22657479028206
AHR,1.15847247192142
KALRN,-1.36897985259767
CALM1,-1.16282632105645
NEK6,1.59122678967914
HEY2,1.36127401891812
TK1,2.37276145568867
FRA10AC1,-1.22900728046884
CAMK2N1,-1.41854137388642
FAM162B,-2.38106532689472
FZD7,1.76702969548323
CCDC9B,1.74907152409741
KIAA0825,-1.23048541204351
CDCA7L,2.06345937334611
ZC3HAV1,1.35674573126
SEZ6L2,-1.80370223582665
PLCL2,-1.32135052189742
CCDC184,-1.61873476436223
STAR,-1.70545899920717
CHST14,1.57487810015213
SLC25A23,-1.20055049319393
NECAB2,-2.27697004200072
MYPOP,-1.50072656689411
ANP32B,1.16951638750894
APBB1,-1.02694751140574
FLRT2,-1.58120213201029
NPAS3,1.29768346466034
TMEM240,-1.20609450282671
GPR162,-1.57401258304683
C6orf132,-2.60842543437568
CTSF,-1.45381290537823
DHRS3,1.63687159185973
LPP,1.33385000223055
AURKB,2.45839171160792
SNORA47,1.55970129841835
KHNYN,1.11972186730098
TMED1,1.07389091636333
C1orf216,-1.07563697929145
CDK4,1.80556435190259
TRIP13,1.72452623497612
KCNAB2,-1.73601918818388
PTBP1,1.38384900162766
EPB41L1,-1.42948502827955
PLK2,-1.37140421973984
CYTOR,1.38949769633369
TRIM36,-1.10419303374432
NSG1,-1.38504647133575
KIRREL1,1.89668851929048
CFAP263,-1.02914955810914
SLC39A1,1.16102519612076
FSD1,-1.07358323884409
H4C8,1.25567938820148
DGKB,-2.52010208802123
NIBAN2,1.45622291348488
PNCK,-1.55072434525567
PPP1R18,1.5408727378621
TMEM130,-1.57389950590726
PELI3,-1.25166536852071
IGFBP3,1.94521253107888
WDR37,-1.0520249759
BTN3A2,2.10399641467506
NUAK1,-1.65137168541283
EMB,-1.83159652127238
PXDN,1.98665158412826
CACNB1,-1.08748677822099
XAF1,1.78209569052816
EMP3,2.60498548946967
HAUS8,1.51587321655617
MYC,2.3321940013985
LINC00887,-1.41614257711776
TGFB1I1,1.75064305373754
DENND2A,1.4584641232728
ATP2B2,-2.49696235714935
ZNF483,-1.12610187716811
OTUD7A,-1.00979864472466
MXRA8,2.03418156437781
NDUFB8,-1.03295110061824
H2AC6,1.3720801593999
CBFA2T3,-1.91381502039307
CIITA,1.57431850661004
SPATA13,1.39334466074632
SLC43A2,-1.58879021929578
MATN2,1.09416605269402
MAP4K2,-1.01625361580951
GNB5,-1.34158977456989
RGS7BP,-2.63819044026277
SH3PXD2B,1.87558047533421
LDB2,-2.02163385988012
H2AC4,2.84706116241989
PANK1,-1.64885365065492
FBXO41,-1.41128664959082
CCDC186,-1.21035887595034
TXNDC17,1.00440702776896
LRP10,1.26018081468257
PYGL,1.69884834266243
HSPA4L,-1.06187461181859
TRAF4,1.60189840936492
FRMD8,1.14018623468688
CCDC80,2.46619768563881
JPH1,-1.71986616904263
AVPI1,-1.98116548877232
PTTG1IP,1.16459366101282
NKAIN4,2.13160193511493
OPRD1,-1.11529711626244
NTN4,-1.92506157842095
LIMD1,1.64291795090063
EVC2,2.67708137213061
H2BC7,2.20032526794694
ZC3HAV1L,1.34450521784079
COX6C,-1.14518668686849
DLGAP1,-1.98016387278128
NLRC5,2.07163063818352
MMP19,2.27176611658043
TOX2,-2.0381862654796
LIPG,1.38025285416255
SPINT2,-1.68733450102858
TMEM140,1.68679691479337
SCG5,-1.14262575454193
CADPS2,-1.86102746167735
PINK1,-1.13602490395234
LTF,4.06500775493476
PRMT8,-1.74244720003198
C4A,1.68147649307255
HOMER3,1.02254427489761
FAM228A,-1.97926387407873
RFK,-1.05676056212131
GLRB,-1.39470542396264
POLG2,1.48539473769033
DBI,1.2690233825815
CAMK2B,-1.98653680040988
SYP,-1.94267940639163
SLC6A1,-1.75987450850811
RNF213,1.23538119476551
BCL2L11,1.07997211904208
FAM43B,-1.66730743852928
NRXN1,-1.060036212248
DLL3,3.43278313317087
C1QTNF1,2.21544549002657
SMIM3,1.69512120995023
RBM24,-1.20962466326881
LCAT,1.22628863292054
TSPAN12,2.47309520524237
RREB1,1.09699450856447
CREG2,-1.86121572502844
FKBP9,1.26815295703614
SPRYD3,-1.08064579261712
SLITRK3,-1.20736021859847
ZNF3,1.0797136563234
ZNF280B,-1.0308271874872
PRTG,1.50008573759103
RELT,1.24950773620874
DPF3,1.36853785001415
SOWAHC,1.12565036146348
HLA-E,1.11805275028523
SNORA84,1.32746431990745
PRRT2,-2.16051620151158
BLM,1.48606620165775
NRP2,1.45122643981681
DGKG,1.14902313647218
EFNA5,-1.69178010807344
MARCKS,1.1916270644523
VPS37B,1.04977338314364
CD82,1.34143659017177
GLB1L3,-1.69650888341294
SERTAD2,1.35768708162751
PLXNA3,1.12213078401417
FKBP1B,-1.22064745192653
ZFP36L1,1.28574457727038
MASP1,1.71290660483538
ZNF813,1.08773753739849
CDCA3,1.85880411503598
TAF4B,-1.08896273235333
TRIM37,-1.18215360095394
TRIM25,1.03143133020448
LGALS1,1.23994422870619
WEE1,3.99595886475846
SLC16A14,-1.38151768624851
TNC,4.73272583346946
PIEZO1,1.15062888098026
EPB41L3,-1.46849743011561
GRIA2,-1.232775177166
H2BC4,1.50217159679261
ELK3,1.61885226721636
FMC1,1.12797463310696
BCL11A,-1.75694741224285
AEN,1.82531056980539
GFRA2,-1.63125091243377
IRAK1,1.28999285876062
FRS3,-1.45367922544551
SLC15A3,1.39632435877038
FSCN1,1.33463437156524
HSPA6,3.03647314735343
SYNJ1,-1.57255632494444
CFAP74,-1.06285608185521
ANXA1,2.18364882874574
NCAPG2,2.28011400843572
GPX7,1.2918823190685
LGI2,-1.57607768515286
CNTN1,-1.86354843165323
SNORA28,1.46476708827737
EGR3,-1.37929898206747
PXDC1,1.25923586559156
PARD6A,-1.32786313217333
ENTREP2,-1.75515887001574
NCALD,-1.97944275738034
IPCEF1,-3.03505477671975
SNURF,-1.6121726695716
CAB39L,-1.45903573538165
GABRB3,-2.37967514422179
SEMA4A,-1.00848074295549
FAIM2,-1.57332477989399
ZNF765,1.24114245423447
SHE,-1.26628853233918
NKIRAS1,-1.59987154597543
LHFPL3,2.21797170992819
RASL11B,-1.6123768532332
GDAP1,-1.40444119615717
SLC6A9,2.88953266651159
ESCO2,1.83957903650733
CHSY3,-1.07313253885739
INHBB,1.50942433325836
TTBK2,-1.13634395482852
CYGB,-1.38669087995897
PRR36,-1.41698103775517
ANKFN1,1.47049711879438
SRC,-1.1492041324562
CACNG4,2.24102943357914
RAB3A,-2.39497381035417
TCIRG1,1.44817882040616
CHPF,1.20718979894522
MICU1,-1.04026891529828
NEMP1,1.12813063835341
TEP1,1.11713520173329
AGTRAP,1.31873398603072
S100A10,2.37591967700078
SNORA48,1.13764021157557
GNAO1,-1.19992932667834
RASGRP2,-1.43133800045581
BOC,1.95556725645018
IGFBP5,2.29967226238731
NDRG3,-1.06999511885038
SORL1,-1.02278637022971
SPIRE2,-1.00401541608713
PSMC3IP,1.44441134636106
TMEM135,-1.0920330696969
RARA,1.06565278198191
BCAN,1.99649475869517
NME4,1.01359317750594
HERC3,-1.13622085362509
NR1D1,-1.25334342252278
MTX2,-1.02669637051204
DISP2,-1.17568171948289
SPTB,-1.84835814855665
LMNA,1.45898916591026
TMEM179,-1.08698068952083
PCDHB7,1.20482913433685
ALDH3B1,1.23913970957524
SPATA6L,-1.0295815769201
PGD,1.03026111278541
SNORA2A,1.4841954478264
ACSL6,-1.77449670524883
ST6GAL2,-2.28113501349333
ACADSB,-1.13942604321281
HLF,-2.2658936900794
NALF1,-2.1265435349253
DOC2A,-1.37131385925674
NINJ1,1.330066887991
CACNB4,-1.76671121389923
ARHGAP30,1.52945561455817
FGF14,-1.16798550369275
JAKMIP1,-2.65375950159171
GRIK3,1.2914232483978
H4C11,1.90306299804496
NECAP1,-1.18986466752753
RN7SK,2.06384560752995
CHRNB2,-1.13131858709734
GUCY1B1,-1.83789995042594
AGBL4,-1.71756347404275
SNX10,-1.53949352414277
CELSR3,-1.23919216718688
KIFC2,-1.5853206067901
GFAP,1.63415529731754
CDK2,1.85051506791822
SV2A,-1.05151004220512
TBL2,1.05227128104666
SDF2L1,1.20011232382539
CALB1,-4.73475469425426
TRIB2,1.86834421133298
SNORA70,1.09130691402239
SAPCD2,2.30346782510737
ARSJ,1.27166062298719
LMO3,-1.8062680652499
PPP2R3B,1.6241606166452
UAP1L1,1.23378819857261
NUPR1,1.15938264061479
HOMER1,-2.16212388377184
SNORA67,1.35015891510901
TTC39B,-1.65661878517816
LRRTM3,-1.29580499336666
MAGEE1,-1.21183665892426
MDH1B,-1.00784764946765
B4GALT6,-1.3700967930933
CNTNAP2,-2.07733825446098
FAM131A,-1.07742253944543
CTNS,1.05147292663267
ADRB1,-1.59040880271502
CAPG,1.48803043120956
FGD6,-1.16511531799444
RNGTT,-1.13768302627289
VASH1,1.00549946092156
LRRC42,1.14561149736469
IQUB,-1.32884829689031
PMP22,1.42389662251136
MCC,1.03674204412268
MICU3,-1.5881213071588
SNCAIP,1.30641235883286
CDH18,-1.75085312564078
FABP3,-1.9061323009912
LONRF2,-1.15597128588129
MTFP1,1.40358542164346
IL17RC,1.205784303325
PTK2B,-1.17738334494168
HNRNPF,1.67724890982208
MAST1,-1.79549076003846
RHOC,1.44745192796008
TROAP,2.52248460167388
SHCBP1,1.38323616043495
DGCR6,-1.04183141288059
H2AC8,1.36176736647016
TWSG1,1.03590579685372
BIRC5,1.83705095689305
NAP1L2,-1.30921395192405
SLC1A1,-1.03880262822316
SLC2A3,1.41297039875121
DPYSL3,1.08986757470418
ZNF845,1.43425691159712
INPP5J,-1.07836709219714
CDCA5,1.29150103150638
ANXA7,-1.20093396255497
HASPIN,2.93917048308321
MMD,-1.30330831607284
H2BC15,1.38097190308923
AMIGO1,-1.59476468963708
AVIL,1.62121493855861
FNDC3B,1.13893286122982
PCDHB16,1.3259315554471
SOX9,1.49963342091524
SAMD9L,1.60070180030052
MPP1,-1.00121686149003
TREM2,1.62973427674253
FREM2,1.45290338687009
ARHGAP31,1.13957822693899
MGAT5B,-1.83046687857467
DENND6B,-1.04632177043916
APOE,1.14653239119949
OSBPL1A,-1.3382467447394
STX1A,-1.44238429093824
TNFRSF19,1.38792592621069
SPHK1,1.85343942018393
RFX4,1.13059564318924
SNORA5C,1.12657814103452
PLCB4,-1.86163476692281
RNU4-1,1.50149984382004
EEF2KMT,1.13553952710441
FGF17,-1.71271662727727
HMGA2,2.066961939831
ABHD12B,-1.52819831766524
CUEDC1,1.29029358369314
CRTC1,-1.34443773100686
SMO,1.74203947444835
TDRD6,-1.88755185000541
RRBP1,1.02413354551088
MYH11,-2.17575628399849
GLT1D1,-2.55868215377487
PPP3CB,-2.0529645955995
MAPRE2,-1.14411588688604
RPH3A,-1.98885570881687
E2F5,1.14133380429049
PGAM2,1.72121626532859
KCNIP2,-1.7031217972551
GPR176,-1.07342734528976
EMP1,2.06395047917208
CMTM3,2.33256583535188
VAMP5,1.38039940948708
BAX,1.06601358327761
IL32,1.49537950007215
CYBA,1.40386359461172
ZBTB18,-1.20198763660346
FHL1,-1.22846737340863
PDZD4,-1.29558578859135
CLIC4,1.35890471216928
SPTSSB,-1.55853843337244
UBE2L6,1.03733804381156
QTMAN,-1.05296539440721
SIAE,-1.38209056458157
PCP4,-2.24200191822866
TMEM121B,-1.10680697547096
LASP1NB,-1.36359792246962
INPP5A,-1.02630081705642
OPN3,-1.45719686442446
BYSL,1.53592933208808
NRSN1,-2.24040667951448
TNFRSF1A,1.17046785067176
COXFA4L2,1.13468250157133
MCM8,1.23291771953878
TNIP2,1.25787361453076
NCF1,1.56609194510357
H3C1,1.31389080252909
FNDC5,-1.16716946906824
PLEKHG2,1.15760017262252
METRN,1.1207895793076
H1-2,1.36571354807783
H4C2,1.25639765572141
ERBB4,-1.35498314064148
AFAP1L1,1.70096262443868
PIP5K1B,-3.92238656737795
GABRB1,-1.41949050711906
MTHFD2,1.67637645759562
PBX3,1.18293166176231
CHCHD7,-1.12527685408365
FBXO44,-1.17223456853263
ZNF248,-1.10262427812831
KMO,-1.90142431557394
ARHGEF40,1.19165597613884
SLC45A4,-1.62681462851976
BRINP1,-2.6112840213928
GADD45G,1.80445933043602
PYCR1,1.24475143934867
LAMC1,1.97353628139373
RGPD1,-2.7495442874554
