stringId_A,stringId_B,preferredName_A,preferredName_B,ncbiTaxonId,score,nscore,fscore,pscore,ascore,escore,dscore,tscore
9606.ENSP00000055077,9606.ENSP00000383986,RFC2,CDCA7L,9606,0.703,0,0,0,0.17,0.597,0,0.183
9606.ENSP00000055077,9606.ENSP00000306999,RFC2,ESCO2,9606,0.724,0,0,0,0.185,0.125,0,0.644
9606.ENSP00000055077,9606.ENSP00000347232,RFC2,BLM,9606,0.833,0,0,0,0.182,0.159,0.5,0.573
9606.ENSP00000064780,9606.ENSP00000371693,RELT,TNFRSF19,9606,0.722,0,0,0,0,0,0,0.722
9606.ENSP00000162749,9606.ENSP00000367013,TNFRSF1A,TNFRSF25,9606,0.728,0,0,0,0.044,0,0,0.728
9606.ENSP00000162749,9606.ENSP00000295981,TNFRSF1A,IL17RC,9606,0.734,0,0,0,0.06,0,0,0.729
9606.ENSP00000162749,9606.ENSP00000269305,TNFRSF1A,TP53,9606,0.741,0,0,0,0.087,0,0,0.728
9606.ENSP00000162749,9606.ENSP00000326737,TNFRSF1A,TNFRSF12A,9606,0.751,0,0,0,0.082,0,0,0.74
9606.ENSP00000162749,9606.ENSP00000362680,TNFRSF1A,SRC,9606,0.934,0,0,0,0.057,0.627,0,0.827
9606.ENSP00000162749,9606.ENSP00000365926,TNFRSF1A,RFK,9606,0.978,0,0,0,0,0.334,0,0.969
9606.ENSP00000162749,9606.ENSP00000321203,TNFRSF1A,TNIP2,9606,0.995,0,0,0,0.06,0.994,0,0.186
9606.ENSP00000166345,9606.ENSP00000301633,TRIP13,BIRC5,9606,0.716,0,0,0,0.619,0.071,0,0.262
9606.ENSP00000166345,9606.ENSP00000468425,TRIP13,TK1,9606,0.722,0.042,0,0,0.407,0,0,0.55
9606.ENSP00000166345,9606.ENSP00000442068,TRIP13,CDCA3,9606,0.774,0,0,0,0.69,0,0,0.301
9606.ENSP00000166345,9606.ENSP00000313950,TRIP13,AURKB,9606,0.788,0,0,0,0.562,0.308,0,0.357
9606.ENSP00000166345,9606.ENSP00000377793,TRIP13,PRC1,9606,0.82,0,0,0,0.729,0.292,0,0.137
9606.ENSP00000166345,9606.ENSP00000275517,TRIP13,CDCA5,9606,0.876,0,0,0,0.811,0,0,0.371
9606.ENSP00000171887,9606.ENSP00000362680,TNS1,SRC,9606,0.783,0,0,0,0.044,0.092,0,0.77
9606.ENSP00000173229,9606.ENSP00000362680,NTN1,SRC,9606,0.75,0,0,0,0.042,0.045,0.5,0.519
9606.ENSP00000173229,9606.ENSP00000422591,NTN1,SLIT2,9606,0.821,0,0,0,0.049,0.127,0,0.802
9606.ENSP00000205143,9606.ENSP00000222725,DLL3,LFNG,9606,0.848,0,0,0,0,0.073,0,0.843
9606.ENSP00000215095,9606.ENSP00000222812,STX1B,STX1A,9606,0.814,0,0,0.05,0.084,0,0.8,0.058
9606.ENSP00000215909,9606.ENSP00000469194,LGALS1,EMP3,9606,0.748,0,0,0,0.646,0,0,0.316
9606.ENSP00000215909,9606.ENSP00000446007,LGALS1,VIM,9606,0.879,0,0,0,0.51,0,0,0.762
9606.ENSP00000219070,9606.ENSP00000231004,MMP2,LOX,9606,0.73,0,0,0,0.29,0.238,0,0.542
9606.ENSP00000219070,9606.ENSP00000370473,MMP2,IGFBP3,9606,0.801,0,0,0,0.139,0,0.4,0.646
9606.ENSP00000219070,9606.ENSP00000289473,MMP2,NCF1,9606,0.928,0,0,0,0.056,0,0.9,0.3
9606.ENSP00000219070,9606.ENSP00000261623,MMP2,CYBA,9606,0.949,0,0,0,0.044,0,0.9,0.516
9606.ENSP00000219070,9606.ENSP00000352798,MMP2,COL18A1,9606,0.96,0,0,0,0.115,0.503,0.75,0.687
9606.ENSP00000219070,9606.ENSP00000362680,MMP2,SRC,9606,0.972,0,0,0,0.042,0,0.9,0.74
9606.ENSP00000219070,9606.ENSP00000308208,MMP2,MMP14,9606,0.997,0,0,0.084,0.381,0,0.9,0.961
9606.ENSP00000219255,9606.ENSP00000286201,PARD6A,FZD7,9606,0.716,0,0,0,0,0.071,0.5,0.439
9606.ENSP00000220478,9606.ENSP00000300175,SCG3,SCG5,9606,0.925,0,0,0,0.235,0,0,0.906
9606.ENSP00000220822,9606.ENSP00000285208,GDAP1,RAB6B,9606,0.779,0,0,0,0.082,0,0,0.769
9606.ENSP00000222256,9606.ENSP00000335614,RAB3A,PPFIA3,9606,0.79,0,0,0,0.297,0,0.5,0.45
9606.ENSP00000222256,9606.ENSP00000222812,RAB3A,STX1A,9606,0.819,0,0,0,0.115,0,0.5,0.623
9606.ENSP00000222256,9606.ENSP00000345824,RAB3A,TSPOAP1,9606,0.835,0,0,0,0,0,0.5,0.683
9606.ENSP00000222256,9606.ENSP00000263233,RAB3A,SYP,9606,0.986,0,0,0,0.174,0.095,0.8,0.922
9606.ENSP00000222256,9606.ENSP00000427018,RAB3A,RIMS2,9606,0.994,0,0,0,0.07,0.361,0.9,0.924
9606.ENSP00000222256,9606.ENSP00000374036,RAB3A,RPH3A,9606,0.999,0,0,0,0.146,0.8,0,0.999
9606.ENSP00000222644,9606.ENSP00000418070,MPP6,NECTIN3,9606,0.718,0,0,0,0.073,0.059,0,0.703
9606.ENSP00000222725,9606.ENSP00000364902,LFNG,POFUT1,9606,0.755,0,0,0,0.042,0,0,0.755
9606.ENSP00000222725,9606.ENSP00000254958,LFNG,JAG1,9606,0.786,0,0,0,0.042,0.125,0,0.765
9606.ENSP00000222812,9606.ENSP00000346265,STX1A,SYT5,9606,0.876,0,0,0,0.085,0.091,0.8,0.343
9606.ENSP00000222812,9606.ENSP00000494136,STX1A,SLC6A1,9606,0.9,0,0,0,0.094,0.634,0,0.722
9606.ENSP00000222812,9606.ENSP00000263233,STX1A,SYP,9606,0.914,0,0,0,0.098,0.292,0.5,0.764
9606.ENSP00000227155,9606.ENSP00000477213,CD82,APBB1,9606,0.764,0,0,0,0.044,0,0,0.764
9606.ENSP00000230340,9606.ENSP00000280190,BYSL,WDR17,9606,0.711,0,0,0,0.688,0.108,0,0.047
9606.ENSP00000230340,9606.ENSP00000386227,BYSL,MCC,9606,0.931,0,0,0,0.591,0.78,0,0.298
9606.ENSP00000230340,9606.ENSP00000426909,BYSL,RACK1,9606,0.973,0,0,0,0.105,0.966,0,0.198
9606.ENSP00000230340,9606.ENSP00000341885,BYSL,RPS2,9606,0.998,0,0,0,0.099,0.992,0.8,0.367
9606.ENSP00000230340,9606.ENSP00000375632,BYSL,RPS9,9606,0.998,0,0,0,0.264,0.989,0.8,0.198
9606.ENSP00000230340,9606.ENSP00000257909,BYSL,TROAP,9606,0.998,0,0,0,0.083,0.292,0,0.998
9606.ENSP00000231004,9606.ENSP00000282903,LOX,PLOD2,9606,0.704,0,0,0,0.263,0.045,0,0.613
9606.ENSP00000231004,9606.ENSP00000478887,LOX,MYC,9606,0.708,0,0,0,0.063,0.152,0,0.662
9606.ENSP00000231137,9606.ENSP00000477314,PCDHB7,PCDHB16,9606,0.889,0,0,0.052,0.733,0.591,0,0.058
9606.ENSP00000231751,9606.ENSP00000252486,LTF,APOE,9606,0.828,0,0,0,0.059,0,0.5,0.665
9606.ENSP00000233813,9606.ENSP00000370473,IGFBP5,IGFBP3,9606,0.978,0,0,0,0.197,0,0.72,0.911
9606.ENSP00000234310,9606.ENSP00000338185,PPP3R1,PLCB1,9606,0.701,0,0,0,0,0,0.65,0.183
9606.ENSP00000234310,9606.ENSP00000375080,PPP3R1,PPP2R3B,9606,0.72,0,0,0,0,0,0.72,0
9606.ENSP00000234310,9606.ENSP00000370373,PPP3R1,FKBP1B,9606,0.866,0,0,0,0.076,0.747,0,0.475
9606.ENSP00000234310,9606.ENSP00000378306,PPP3R1,PPP3CB,9606,0.999,0,0,0,0.226,0.97,0.9,0.963
9606.ENSP00000234310,9606.ENSP00000378323,PPP3R1,PPP3CA,9606,0.999,0,0,0,0.128,0.997,0.9,0.998
9606.ENSP00000240100,9606.ENSP00000394560,DUSP4,MAPK9,9606,0.978,0,0,0,0.084,0.513,0.9,0.57
9606.ENSP00000240874,9606.ENSP00000264245,KALRN,ARHGAP31,9606,0.877,0,0,0,0.045,0,0,0.877
9606.ENSP00000242351,9606.ENSP00000450799,ZC3HAV1,KHNYN,9606,0.909,0,0,0,0.06,0.685,0,0.717
9606.ENSP00000242351,9606.ENSP00000323889,ZC3HAV1,TRIM25,9606,0.92,0,0,0,0.192,0.778,0,0.592
9606.ENSP00000243776,9606.ENSP00000302629,CHPF,CHSY3,9606,0.949,0,0,0.115,0.067,0.26,0.9,0.302
9606.ENSP00000245479,9606.ENSP00000359719,SOX9,PRKACB,9606,0.93,0,0,0,0,0.081,0.9,0.304
9606.ENSP00000245479,9606.ENSP00000379644,SOX9,SOX6,9606,0.953,0,0,0,0,0,0,0.953
9606.ENSP00000245552,9606.ENSP00000468425,NT5C,TK1,9606,0.776,0,0,0,0.074,0,0,0.769
9606.ENSP00000245552,9606.ENSP00000476480,NT5C,NT5C3A,9606,0.995,0,0,0,0.042,0,0.9,0.96
9606.ENSP00000246672,9606.ENSP00000266304,NR1D1,TEF,9606,0.763,0,0,0,0.141,0.062,0,0.729
9606.ENSP00000248437,9606.ENSP00000318697,TUBA4A,TUBB6,9606,0.969,0,0,0.07,0.306,0.375,0.65,0.819
9606.ENSP00000248975,9606.ENSP00000419465,YWHAH,WWTR1,9606,0.926,0,0,0,0,0.273,0.9,0.065
9606.ENSP00000249373,9606.ENSP00000273395,SMO,BOC,9606,0.963,0,0,0,0.108,0.073,0.9,0.614
9606.ENSP00000249373,9606.ENSP00000359719,SMO,PRKACB,9606,0.965,0,0,0,0,0.241,0.9,0.579
9606.ENSP00000249373,9606.ENSP00000342144,SMO,EVC2,9606,0.979,0,0,0,0.064,0,0.9,0.801
9606.ENSP00000249373,9606.ENSP00000385808,SMO,KIF3A,9606,0.991,0,0,0,0,0,0.5,0.983
9606.ENSP00000249700,9606.ENSP00000427866,TMOD2,DMTN,9606,0.894,0,0,0,0.074,0,0,0.89
9606.ENSP00000252486,9606.ENSP00000261835,APOE,CYP46A1,9606,0.74,0,0,0,0.044,0,0,0.74
9606.ENSP00000252486,9606.ENSP00000342235,APOE,ERBB4,9606,0.862,0,0,0,0,0,0.75,0.472
9606.ENSP00000252486,9606.ENSP00000352601,APOE,LRP10,9606,0.872,0,0,0,0,0,0.4,0.797
9606.ENSP00000252486,9606.ENSP00000486361,APOE,DBI,9606,0.913,0,0,0,0.067,0,0.9,0.147
9606.ENSP00000252486,9606.ENSP00000264005,APOE,LCAT,9606,0.956,0,0,0,0.042,0.292,0.72,0.8
9606.ENSP00000252486,9606.ENSP00000362205,APOE,TREM2,9606,0.997,0,0,0,0.181,0.584,0,0.994
9606.ENSP00000252486,9606.ENSP00000260197,APOE,SORL1,9606,0.997,0,0,0,0.042,0.6,0,0.995
9606.ENSP00000252506,9606.ENSP00000296721,GADD45G,AFAP1L1,9606,0.71,0,0,0,0,0.71,0,0
9606.ENSP00000252506,9606.ENSP00000269305,GADD45G,TP53,9606,0.937,0,0,0,0,0,0.9,0.4
9606.ENSP00000252804,9606.ENSP00000354677,PXDN,GPX7,9606,0.717,0,0,0,0.116,0,0,0.693
9606.ENSP00000252804,9606.ENSP00000478887,PXDN,MYC,9606,0.784,0,0,0,0.049,0,0,0.782
9606.ENSP00000252804,9606.ENSP00000253408,PXDN,GFAP,9606,0.808,0,0,0,0.058,0,0,0.804
9606.ENSP00000252804,9606.ENSP00000269305,PXDN,TP53,9606,0.821,0,0,0,0.055,0,0,0.819
9606.ENSP00000252804,9606.ENSP00000296511,PXDN,ANXA5,9606,0.888,0,0,0,0.066,0,0,0.885
9606.ENSP00000253408,9606.ENSP00000348931,GFAP,FABP7,9606,0.736,0,0,0,0.165,0,0,0.697
9606.ENSP00000253408,9606.ENSP00000265431,GFAP,CALB1,9606,0.765,0,0,0,0.104,0,0,0.748
9606.ENSP00000253408,9606.ENSP00000446007,GFAP,VIM,9606,0.855,0,0,0.06,0,0.785,0,0.34
9606.ENSP00000253408,9606.ENSP00000263233,GFAP,SYP,9606,0.86,0,0,0,0.23,0,0,0.826
9606.ENSP00000254066,9606.ENSP00000327959,RARA,TGIF1,9606,0.701,0,0,0,0.044,0.095,0,0.682
9606.ENSP00000254066,9606.ENSP00000329357,RARA,SP1,9606,0.729,0,0,0,0.068,0.635,0,0.268
9606.ENSP00000254066,9606.ENSP00000379616,RARA,MYH11,9606,0.729,0,0,0,0.077,0,0,0.719
9606.ENSP00000254958,9606.ENSP00000358795,JAG1,NEURL1,9606,0.822,0,0,0,0,0.367,0.4,0.57
9606.ENSP00000254958,9606.ENSP00000357348,JAG1,HEY2,9606,0.918,0,0,0,0.056,0.071,0,0.914
9606.ENSP00000257904,9606.ENSP00000434024,CDK4,H2AX,9606,0.742,0,0,0,0.159,0.071,0.5,0.418
9606.ENSP00000257904,9606.ENSP00000398124,CDK4,E2F5,9606,0.756,0,0,0,0.074,0.091,0.5,0.489
9606.ENSP00000257904,9606.ENSP00000347232,CDK4,BLM,9606,0.846,0,0,0,0.085,0.13,0.8,0.15
9606.ENSP00000257904,9606.ENSP00000301633,CDK4,BIRC5,9606,0.857,0,0,0,0.451,0.292,0,0.662
9606.ENSP00000257904,9606.ENSP00000478887,CDK4,MYC,9606,0.966,0,0,0,0.1,0.642,0,0.904
9606.ENSP00000257904,9606.ENSP00000269305,CDK4,TP53,9606,0.966,0,0,0,0.117,0.554,0,0.922
9606.ENSP00000257904,9606.ENSP00000266970,CDK4,CDK2,9606,0.998,0,0,0.084,0.138,0,0.9,0.983
9606.ENSP00000257904,9606.ENSP00000377224,CDK4,CDKN2D,9606,0.999,0,0,0,0,0.878,0.9,0.997
9606.ENSP00000257904,9606.ENSP00000262662,CDK4,CDKN2C,9606,0.999,0,0,0,0.074,0.994,0.9,0.997
9606.ENSP00000257909,9606.ENSP00000301633,TROAP,BIRC5,9606,0.754,0,0,0,0.706,0,0,0.197
9606.ENSP00000257909,9606.ENSP00000313950,TROAP,AURKB,9606,0.836,0,0,0,0.801,0,0,0.212
9606.ENSP00000257909,9606.ENSP00000442068,TROAP,CDCA3,9606,0.857,0,0,0,0.806,0,0,0.293
9606.ENSP00000258341,9606.ENSP00000377779,LAMC1,SV2B,9606,0.711,0,0,0,0,0,0.65,0.209
9606.ENSP00000258341,9606.ENSP00000452786,LAMC1,ITGB3,9606,0.755,0,0,0,0.067,0.047,0.65,0.307
9606.ENSP00000258341,9606.ENSP00000352798,LAMC1,COL18A1,9606,0.793,0,0,0,0.098,0,0.5,0.578
9606.ENSP00000260197,9606.ENSP00000362205,SORL1,TREM2,9606,0.727,0,0,0,0.068,0,0,0.719
9606.ENSP00000261292,9606.ENSP00000265022,LIPG,DGKG,9606,0.708,0,0,0,0,0,0.65,0.2
9606.ENSP00000261367,9606.ENSP00000391311,SNCAIP,SEPTIN5,9606,0.727,0,0,0,0,0.091,0,0.713
9606.ENSP00000261367,9606.ENSP00000364204,SNCAIP,PINK1,9606,0.757,0,0,0,0,0.236,0,0.695
9606.ENSP00000261402,9606.ENSP00000269305,NUAK1,TP53,9606,0.722,0,0,0,0,0.292,0.5,0.279
9606.ENSP00000261623,9606.ENSP00000362680,CYBA,SRC,9606,0.707,0,0,0,0.088,0.045,0,0.691
9606.ENSP00000261623,9606.ENSP00000365926,CYBA,RFK,9606,0.89,0,0,0,0,0.301,0,0.849
9606.ENSP00000261623,9606.ENSP00000289473,CYBA,NCF1,9606,0.999,0,0,0,0.191,0.755,0.9,0.999
9606.ENSP00000261837,9606.ENSP00000359719,GNB5,PRKACB,9606,0.735,0,0,0,0.135,0,0.65,0.197
9606.ENSP00000261837,9606.ENSP00000334051,GNB5,GNAL,9606,0.852,0,0,0,0.049,0.496,0.54,0.408
9606.ENSP00000261837,9606.ENSP00000338185,GNB5,PLCB1,9606,0.855,0,0,0,0,0,0.65,0.602
9606.ENSP00000261837,9606.ENSP00000262494,GNB5,GNAO1,9606,0.935,0,0,0,0.208,0.323,0.54,0.767
9606.ENSP00000261837,9606.ENSP00000361009,GNB5,PREX1,9606,0.939,0,0,0,0,0.245,0.9,0.257
9606.ENSP00000261837,9606.ENSP00000334851,GNB5,RGS7BP,9606,0.995,0,0,0,0.102,0.516,0,0.99
9606.ENSP00000262138,9606.ENSP00000379098,CACNG4,CAMK2B,9606,0.703,0,0,0,0.073,0,0.65,0.158
9606.ENSP00000262138,9606.ENSP00000296526,CACNG4,GRIA2,9606,0.907,0,0,0,0.117,0.509,0.72,0.324
9606.ENSP00000262138,9606.ENSP00000377840,CACNG4,CACNB1,9606,0.928,0,0,0,0.044,0,0.54,0.851
9606.ENSP00000262138,9606.ENSP00000438949,CACNG4,CACNB4,9606,0.934,0,0,0,0,0,0.9,0.37
9606.ENSP00000262138,9606.ENSP00000301050,CACNG4,CACNB3,9606,0.962,0,0,0,0.042,0,0.9,0.638
9606.ENSP00000262395,9606.ENSP00000378332,TRAF4,TGFB1I1,9606,0.911,0,0,0,0.056,0.51,0,0.825
9606.ENSP00000262395,9606.ENSP00000289473,TRAF4,NCF1,9606,0.967,0,0,0,0.054,0.627,0,0.916
9606.ENSP00000262483,9606.ENSP00000357265,PITPNM3,SEMA4A,9606,0.767,0,0,0,0,0,0,0.767
9606.ENSP00000262483,9606.ENSP00000380638,PITPNM3,PTK2B,9606,0.88,0,0,0,0,0.294,0,0.838
9606.ENSP00000262494,9606.ENSP00000338185,GNAO1,PLCB1,9606,0.8,0,0,0,0.115,0.067,0.5,0.574
9606.ENSP00000262510,9606.ENSP00000323889,NLRC5,TRIM25,9606,0.78,0,0,0,0.113,0.067,0.5,0.531
9606.ENSP00000262662,9606.ENSP00000269305,CDKN2C,TP53,9606,0.957,0,0,0,0,0.046,0.9,0.586
9606.ENSP00000262715,9606.ENSP00000286307,TEP1,LSM11,9606,0.736,0,0,0,0.049,0,0.72,0.091
9606.ENSP00000262715,9606.ENSP00000378760,TEP1,MVP,9606,0.998,0,0,0,0.083,0.292,0,0.997
9606.ENSP00000263233,9606.ENSP00000265431,SYP,CALB1,9606,0.755,0,0,0,0.099,0,0,0.739
9606.ENSP00000263233,9606.ENSP00000391311,SYP,SEPTIN5,9606,0.777,0,0,0,0.086,0,0,0.767
9606.ENSP00000263233,9606.ENSP00000334382,SYP,HOMER1,9606,0.836,0,0,0,0,0,0,0.836
9606.ENSP00000263233,9606.ENSP00000358142,SYP,SV2A,9606,0.977,0,0,0,0.148,0,0,0.975
9606.ENSP00000264005,9606.ENSP00000486361,LCAT,DBI,9606,0.745,0,0,0,0,0,0.72,0.127
9606.ENSP00000264428,9606.ENSP00000490940,GLRB,ARHGEF9,9606,0.904,0,0,0,0.079,0,0,0.9
9606.ENSP00000264428,9606.ENSP00000274093,GLRB,GLRA3,9606,0.953,0,0,0.081,0.068,0.486,0.9,0.101
9606.ENSP00000264638,9606.ENSP00000346534,CNTNAP1,SCN8A,9606,0.728,0,0,0,0.098,0,0,0.71
9606.ENSP00000264638,9606.ENSP00000469242,CNTNAP1,SPTBN4,9606,0.738,0,0,0,0.104,0,0,0.72
9606.ENSP00000264638,9606.ENSP00000487785,CNTNAP1,KCNA2,9606,0.9,0,0,0,0.084,0.314,0,0.854
9606.ENSP00000264638,9606.ENSP00000447006,CNTNAP1,CNTN1,9606,0.999,0,0,0,0.114,0.141,0.9,0.997
9606.ENSP00000264649,9606.ENSP00000265686,ATP6V0A1,TCIRG1,9606,0.96,0,0,0.073,0.047,0.366,0.9,0.408
9606.ENSP00000264712,9606.ENSP00000385808,KIF3C,KIF3A,9606,0.992,0,0,0.075,0.067,0.824,0.54,0.907
9606.ENSP00000264712,9606.ENSP00000354560,KIF3C,KIFAP3,9606,0.999,0,0,0,0.13,0.893,0.54,0.979
9606.ENSP00000265022,9606.ENSP00000338185,DGKG,PLCB1,9606,0.72,0,0,0,0.043,0,0.65,0.231
9606.ENSP00000265022,9606.ENSP00000367762,DGKG,PLCB4,9606,0.73,0,0,0,0.044,0,0.65,0.258
9606.ENSP00000265131,9606.ENSP00000452786,TNC,ITGB3,9606,0.914,0,0,0,0.093,0,0.9,0.133
9606.ENSP00000265382,9606.ENSP00000338185,PIP5K1B,PLCB1,9606,0.723,0,0,0,0.048,0,0.697,0.117
9606.ENSP00000265382,9606.ENSP00000367762,PIP5K1B,PLCB4,9606,0.724,0,0,0,0.054,0,0.676,0.171
9606.ENSP00000265382,9606.ENSP00000497527,PIP5K1B,INPP5F,9606,0.903,0,0,0,0.048,0,0.9,0.072
9606.ENSP00000265382,9606.ENSP00000409667,PIP5K1B,SYNJ1,9606,0.919,0,0,0,0.042,0.068,0.9,0.2
9606.ENSP00000265686,9606.ENSP00000395474,TCIRG1,SNX10,9606,0.718,0,0,0,0.111,0,0,0.696
9606.ENSP00000266546,9606.ENSP00000385142,CLSTN3,NRXN1,9606,0.734,0,0,0,0.111,0,0,0.713
9606.ENSP00000266970,9606.ENSP00000301633,CDK2,BIRC5,9606,0.755,0,0,0,0.464,0.292,0,0.407
9606.ENSP00000266970,9606.ENSP00000377224,CDK2,CDKN2D,9606,0.847,0,0,0,0.044,0.094,0,0.838
9606.ENSP00000266970,9606.ENSP00000434024,CDK2,H2AX,9606,0.862,0,0,0,0.156,0.071,0.5,0.691
9606.ENSP00000266970,9606.ENSP00000398124,CDK2,E2F5,9606,0.905,0,0,0,0.068,0.485,0.5,0.653
9606.ENSP00000266970,9606.ENSP00000478887,CDK2,MYC,9606,0.96,0,0,0,0.114,0.327,0.5,0.884
9606.ENSP00000266970,9606.ENSP00000402084,CDK2,WEE1,9606,0.987,0,0,0,0.192,0.649,0.8,0.8
9606.ENSP00000266970,9606.ENSP00000269305,CDK2,TP53,9606,0.987,0,0,0,0.093,0.778,0.5,0.891
9606.ENSP00000267484,9606.ENSP00000351155,RTN1,ATL1,9606,0.848,0,0,0,0.157,0.075,0,0.821
9606.ENSP00000267484,9606.ENSP00000337838,RTN1,RTN4,9606,0.849,0,0,0,0.072,0.697,0,0.508
9606.ENSP00000267484,9606.ENSP00000368959,RTN1,REEP5,9606,0.902,0,0,0,0.11,0.126,0,0.885
9606.ENSP00000268679,9606.ENSP00000306772,CBFA2T3,LDB2,9606,0.981,0,0,0,0,0.046,0,0.981
9606.ENSP00000269305,9606.ENSP00000446007,TP53,VIM,9606,0.712,0,0,0,0,0.164,0,0.67
9606.ENSP00000269305,9606.ENSP00000390158,TP53,HERC1,9606,0.72,0,0,0,0.084,0.051,0,0.704
9606.ENSP00000269305,9606.ENSP00000397552,TP53,ACTL6A,9606,0.721,0,0,0,0.063,0.292,0,0.613
9606.ENSP00000269305,9606.ENSP00000342235,TP53,ERBB4,9606,0.726,0,0,0,0,0.292,0,0.629
9606.ENSP00000269305,9606.ENSP00000402084,TP53,WEE1,9606,0.753,0,0,0,0.073,0,0,0.745
9606.ENSP00000269305,9606.ENSP00000442786,TP53,LMO3,9606,0.754,0,0,0,0,0,0,0.754
9606.ENSP00000269305,9606.ENSP00000379003,TP53,NUPR1,9606,0.755,0,0,0,0,0.226,0,0.697
9606.ENSP00000269305,9606.ENSP00000366109,TP53,ANXA1,9606,0.762,0,0,0,0,0.292,0,0.677
9606.ENSP00000269305,9606.ENSP00000354822,TP53,XAF1,9606,0.776,0,0,0,0.051,0.292,0,0.694
9606.ENSP00000269305,9606.ENSP00000323889,TP53,TRIM25,9606,0.78,0,0,0,0.055,0.671,0,0.35
9606.ENSP00000269305,9606.ENSP00000483842,TP53,H2AC4,9606,0.8,0,0,0,0,0.8,0,0
9606.ENSP00000269305,9606.ENSP00000296511,TP53,ANXA5,9606,0.818,0,0,0,0,0,0,0.818
9606.ENSP00000269305,9606.ENSP00000489236,TP53,H4C8,9606,0.819,0,0,0,0,0.8,0,0.134
9606.ENSP00000269305,9606.ENSP00000347168,TP53,H4C11,9606,0.819,0,0,0,0,0.8,0,0.135
9606.ENSP00000269305,9606.ENSP00000479106,TP53,H4C1,9606,0.82,0,0,0,0,0.8,0,0.138
9606.ENSP00000269305,9606.ENSP00000366974,TP53,H4C2,9606,0.821,0,0,0,0,0.8,0,0.145
9606.ENSP00000269305,9606.ENSP00000274289,TP53,PLK2,9606,0.855,0,0,0,0,0,0.75,0.447
9606.ENSP00000269305,9606.ENSP00000480826,TP53,H3C1,9606,0.858,0,0,0,0.047,0.8,0,0.319
9606.ENSP00000269305,9606.ENSP00000404854,TP53,NDRG1,9606,0.859,0,0,0,0,0,0.75,0.459
9606.ENSP00000269305,9606.ENSP00000303373,TP53,H2AC8,9606,0.86,0,0,0,0,0.852,0,0.092
9606.ENSP00000269305,9606.ENSP00000437621,TP53,HMGA2,9606,0.867,0,0,0,0.067,0.292,0.4,0.704
9606.ENSP00000269305,9606.ENSP00000376943,TP53,BCL2L11,9606,0.867,0,0,0,0.087,0,0,0.861
9606.ENSP00000269305,9606.ENSP00000476136,TP53,H2BC11,9606,0.874,0,0,0,0,0.8,0,0.4
9606.ENSP00000269305,9606.ENSP00000362680,TP53,SRC,9606,0.884,0,0,0,0.067,0.292,0,0.839
9606.ENSP00000269305,9606.ENSP00000434024,TP53,H2AX,9606,0.892,0,0,0,0.047,0.292,0,0.854
9606.ENSP00000269305,9606.ENSP00000370473,TP53,IGFBP3,9606,0.901,0,0,0,0,0,0.75,0.622
9606.ENSP00000269305,9606.ENSP00000313950,TP53,AURKB,9606,0.908,0,0,0,0.129,0.51,0.5,0.621
9606.ENSP00000269305,9606.ENSP00000301633,TP53,BIRC5,9606,0.93,0,0,0,0.143,0,0.75,0.703
9606.ENSP00000269305,9606.ENSP00000347232,TP53,BLM,9606,0.932,0,0,0,0.059,0.844,0.4,0.324
9606.ENSP00000269305,9606.ENSP00000394560,TP53,MAPK9,9606,0.982,0,0,0,0.08,0.641,0.9,0.527
9606.ENSP00000269305,9606.ENSP00000293288,TP53,BAX,9606,0.994,0,0,0,0.08,0.782,0.9,0.774
9606.ENSP00000269305,9606.ENSP00000329357,TP53,SP1,9606,0.994,0,0,0,0.065,0.923,0,0.928
9606.ENSP00000269305,9606.ENSP00000478887,TP53,MYC,9606,0.997,0,0,0,0.067,0.3,0,0.997
9606.ENSP00000273062,9606.ENSP00000442068,CTDSP1,CDCA3,9606,0.927,0,0,0,0,0.845,0,0.55
9606.ENSP00000275517,9606.ENSP00000325290,CDCA5,HASPIN,9606,0.754,0,0,0,0.385,0,0,0.617
9606.ENSP00000275517,9606.ENSP00000479617,CDCA5,UHRF1,9606,0.762,0,0,0,0.646,0,0,0.356
9606.ENSP00000275517,9606.ENSP00000306999,CDCA5,ESCO2,9606,0.777,0,0,0,0.33,0,0,0.681
9606.ENSP00000275517,9606.ENSP00000377793,CDCA5,PRC1,9606,0.829,0,0,0,0.792,0,0,0.213
9606.ENSP00000275517,9606.ENSP00000442068,CDCA5,CDCA3,9606,0.894,0,0,0,0.759,0,0,0.58
9606.ENSP00000275517,9606.ENSP00000301633,CDCA5,BIRC5,9606,0.942,0,0,0,0.779,0,0,0.75
9606.ENSP00000275517,9606.ENSP00000313950,CDCA5,AURKB,9606,0.968,0,0,0,0.672,0,0,0.907
9606.ENSP00000276449,9606.ENSP00000359719,STAR,PRKACB,9606,0.863,0,0,0,0,0,0,0.863
9606.ENSP00000282388,9606.ENSP00000337386,ZFP36L2,ZFP36L1,9606,0.917,0,0,0.072,0.086,0,0.9,0.138
9606.ENSP00000282388,9606.ENSP00000356070,ZFP36L2,MAPKAPK2,9606,0.926,0,0,0,0.043,0,0.9,0.289
9606.ENSP00000282903,9606.ENSP00000317232,PLOD2,FKBP10,9606,0.926,0,0,0,0.172,0,0,0.914
9606.ENSP00000285735,9606.ENSP00000471457,RHOC,MYO9B,9606,0.736,0,0,0,0.063,0.292,0.5,0.299
9606.ENSP00000285735,9606.ENSP00000383178,RHOC,DIAPH3,9606,0.766,0,0,0,0.074,0.25,0.5,0.406
9606.ENSP00000287156,9606.ENSP00000464087,UBE2L6,RNF213,9606,0.731,0,0,0,0.204,0.602,0,0.22
9606.ENSP00000287156,9606.ENSP00000323889,UBE2L6,TRIM25,9606,0.987,0,0,0,0.083,0.35,0.9,0.811
9606.ENSP00000289361,9606.ENSP00000366937,BTN3A1,BTN3A2,9606,0.993,0,0,0.05,0.769,0.934,0.4,0.38
9606.ENSP00000289473,9606.ENSP00000480524,NCF1,GTF2IRD2B,9606,0.779,0,0.015,0,0,0.044,0,0.779
9606.ENSP00000289473,9606.ENSP00000362680,NCF1,SRC,9606,0.905,0,0,0,0.057,0.101,0,0.897
9606.ENSP00000289473,9606.ENSP00000378332,NCF1,TGFB1I1,9606,0.905,0,0,0,0.067,0.422,0,0.839
9606.ENSP00000290401,9606.ENSP00000392043,NPTN,ATP2B1,9606,0.77,0,0,0,0.133,0.36,0,0.619
9606.ENSP00000293288,9606.ENSP00000359719,BAX,PRKACB,9606,0.923,0,0,0,0.042,0,0.9,0.265
9606.ENSP00000293288,9606.ENSP00000376943,BAX,BCL2L11,9606,0.998,0,0,0,0.06,0.929,0.9,0.837
9606.ENSP00000295454,9606.ENSP00000411256,GABRB1,GABARAPL1,9606,0.8,0,0,0,0,0,0.65,0.454
9606.ENSP00000295454,9606.ENSP00000308725,GABRB1,GABRB3,9606,0.95,0,0,0.051,0.112,0,0.9,0.485
9606.ENSP00000296280,9606.ENSP00000396688,MASP1,C4A,9606,0.942,0,0,0,0.067,0.432,0.4,0.839
9606.ENSP00000296464,9606.ENSP00000310219,HSPA4L,HSPA6,9606,0.755,0,0,0.15,0.194,0.241,0.5,0.204
9606.ENSP00000296464,9606.ENSP00000378324,HSPA4L,DNAJA4,9606,0.801,0.041,0,0.206,0.251,0.332,0.162,0.495
9606.ENSP00000296511,9606.ENSP00000376943,ANXA5,BCL2L11,9606,0.712,0,0,0,0,0,0,0.712
9606.ENSP00000296511,9606.ENSP00000362680,ANXA5,SRC,9606,0.736,0,0,0,0.086,0,0,0.723
9606.ENSP00000296511,9606.ENSP00000478887,ANXA5,MYC,9606,0.741,0,0,0,0.087,0.124,0,0.703
9606.ENSP00000296511,9606.ENSP00000357801,ANXA5,S100A10,9606,0.833,0,0,0,0.296,0.074,0,0.764
9606.ENSP00000296526,9606.ENSP00000316377,GRIA2,DLGAP1,9606,0.722,0,0,0,0.205,0.095,0,0.645
9606.ENSP00000296526,9606.ENSP00000359719,GRIA2,PRKACB,9606,0.939,0,0,0,0.085,0,0.9,0.396
9606.ENSP00000296526,9606.ENSP00000379098,GRIA2,CAMK2B,9606,0.953,0,0,0,0.214,0.06,0.9,0.447
9606.ENSP00000297323,9606.ENSP00000499717,ADCY1,CALM1,9606,0.733,0,0,0,0,0.046,0.7,0.142
9606.ENSP00000297323,9606.ENSP00000310661,ADCY1,PDE7B,9606,0.756,0,0,0,0.055,0.126,0.67,0.21
9606.ENSP00000297323,9606.ENSP00000334910,ADCY1,PDE2A,9606,0.768,0,0,0,0.08,0.126,0.67,0.226
9606.ENSP00000297323,9606.ENSP00000379098,ADCY1,CAMK2B,9606,0.77,0,0,0,0.201,0.063,0.65,0.229
9606.ENSP00000297323,9606.ENSP00000345502,ADCY1,PDE4D,9606,0.781,0,0,0,0.055,0.126,0.67,0.29
9606.ENSP00000297323,9606.ENSP00000334051,ADCY1,GNAL,9606,0.944,0,0,0,0.079,0.258,0.9,0.277
9606.ENSP00000297323,9606.ENSP00000359719,ADCY1,PRKACB,9606,0.949,0,0,0,0,0.096,0.9,0.488
9606.ENSP00000299166,9606.ENSP00000364204,NDUFB8,PINK1,9606,0.766,0,0,0,0,0,0.65,0.359
9606.ENSP00000299166,9606.ENSP00000377411,NDUFB8,NDUFA4L2,9606,0.821,0,0,0,0.564,0,0.467,0.294
9606.ENSP00000299166,9606.ENSP00000429707,NDUFB8,COX6C,9606,0.927,0,0,0,0.512,0.585,0,0.669
9606.ENSP00000299166,9606.ENSP00000392709,NDUFB8,NDUFS1,9606,0.999,0,0,0,0.668,0.988,0.967,0.788
9606.ENSP00000300231,9606.ENSP00000411256,MAP1A,GABARAPL1,9606,0.926,0,0,0,0,0.053,0,0.926
9606.ENSP00000300249,9606.ENSP00000313950,MAPRE2,AURKB,9606,0.735,0,0,0,0.083,0.642,0,0.257
9606.ENSP00000301050,9606.ENSP00000377840,CACNB3,CACNB1,9606,0.937,0,0,0.062,0.06,0.785,0.54,0.396
9606.ENSP00000301050,9606.ENSP00000438949,CACNB3,CACNB4,9606,0.964,0,0,0.056,0,0.395,0.9,0.446
9606.ENSP00000301454,9606.ENSP00000321455,SLC25A23,MICU3,9606,0.728,0,0,0,0,0,0,0.728
9606.ENSP00000301454,9606.ENSP00000392709,SLC25A23,NDUFS1,9606,0.778,0,0,0,0.042,0.748,0,0.158
9606.ENSP00000301454,9606.ENSP00000493232,SLC25A23,MICU1,9606,0.985,0,0,0,0.049,0,0,0.985
9606.ENSP00000301633,9606.ENSP00000479617,BIRC5,UHRF1,9606,0.707,0,0,0,0.604,0,0,0.29
9606.ENSP00000301633,9606.ENSP00000438483,BIRC5,KPNA2,9606,0.818,0,0,0,0.716,0,0,0.386
9606.ENSP00000301633,9606.ENSP00000478887,BIRC5,MYC,9606,0.825,0,0,0,0.091,0.051,0.4,0.702
9606.ENSP00000301633,9606.ENSP00000306473,BIRC5,SHCBP1,9606,0.853,0,0,0,0.814,0,0,0.243
9606.ENSP00000301633,9606.ENSP00000468425,BIRC5,TK1,9606,0.92,0,0,0,0.846,0,0,0.501
9606.ENSP00000301633,9606.ENSP00000377793,BIRC5,PRC1,9606,0.94,0,0,0,0.871,0.292,0,0.398
9606.ENSP00000301633,9606.ENSP00000442068,BIRC5,CDCA3,9606,0.96,0,0,0,0.929,0,0,0.465
9606.ENSP00000301633,9606.ENSP00000313950,BIRC5,AURKB,9606,0.999,0,0,0,0.764,0.944,0.8,0.996
9606.ENSP00000303373,9606.ENSP00000489317,H2AC8,H2BC6,9606,0.747,0,0.018,0,0.578,0.178,0,0.329
9606.ENSP00000303373,9606.ENSP00000339566,H2AC8,H1-2,9606,0.828,0,0.002,0,0.486,0.453,0,0.438
9606.ENSP00000303373,9606.ENSP00000483903,H2AC8,H2BC15,9606,0.841,0,0.018,0,0.43,0.44,0.4,0.27
9606.ENSP00000303373,9606.ENSP00000477907,H2AC8,H2BC14,9606,0.903,0,0.018,0,0.509,0.294,0.4,0.59
9606.ENSP00000303373,9606.ENSP00000321744,H2AC8,H2BC4,9606,0.934,0,0.018,0,0.622,0.178,0.4,0.69
9606.ENSP00000303373,9606.ENSP00000348924,H2AC8,H2BC7,9606,0.939,0,0.018,0,0.82,0.178,0,0.622
9606.ENSP00000303373,9606.ENSP00000483842,H2AC8,H2AC4,9606,0.967,0,0,0.048,0.336,0.9,0.54,0.043
9606.ENSP00000303373,9606.ENSP00000367022,H2AC8,H2AC6,9606,0.967,0,0,0.048,0.463,0.907,0.4,0.047
9606.ENSP00000303373,9606.ENSP00000480826,H2AC8,H3C1,9606,0.985,0,0.024,0,0.363,0.936,0,0.669
9606.ENSP00000303373,9606.ENSP00000477527,H2AC8,H2BC17,9606,0.985,0,0.018,0,0.706,0.864,0.4,0.451
9606.ENSP00000303373,9606.ENSP00000479106,H2AC8,H4C1,9606,0.991,0,0.019,0,0.277,0.915,0.54,0.728
9606.ENSP00000303373,9606.ENSP00000366974,H2AC8,H4C2,9606,0.992,0,0.019,0,0.377,0.915,0.54,0.725
9606.ENSP00000303373,9606.ENSP00000347168,H2AC8,H4C11,9606,0.992,0,0.019,0,0.398,0.915,0.54,0.728
9606.ENSP00000303373,9606.ENSP00000489236,H2AC8,H4C8,9606,0.996,0,0.019,0,0.684,0.915,0.54,0.727
9606.ENSP00000303373,9606.ENSP00000476136,H2AC8,H2BC11,9606,0.997,0,0.018,0,0.551,0.985,0.54,0.27
9606.ENSP00000306253,9606.ENSP00000499717,ITPR1,CALM1,9606,0.742,0,0,0,0.049,0.319,0.5,0.297
9606.ENSP00000306253,9606.ENSP00000493232,ITPR1,MICU1,9606,0.766,0,0,0,0.042,0,0,0.766
9606.ENSP00000306253,9606.ENSP00000439937,ITPR1,HOMER3,9606,0.905,0,0,0,0,0.113,0,0.898
9606.ENSP00000306253,9606.ENSP00000367762,ITPR1,PLCB4,9606,0.947,0,0,0,0.049,0.095,0.9,0.459
9606.ENSP00000306253,9606.ENSP00000334382,ITPR1,HOMER1,9606,0.95,0,0,0,0.047,0.186,0,0.941
9606.ENSP00000306253,9606.ENSP00000338185,ITPR1,PLCB1,9606,0.95,0,0,0,0.055,0.071,0.9,0.504
9606.ENSP00000306253,9606.ENSP00000359719,ITPR1,PRKACB,9606,0.972,0,0,0,0.06,0.049,0.9,0.724
9606.ENSP00000306473,9606.ENSP00000377793,SHCBP1,PRC1,9606,0.785,0,0,0,0.742,0,0,0.203
9606.ENSP00000306473,9606.ENSP00000387007,SHCBP1,NCAPG2,9606,0.854,0,0,0,0.803,0,0,0.291
9606.ENSP00000306772,9606.ENSP00000442786,LDB2,LMO3,9606,0.794,0,0,0,0.084,0.634,0,0.435
9606.ENSP00000306999,9606.ENSP00000440402,ESCO2,DDX11,9606,0.775,0,0,0,0.123,0.239,0,0.689
9606.ENSP00000307260,9606.ENSP00000364902,TBL2,POFUT1,9606,0.766,0,0,0,0.766,0,0,0
9606.ENSP00000307260,9606.ENSP00000317232,TBL2,FKBP10,9606,0.774,0.042,0,0,0.082,0.063,0,0.758
9606.ENSP00000308208,9606.ENSP00000362680,MMP14,SRC,9606,0.742,0,0,0,0.105,0,0,0.724
9606.ENSP00000308208,9606.ENSP00000309714,MMP14,SH3PXD2B,9606,0.862,0,0,0,0.284,0,0,0.816
9606.ENSP00000308461,9606.ENSP00000358696,RND1,PLXNA3,9606,0.939,0,0,0,0,0.113,0.9,0.37
9606.ENSP00000308725,9606.ENSP00000411256,GABRB3,GABARAPL1,9606,0.78,0,0,0,0.048,0,0.65,0.394
9606.ENSP00000308725,9606.ENSP00000490940,GABRB3,ARHGEF9,9606,0.784,0,0,0,0.101,0,0.5,0.559
9606.ENSP00000308937,9606.ENSP00000358497,PMP22,RNGTT,9606,0.718,0,0,0,0,0,0,0.718
9606.ENSP00000309714,9606.ENSP00000362680,SH3PXD2B,SRC,9606,0.816,0,0,0,0.072,0.101,0,0.797
9606.ENSP00000310219,9606.ENSP00000378324,HSPA6,DNAJA4,9606,0.888,0.041,0,0.404,0.29,0.464,0.162,0.502
9606.ENSP00000310219,9606.ENSP00000394560,HSPA6,MAPK9,9606,0.906,0,0,0,0.06,0,0.9,0.082
9606.ENSP00000310832,9606.ENSP00000411256,CTSF,GABARAPL1,9606,0.706,0,0,0,0.1,0,0,0.687
9606.ENSP00000313950,9606.ENSP00000402084,AURKB,WEE1,9606,0.758,0,0,0,0.149,0.071,0,0.718
9606.ENSP00000313950,9606.ENSP00000345708,AURKB,KCNJ11,9606,0.76,0,0,0,0,0,0,0.76
9606.ENSP00000313950,9606.ENSP00000478887,AURKB,MYC,9606,0.761,0,0,0,0.112,0.128,0,0.716
9606.ENSP00000313950,9606.ENSP00000468425,AURKB,TK1,9606,0.767,0,0,0,0.503,0,0,0.55
9606.ENSP00000313950,9606.ENSP00000480826,AURKB,H3C1,9606,0.821,0,0,0,0.108,0.792,0,0.116
9606.ENSP00000313950,9606.ENSP00000377793,AURKB,PRC1,9606,0.85,0,0,0,0.576,0.317,0,0.523
9606.ENSP00000313950,9606.ENSP00000442068,AURKB,CDCA3,9606,0.933,0,0,0,0.835,0,0,0.612
9606.ENSP00000313950,9606.ENSP00000325290,AURKB,HASPIN,9606,0.956,0,0,0,0.386,0.292,0,0.908
9606.ENSP00000316377,9606.ENSP00000385142,DLGAP1,NRXN1,9606,0.774,0,0,0,0.192,0.1,0.5,0.452
9606.ENSP00000316377,9606.ENSP00000439937,DLGAP1,HOMER3,9606,0.943,0,0,0,0.055,0.091,0.5,0.883
9606.ENSP00000316377,9606.ENSP00000334382,DLGAP1,HOMER1,9606,0.986,0,0,0,0.067,0.099,0.5,0.972
9606.ENSP00000317232,9606.ENSP00000434412,FKBP10,SERPINH1,9606,0.947,0,0,0,0.412,0,0,0.914
9606.ENSP00000318697,9606.ENSP00000333326,TUBB6,TUBA8,9606,0.964,0,0,0.072,0.304,0.287,0.65,0.811
9606.ENSP00000319281,9606.ENSP00000371710,BASP1,CDH18,9606,0.706,0,0,0,0.056,0,0,0.701
9606.ENSP00000319281,9606.ENSP00000478061,BASP1,MARCKS,9606,0.946,0,0,0,0.223,0.218,0,0.919
9606.ENSP00000321326,9606.ENSP00000362680,F2R,SRC,9606,0.7,0,0,0,0,0.084,0.5,0.398
9606.ENSP00000321455,9606.ENSP00000493232,MICU3,MICU1,9606,0.995,0,0,0,0.067,0.628,0.54,0.973
9606.ENSP00000321744,9606.ENSP00000434024,H2BC4,H2AX,9606,0.817,0,0.081,0,0.243,0.393,0.4,0.388
9606.ENSP00000321744,9606.ENSP00000397552,H2BC4,ACTL6A,9606,0.845,0,0,0,0,0.815,0,0.199
9606.ENSP00000321744,9606.ENSP00000339566,H2BC4,H1-2,9606,0.877,0,0.007,0,0.778,0.116,0,0.423
9606.ENSP00000321744,9606.ENSP00000483903,H2BC4,H2BC15,9606,0.902,0,0,0.048,0.199,0.812,0.4,0.044
9606.ENSP00000321744,9606.ENSP00000477907,H2BC4,H2BC14,9606,0.908,0,0,0.048,0.245,0.812,0.4,0.047
9606.ENSP00000321744,9606.ENSP00000480826,H2BC4,H3C1,9606,0.914,0,0.125,0,0.322,0.829,0,0.251
9606.ENSP00000321744,9606.ENSP00000477527,H2BC4,H2BC17,9606,0.941,0,0,0.048,0.393,0.85,0.4,0.044
9606.ENSP00000321744,9606.ENSP00000479106,H2BC4,H4C1,9606,0.962,0,0.066,0,0.302,0.915,0,0.399
9606.ENSP00000321744,9606.ENSP00000347168,H2BC4,H4C11,9606,0.964,0,0.066,0,0.346,0.915,0,0.394
9606.ENSP00000321744,9606.ENSP00000366974,H2BC4,H4C2,9606,0.967,0,0.066,0,0.369,0.915,0,0.424
9606.ENSP00000321744,9606.ENSP00000489317,H2BC4,H2BC6,9606,0.976,0,0,0.048,0.775,0.9,0,0
9606.ENSP00000321744,9606.ENSP00000348924,H2BC4,H2BC7,9606,0.977,0,0,0.048,0.661,0.9,0,0.374
9606.ENSP00000321744,9606.ENSP00000489236,H2BC4,H4C8,9606,0.979,0,0.066,0,0.625,0.915,0,0.397
9606.ENSP00000321744,9606.ENSP00000367022,H2BC4,H2AC6,9606,0.99,0,0.018,0,0.708,0.914,0.4,0.42
9606.ENSP00000322532,9606.ENSP00000358997,PELI3,IRAK1,9606,0.997,0,0,0,0,0.854,0.5,0.97
9606.ENSP00000323889,9606.ENSP00000450799,TRIM25,KHNYN,9606,0.739,0,0,0,0.113,0,0,0.717
9606.ENSP00000325290,9606.ENSP00000345708,HASPIN,KCNJ11,9606,0.719,0,0,0,0,0,0,0.719
9606.ENSP00000326247,9606.ENSP00000354822,SAMD9L,XAF1,9606,0.87,0,0,0,0.78,0.095,0,0.403
9606.ENSP00000326737,9606.ENSP00000352414,TNFRSF12A,FGF17,9606,0.714,0,0,0,0,0,0,0.714
9606.ENSP00000326737,9606.ENSP00000367013,TNFRSF12A,TNFRSF25,9606,0.8,0,0,0,0,0,0,0.8
9606.ENSP00000327214,9606.ENSP00000409667,ATP13A2,SYNJ1,9606,0.734,0,0,0,0.046,0.049,0,0.73
9606.ENSP00000327214,9606.ENSP00000364204,ATP13A2,PINK1,9606,0.924,0,0,0,0.062,0,0,0.922
9606.ENSP00000328777,9606.ENSP00000342235,EFNA5,ERBB4,9606,0.7,0,0,0,0,0,0.65,0.178
9606.ENSP00000328777,9606.ENSP00000481994,EFNA5,EPHB6,9606,0.913,0,0,0,0.088,0.098,0.5,0.813
9606.ENSP00000328777,9606.ENSP00000374323,EFNA5,EPHA6,9606,0.923,0,0,0,0.087,0.287,0.65,0.704
9606.ENSP00000328777,9606.ENSP00000480763,EFNA5,EPHA5,9606,0.999,0,0,0,0.098,0.4,0.65,0.996
9606.ENSP00000328992,9606.ENSP00000409667,PAXBP1,SYNJ1,9606,0.75,0,0.443,0,0.083,0,0,0.55
9606.ENSP00000329357,9606.ENSP00000394560,SP1,MAPK9,9606,0.909,0,0,0,0.049,0.055,0.9,0.114
9606.ENSP00000329357,9606.ENSP00000359719,SP1,PRKACB,9606,0.935,0,0,0,0,0.096,0.9,0.343
9606.ENSP00000329357,9606.ENSP00000362680,SP1,SRC,9606,0.947,0,0,0,0.049,0.164,0.9,0.412
9606.ENSP00000329357,9606.ENSP00000478887,SP1,MYC,9606,0.974,0,0,0,0.06,0.785,0,0.883
9606.ENSP00000333262,9606.ENSP00000357583,INPP5J,INPP5A,9606,0.991,0,0,0,0.075,0,0.9,0.911
9606.ENSP00000333667,9606.ENSP00000468425,SHMT2,TK1,9606,0.75,0.12,0,0,0.231,0,0,0.66
9606.ENSP00000333667,9606.ENSP00000377617,SHMT2,MTHFD2,9606,0.997,0.111,0,0,0.618,0.06,0.956,0.838
9606.ENSP00000334051,9606.ENSP00000358301,GNAL,ADRB1,9606,0.843,0,0,0,0.042,0.477,0.65,0.211
9606.ENSP00000334382,9606.ENSP00000385142,HOMER1,NRXN1,9606,0.706,0,0,0,0,0,0.5,0.437
9606.ENSP00000334382,9606.ENSP00000337168,HOMER1,EPB41L1,9606,0.747,0,0,0,0.067,0,0,0.74
9606.ENSP00000334382,9606.ENSP00000439937,HOMER1,HOMER3,9606,0.993,0,0,0,0,0.875,0.9,0.514
9606.ENSP00000334910,9606.ENSP00000426786,PDE2A,GUCY1B1,9606,0.82,0,0,0,0.086,0.126,0.689,0.362
9606.ENSP00000337168,9606.ENSP00000343158,EPB41L1,EPB41L3,9606,0.769,0,0,0,0.06,0.52,0.5,0.096
9606.ENSP00000337386,9606.ENSP00000356070,ZFP36L1,MAPKAPK2,9606,0.983,0,0,0,0.049,0.51,0.9,0.691
9606.ENSP00000337838,9606.ENSP00000371693,RTN4,TNFRSF19,9606,0.75,0,0,0,0,0,0,0.75
9606.ENSP00000337838,9606.ENSP00000351155,RTN4,ATL1,9606,0.834,0,0,0,0.062,0.479,0,0.687
9606.ENSP00000337838,9606.ENSP00000368959,RTN4,REEP5,9606,0.954,0,0,0,0.134,0.512,0,0.901
9606.ENSP00000338185,9606.ENSP00000378306,PLCB1,PPP3CB,9606,0.7,0,0,0,0.056,0,0.65,0.164
9606.ENSP00000338185,9606.ENSP00000409667,PLCB1,SYNJ1,9606,0.73,0,0,0,0.087,0,0.65,0.224
9606.ENSP00000338185,9606.ENSP00000378323,PLCB1,PPP3CA,9606,0.731,0,0,0,0.067,0,0.65,0.242
9606.ENSP00000338185,9606.ENSP00000385780,PLCB1,DGKB,9606,0.733,0,0,0,0.066,0,0.65,0.25
9606.ENSP00000338185,9606.ENSP00000367762,PLCB1,PLCB4,9606,0.783,0,0,0.074,0.062,0,0.65,0.372
9606.ENSP00000338185,9606.ENSP00000497527,PLCB1,INPP5F,9606,0.903,0,0,0,0.044,0,0.9,0.072
9606.ENSP00000338185,9606.ENSP00000379098,PLCB1,CAMK2B,9606,0.924,0,0,0,0.089,0,0.9,0.236
9606.ENSP00000338185,9606.ENSP00000357583,PLCB1,INPP5A,9606,0.926,0,0,0,0.131,0,0.9,0.218
9606.ENSP00000339566,9606.ENSP00000366974,H1-2,H4C2,9606,0.709,0,0,0,0.188,0.172,0,0.601
9606.ENSP00000339566,9606.ENSP00000347168,H1-2,H4C11,9606,0.71,0,0,0,0.239,0.172,0,0.576
9606.ENSP00000339566,9606.ENSP00000489317,H1-2,H2BC6,9606,0.717,0,0.007,0,0.512,0.116,0,0.397
9606.ENSP00000339566,9606.ENSP00000348924,H1-2,H2BC7,9606,0.797,0,0.007,0,0.655,0.116,0,0.388
9606.ENSP00000339566,9606.ENSP00000489236,H1-2,H4C8,9606,0.826,0,0,0,0.531,0.172,0,0.588
9606.ENSP00000339566,9606.ENSP00000367022,H1-2,H2AC6,9606,0.87,0,0.002,0,0.77,0.136,0,0.397
9606.ENSP00000340691,9606.ENSP00000393324,EIF4EBP1,EIF4E3,9606,0.798,0,0,0,0,0.308,0,0.721
9606.ENSP00000341885,9606.ENSP00000388337,RPS2,SEC61G,9606,0.833,0,0,0,0.122,0.817,0,0
9606.ENSP00000341885,9606.ENSP00000375632,RPS2,RPS9,9606,0.999,0.111,0,0,0.991,0.997,0.9,0.88
9606.ENSP00000341885,9606.ENSP00000426909,RPS2,RACK1,9606,0.999,0,0,0,0.991,0.997,0.54,0.713
9606.ENSP00000342144,9606.ENSP00000388823,EVC2,NSG1,9606,0.749,0,0,0,0,0,0,0.749
9606.ENSP00000342235,9606.ENSP00000352414,ERBB4,FGF17,9606,0.767,0,0,0,0.099,0,0.65,0.323
9606.ENSP00000342235,9606.ENSP00000362680,ERBB4,SRC,9606,0.916,0,0,0,0,0.23,0.8,0.501
9606.ENSP00000342235,9606.ENSP00000364995,ERBB4,SHC3,9606,0.947,0,0,0,0.084,0.392,0.9,0.169
9606.ENSP00000345436,9606.ENSP00000385142,CASKIN1,NRXN1,9606,0.924,0,0,0,0.148,0.047,0,0.914
9606.ENSP00000345502,9606.ENSP00000426909,PDE4D,RACK1,9606,0.88,0,0,0,0.051,0.735,0,0.564
9606.ENSP00000345502,9606.ENSP00000359719,PDE4D,PRKACB,9606,0.919,0,0,0,0.085,0.11,0.65,0.75
9606.ENSP00000345708,9606.ENSP00000494321,KCNJ11,ABCC8,9606,0.999,0,0.036,0,0.227,0.992,0.72,0.999
9606.ENSP00000345824,9606.ENSP00000427018,TSPOAP1,RIMS2,9606,0.97,0,0,0,0,0.579,0,0.932
9606.ENSP00000346160,9606.ENSP00000394560,DUSP19,MAPK9,9606,0.723,0,0,0,0.077,0.357,0,0.57
9606.ENSP00000346534,9606.ENSP00000487785,SCN8A,KCNA2,9606,0.769,0,0,0,0.123,0.094,0,0.732
9606.ENSP00000346534,9606.ENSP00000469242,SCN8A,SPTBN4,9606,0.837,0,0,0,0.109,0,0.5,0.665
9606.ENSP00000346534,9606.ENSP00000365301,SCN8A,FGF14,9606,0.962,0,0,0,0.109,0.66,0,0.886
9606.ENSP00000346534,9606.ENSP00000396915,SCN8A,SCN1B,9606,0.97,0,0,0,0.086,0.505,0.54,0.875
9606.ENSP00000347168,9606.ENSP00000397552,H4C11,ACTL6A,9606,0.861,0,0,0,0,0.853,0,0.093
9606.ENSP00000347168,9606.ENSP00000483903,H4C11,H2BC15,9606,0.892,0,0.06,0,0.308,0.831,0,0.133
9606.ENSP00000347168,9606.ENSP00000434024,H4C11,H2AX,9606,0.951,0,0.026,0,0.205,0.915,0,0.335
9606.ENSP00000347168,9606.ENSP00000477907,H4C11,H2BC14,9606,0.955,0,0.06,0,0.373,0.915,0,0.204
9606.ENSP00000347168,9606.ENSP00000477527,H4C11,H2BC17,9606,0.955,0,0.066,0,0.398,0.915,0,0.177
9606.ENSP00000347168,9606.ENSP00000489236,H4C11,H4C8,9606,0.955,0,0,0.049,0.109,0.9,0.54,0
9606.ENSP00000347168,9606.ENSP00000479106,H4C11,H4C1,9606,0.957,0,0,0.049,0.151,0.9,0.54,0
9606.ENSP00000347168,9606.ENSP00000367022,H4C11,H2AC6,9606,0.97,0,0.019,0,0.23,0.938,0,0.423
9606.ENSP00000347168,9606.ENSP00000489317,H4C11,H2BC6,9606,0.973,0,0.066,0,0.404,0.915,0,0.496
9606.ENSP00000347168,9606.ENSP00000348924,H4C11,H2BC7,9606,0.974,0,0.066,0,0.413,0.915,0,0.504
9606.ENSP00000347168,9606.ENSP00000476136,H4C11,H2BC11,9606,0.976,0,0.065,0,0.318,0.915,0.54,0.185
9606.ENSP00000347168,9606.ENSP00000366974,H4C11,H4C2,9606,0.978,0,0,0.049,0.337,0.9,0.54,0.375
9606.ENSP00000347168,9606.ENSP00000480826,H4C11,H3C1,9606,0.986,0,0.069,0,0.284,0.915,0,0.784
9606.ENSP00000347168,9606.ENSP00000483842,H4C11,H2AC4,9606,0.992,0,0.019,0,0.356,0.915,0.54,0.745
9606.ENSP00000347232,9606.ENSP00000478887,BLM,MYC,9606,0.708,0,0,0,0.055,0.394,0,0.531
9606.ENSP00000347232,9606.ENSP00000434024,BLM,H2AX,9606,0.894,0,0,0,0.107,0.547,0.5,0.539
9606.ENSP00000348924,9606.ENSP00000483842,H2BC7,H2AC4,9606,0.748,0,0.018,0,0.545,0.178,0,0.382
9606.ENSP00000348924,9606.ENSP00000397552,H2BC7,ACTL6A,9606,0.824,0,0,0,0,0.815,0,0.087
9606.ENSP00000348924,9606.ENSP00000483903,H2BC7,H2BC15,9606,0.883,0,0,0.048,0.402,0.812,0,0
9606.ENSP00000348924,9606.ENSP00000477907,H2BC7,H2BC14,9606,0.927,0,0,0.048,0.624,0.812,0,0.043
9606.ENSP00000348924,9606.ENSP00000480826,H2BC7,H3C1,9606,0.932,0,0.125,0,0.407,0.829,0,0.326
9606.ENSP00000348924,9606.ENSP00000477527,H2BC7,H2BC17,9606,0.964,0,0,0.048,0.773,0.85,0,0.044
9606.ENSP00000348924,9606.ENSP00000479106,H2BC7,H4C1,9606,0.969,0,0.066,0,0.319,0.915,0,0.504
9606.ENSP00000348924,9606.ENSP00000489317,H2BC7,H2BC6,9606,0.975,0,0,0.048,0.767,0.9,0,0
9606.ENSP00000348924,9606.ENSP00000366974,H2BC7,H4C2,9606,0.976,0,0.066,0,0.473,0.915,0,0.504
9606.ENSP00000348924,9606.ENSP00000489236,H2BC7,H4C8,9606,0.984,0,0.066,0,0.636,0.915,0,0.528
9606.ENSP00000348924,9606.ENSP00000367022,H2BC7,H2AC6,9606,0.985,0,0.018,0,0.615,0.914,0,0.584
9606.ENSP00000349428,9606.ENSP00000397552,PTBP1,ACTL6A,9606,0.712,0,0,0,0.398,0,0,0.541
9606.ENSP00000349428,9606.ENSP00000477213,PTBP1,APBB1,9606,0.752,0,0,0,0,0.167,0,0.715
9606.ENSP00000349428,9606.ENSP00000478887,PTBP1,MYC,9606,0.802,0,0,0,0.103,0.216,0,0.742
9606.ENSP00000349428,9606.ENSP00000400433,PTBP1,HNRNPF,9606,0.942,0,0,0,0.769,0.071,0.4,0.608
9606.ENSP00000349541,9606.ENSP00000357801,CAVIN1,S100A10,9606,0.729,0,0,0,0.72,0,0,0.072
9606.ENSP00000351155,9606.ENSP00000368959,ATL1,REEP5,9606,0.842,0,0,0,0.056,0.164,0,0.816
9606.ENSP00000352414,9606.ENSP00000365301,FGF17,FGF14,9606,0.713,0,0,0,0.131,0,0,0.683
9606.ENSP00000353414,9606.ENSP00000359719,ATP2B2,PRKACB,9606,0.927,0,0,0,0.148,0.046,0.9,0.213
9606.ENSP00000353582,9606.ENSP00000358696,NRP2,PLXNA3,9606,0.996,0,0,0,0.043,0.066,0.54,0.993
9606.ENSP00000354560,9606.ENSP00000385808,KIFAP3,KIF3A,9606,0.999,0,0,0,0.311,0.996,0.8,0.997
9606.ENSP00000354778,9606.ENSP00000447006,CNTNAP2,CNTN1,9606,0.751,0,0,0,0.139,0.425,0,0.537
9606.ENSP00000354778,9606.ENSP00000367323,CNTNAP2,KCNAB2,9606,0.79,0,0,0,0,0.076,0,0.783
9606.ENSP00000354778,9606.ENSP00000487785,CNTNAP2,KCNA2,9606,0.983,0,0,0,0.086,0.3,0,0.976
9606.ENSP00000354826,9606.ENSP00000499717,CALD1,CALM1,9606,0.722,0,0,0,0,0.354,0.5,0.209
9606.ENSP00000354826,9606.ENSP00000379616,CALD1,MYH11,9606,0.946,0,0,0,0.159,0.1,0.8,0.686
9606.ENSP00000355187,9606.ENSP00000385142,LRRTM3,NRXN1,9606,0.882,0,0,0,0.208,0.127,0.5,0.7
9606.ENSP00000355512,9606.ENSP00000355517,OPN3,KMO,9606,0.867,0,0,0,0.088,0,0,0.861
9606.ENSP00000357583,9606.ENSP00000498684,INPP5A,FHL1,9606,0.777,0,0,0,0.103,0,0,0.762
9606.ENSP00000357583,9606.ENSP00000367762,INPP5A,PLCB4,9606,0.928,0,0,0,0.129,0,0.9,0.241
9606.ENSP00000357597,9606.ENSP00000364591,TSPYL1,TSPYL2,9606,0.786,0,0,0.112,0.056,0.737,0,0.147
9606.ENSP00000357612,9606.ENSP00000367323,SLC39A1,KCNAB2,9606,0.712,0,0,0,0,0,0,0.712
9606.ENSP00000357801,9606.ENSP00000366109,S100A10,ANXA1,9606,0.977,0,0,0,0.661,0.101,0,0.93
9606.ENSP00000357838,9606.ENSP00000384949,OAT,PYCR1,9606,0.808,0.102,0,0,0.319,0,0,0.712
9606.ENSP00000358142,9606.ENSP00000377779,SV2A,SV2B,9606,0.909,0,0,0.057,0.084,0,0.9,0.072
9606.ENSP00000358696,9606.ENSP00000467290,PLXNA3,SEMA6B,9606,0.814,0,0,0,0,0.295,0,0.748
9606.ENSP00000358696,9606.ENSP00000371936,PLXNA3,SEMA5A,9606,0.846,0,0,0,0.049,0.225,0,0.808
9606.ENSP00000358802,9606.ENSP00000367323,KCNC4,KCNAB2,9606,0.844,0,0,0,0.063,0.186,0.5,0.64
9606.ENSP00000359719,9606.ENSP00000451188,PRKACB,GSKIP,9606,0.773,0,0,0,0.055,0.071,0,0.763
9606.ENSP00000359719,9606.ENSP00000438949,PRKACB,CACNB4,9606,0.794,0,0,0,0.068,0,0.65,0.42
9606.ENSP00000359719,9606.ENSP00000370373,PRKACB,FKBP1B,9606,0.846,0,0,0,0.042,0,0,0.845
9606.ENSP00000359719,9606.ENSP00000396915,PRKACB,SCN1B,9606,0.906,0,0,0,0,0,0.9,0.108
9606.ENSP00000359719,9606.ENSP00000392043,PRKACB,ATP2B1,9606,0.925,0,0,0,0.137,0.046,0.9,0.203
9606.ENSP00000359719,9606.ENSP00000411256,PRKACB,GABARAPL1,9606,0.937,0,0,0,0.189,0,0.9,0.295
9606.ENSP00000359719,9606.ENSP00000494321,PRKACB,ABCC8,9606,0.937,0,0.008,0,0.089,0,0.9,0.372
9606.ENSP00000359719,9606.ENSP00000378207,PRKACB,AKAP5,9606,0.998,0,0,0,0.067,0.828,0.5,0.985
9606.ENSP00000362171,9606.ENSP00000362616,NAP1L3,NAP1L2,9606,0.817,0,0,0.122,0.43,0.619,0,0.156
9606.ENSP00000362205,9606.ENSP00000420298,TREM2,CD200,9606,0.776,0,0,0,0.042,0,0,0.776
9606.ENSP00000362570,9606.ENSP00000455068,FNDC5,METRN,9606,0.704,0,0,0,0.059,0,0,0.698
9606.ENSP00000362680,9606.ENSP00000376943,SRC,BCL2L11,9606,0.748,0,0,0,0.062,0,0.5,0.506
9606.ENSP00000362680,9606.ENSP00000366109,SRC,ANXA1,9606,0.774,0,0,0,0.047,0.072,0.5,0.549
9606.ENSP00000362680,9606.ENSP00000478887,SRC,MYC,9606,0.805,0,0,0,0.057,0.045,0,0.801
9606.ENSP00000362680,9606.ENSP00000394560,SRC,MAPK9,9606,0.954,0,0,0,0.054,0.094,0.9,0.536
9606.ENSP00000362680,9606.ENSP00000364995,SRC,SHC3,9606,0.963,0,0,0,0.087,0.091,0.9,0.614
9606.ENSP00000362680,9606.ENSP00000426909,SRC,RACK1,9606,0.993,0,0,0,0.044,0.629,0,0.983
9606.ENSP00000362680,9606.ENSP00000452786,SRC,ITGB3,9606,0.998,0,0,0,0.09,0.309,0.9,0.972
9606.ENSP00000362680,9606.ENSP00000380638,SRC,PTK2B,9606,0.999,0,0,0,0.067,0.804,0.9,0.986
9606.ENSP00000364204,9606.ENSP00000411256,PINK1,GABARAPL1,9606,0.719,0,0,0,0.159,0,0,0.68
9606.ENSP00000364204,9606.ENSP00000392709,PINK1,NDUFS1,9606,0.742,0,0,0,0.044,0.079,0.65,0.262
9606.ENSP00000365576,9606.ENSP00000411256,UBQLN1,GABARAPL1,9606,0.704,0,0,0,0.106,0.052,0,0.679
9606.ENSP00000365576,9606.ENSP00000385684,UBQLN1,HERC3,9606,0.853,0,0,0,0.049,0.523,0,0.703
9606.ENSP00000366974,9606.ENSP00000397552,H4C2,ACTL6A,9606,0.862,0,0,0,0.05,0.853,0,0.093
9606.ENSP00000366974,9606.ENSP00000483903,H4C2,H2BC15,9606,0.901,0,0.06,0,0.384,0.831,0,0.107
9606.ENSP00000366974,9606.ENSP00000434024,H4C2,H2AX,9606,0.96,0,0.026,0,0.229,0.926,0,0.348
9606.ENSP00000366974,9606.ENSP00000477907,H4C2,H2BC14,9606,0.967,0,0.06,0,0.548,0.915,0,0.188
9606.ENSP00000366974,9606.ENSP00000477527,H4C2,H2BC17,9606,0.967,0,0.066,0,0.539,0.915,0,0.219
9606.ENSP00000366974,9606.ENSP00000489317,H4C2,H2BC6,9606,0.969,0,0.066,0,0.315,0.915,0,0.498
9606.ENSP00000366974,9606.ENSP00000367022,H4C2,H2AC6,9606,0.971,0,0.019,0,0.227,0.938,0,0.441
9606.ENSP00000366974,9606.ENSP00000489236,H4C2,H4C8,9606,0.973,0,0,0.049,0.169,0.9,0.54,0.374
9606.ENSP00000366974,9606.ENSP00000479106,H4C2,H4C1,9606,0.978,0,0,0.049,0.327,0.9,0.54,0.374
9606.ENSP00000366974,9606.ENSP00000476136,H4C2,H2BC11,9606,0.978,0,0.065,0,0.351,0.915,0.54,0.24
9606.ENSP00000366974,9606.ENSP00000480826,H4C2,H3C1,9606,0.992,0,0.069,0,0.608,0.915,0,0.784
9606.ENSP00000366974,9606.ENSP00000483842,H4C2,H2AC4,9606,0.995,0,0.019,0,0.57,0.915,0.54,0.74
9606.ENSP00000367013,9606.ENSP00000396688,TNFRSF25,C4A,9606,0.765,0,0,0,0,0,0,0.765
9606.ENSP00000367022,9606.ENSP00000397552,H2AC6,ACTL6A,9606,0.904,0,0,0,0.049,0.846,0.4,0.043
9606.ENSP00000367022,9606.ENSP00000483842,H2AC6,H2AC4,9606,0.912,0,0,0.048,0.086,0.907,0,0.047
9606.ENSP00000367022,9606.ENSP00000480826,H2AC6,H3C1,9606,0.933,0,0.024,0,0.156,0.914,0,0.151
9606.ENSP00000367022,9606.ENSP00000479106,H2AC6,H4C1,9606,0.969,0,0.019,0,0.21,0.938,0,0.423
9606.ENSP00000367022,9606.ENSP00000489317,H2AC6,H2BC6,9606,0.979,0,0.018,0,0.52,0.914,0,0.53
9606.ENSP00000367022,9606.ENSP00000477907,H2AC6,H2BC14,9606,0.988,0,0.018,0,0.307,0.967,0.4,0.23
9606.ENSP00000367022,9606.ENSP00000476136,H2AC6,H2BC11,9606,0.988,0,0.018,0,0.546,0.92,0.4,0.542
9606.ENSP00000367022,9606.ENSP00000483903,H2AC6,H2BC15,9606,0.988,0,0.018,0,0.312,0.967,0.4,0.241
9606.ENSP00000367022,9606.ENSP00000477527,H2AC6,H2BC17,9606,0.99,0,0.018,0,0.456,0.967,0.4,0.254
9606.ENSP00000367022,9606.ENSP00000489236,H2AC6,H4C8,9606,0.991,0,0.019,0,0.771,0.938,0,0.425
9606.ENSP00000367323,9606.ENSP00000487785,KCNAB2,KCNA2,9606,0.999,0,0,0,0.105,0.798,0.5,0.994
9606.ENSP00000367762,9606.ENSP00000378323,PLCB4,PPP3CA,9606,0.707,0,0,0,0.048,0,0.65,0.193
9606.ENSP00000367762,9606.ENSP00000385780,PLCB4,DGKB,9606,0.73,0,0,0,0,0,0.65,0.262
9606.ENSP00000367762,9606.ENSP00000497527,PLCB4,INPP5F,9606,0.905,0,0,0,0.042,0,0.9,0.089
9606.ENSP00000367762,9606.ENSP00000379098,PLCB4,CAMK2B,9606,0.924,0,0,0,0.086,0,0.9,0.243
9606.ENSP00000370373,9606.ENSP00000499797,FKBP1B,CALM2,9606,0.902,0,0,0,0.236,0.854,0,0.195
9606.ENSP00000371188,9606.ENSP00000499797,CAMKK1,CALM2,9606,0.927,0,0,0,0,0.917,0,0.155
9606.ENSP00000371188,9606.ENSP00000499717,CAMKK1,CALM1,9606,0.976,0,0,0,0,0.911,0.7,0.168
9606.ENSP00000371798,9606.ENSP00000427866,FSCN1,DMTN,9606,0.771,0,0,0,0.054,0,0,0.768
9606.ENSP00000375080,9606.ENSP00000378306,PPP2R3B,PPP3CB,9606,0.753,0,0,0,0,0.091,0.72,0.111
9606.ENSP00000375080,9606.ENSP00000378323,PPP2R3B,PPP3CA,9606,0.768,0,0,0,0,0.091,0.72,0.162
9606.ENSP00000375632,9606.ENSP00000388337,RPS9,SEC61G,9606,0.852,0,0,0,0.16,0.817,0,0.11
9606.ENSP00000375632,9606.ENSP00000426909,RPS9,RACK1,9606,0.999,0,0,0,0.99,0.997,0.54,0.404
9606.ENSP00000376943,9606.ENSP00000483631,BCL2L11,USP27X,9606,0.761,0,0,0,0,0.51,0,0.533
9606.ENSP00000377411,9606.ENSP00000429707,NDUFA4L2,COX6C,9606,0.856,0,0,0,0.665,0.047,0.54,0.137
9606.ENSP00000377793,9606.ENSP00000442068,PRC1,CDCA3,9606,0.735,0,0,0,0.704,0,0,0.142
9606.ENSP00000377840,9606.ENSP00000379098,CACNB1,CAMK2B,9606,0.744,0,0,0,0.147,0,0.65,0.211
9606.ENSP00000378207,9606.ENSP00000378306,AKAP5,PPP3CB,9606,0.741,0,0,0,0,0,0.5,0.504
9606.ENSP00000378207,9606.ENSP00000499797,AKAP5,CALM2,9606,0.902,0,0,0,0,0.9,0,0.069
9606.ENSP00000378207,9606.ENSP00000378323,AKAP5,PPP3CA,9606,0.917,0,0,0,0,0.74,0,0.695
9606.ENSP00000378306,9606.ENSP00000499717,PPP3CB,CALM1,9606,0.848,0,0,0,0.089,0.336,0.7,0.263
9606.ENSP00000378306,9606.ENSP00000378323,PPP3CB,PPP3CA,9606,0.994,0,0,0.049,0.106,0.616,0.9,0.868
9606.ENSP00000378323,9606.ENSP00000499797,PPP3CA,CALM2,9606,0.957,0,0,0,0.09,0.929,0,0.386
9606.ENSP00000378323,9606.ENSP00000499717,PPP3CA,CALM1,9606,0.986,0,0,0,0.067,0.93,0.7,0.375
9606.ENSP00000378332,9606.ENSP00000380638,TGFB1I1,PTK2B,9606,0.987,0,0,0,0,0.83,0,0.93
9606.ENSP00000379098,9606.ENSP00000396915,CAMK2B,SCN1B,9606,0.914,0,0,0,0.11,0,0.9,0.112
9606.ENSP00000379098,9606.ENSP00000499797,CAMK2B,CALM2,9606,0.969,0,0,0,0.056,0.952,0,0.369
9606.ENSP00000379098,9606.ENSP00000499717,CAMK2B,CALM1,9606,0.993,0,0,0,0.061,0.952,0.8,0.36
9606.ENSP00000379256,9606.ENSP00000499717,NCALD,CALM1,9606,0.831,0,0,0,0.055,0.102,0.8,0.124
9606.ENSP00000379644,9606.ENSP00000496168,SOX6,BCL11A,9606,0.942,0,0,0,0.044,0.059,0,0.94
9606.ENSP00000380638,9606.ENSP00000452786,PTK2B,ITGB3,9606,0.872,0,0,0,0.103,0.336,0.5,0.621
9606.ENSP00000383986,9606.ENSP00000478887,CDCA7L,MYC,9606,0.995,0,0,0,0.085,0.51,0,0.991
9606.ENSP00000384490,9606.ENSP00000480826,CBX6,H3C1,9606,0.927,0,0,0,0,0.925,0,0.066
9606.ENSP00000388337,9606.ENSP00000426909,SEC61G,RACK1,9606,0.86,0,0,0,0.14,0.842,0,0.055
9606.ENSP00000391249,9606.ENSP00000391311,SEPTIN9,SEPTIN5,9606,0.942,0,0,0.079,0.055,0.753,0.72,0.183
9606.ENSP00000394560,9606.ENSP00000410402,MAPK9,MAP2K4,9606,0.999,0,0,0.108,0.243,0.995,0.9,0.359
9606.ENSP00000397552,9606.ENSP00000477527,ACTL6A,H2BC17,9606,0.852,0,0,0,0.057,0.815,0,0.223
9606.ENSP00000397552,9606.ENSP00000489236,ACTL6A,H4C8,9606,0.861,0,0,0,0,0.853,0,0.093
9606.ENSP00000397552,9606.ENSP00000479106,ACTL6A,H4C1,9606,0.863,0,0,0,0,0.853,0,0.106
9606.ENSP00000397552,9606.ENSP00000480826,ACTL6A,H3C1,9606,0.867,0,0,0,0.068,0.85,0,0.127
9606.ENSP00000397552,9606.ENSP00000489317,ACTL6A,H2BC6,9606,0.881,0,0,0,0.044,0.874,0,0.087
9606.ENSP00000397552,9606.ENSP00000478887,ACTL6A,MYC,9606,0.891,0,0,0,0.072,0.783,0,0.504
9606.ENSP00000397552,9606.ENSP00000496168,ACTL6A,BCL11A,9606,0.954,0,0,0,0.059,0.073,0.9,0.535
9606.ENSP00000397552,9606.ENSP00000479526,ACTL6A,DPF3,9606,0.991,0,0,0,0.129,0.794,0.8,0.791
9606.ENSP00000398124,9606.ENSP00000478887,E2F5,MYC,9606,0.822,0,0,0,0.068,0,0.5,0.649
9606.ENSP00000399518,9606.ENSP00000484803,SATB1,FOXP1,9606,0.731,0,0,0,0.127,0.292,0,0.6
9606.ENSP00000402084,9606.ENSP00000442068,WEE1,CDCA3,9606,0.895,0,0,0,0.126,0.292,0,0.845
9606.ENSP00000403400,9606.ENSP00000411256,CCPG1,GABARAPL1,9606,0.752,0,0,0,0.088,0.07,0,0.732
9606.ENSP00000404854,9606.ENSP00000478887,NDRG1,MYC,9606,0.73,0,0,0,0.109,0.51,0,0.431
9606.ENSP00000409667,9606.ENSP00000491067,SYNJ1,NECAP1,9606,0.721,0,0,0,0.097,0.095,0.54,0.345
9606.ENSP00000409667,9606.ENSP00000497527,SYNJ1,INPP5F,9606,0.917,0,0,0,0.045,0,0.9,0.201
9606.ENSP00000413496,9606.ENSP00000499797,FGF12,CALM2,9606,0.847,0,0,0,0.063,0.818,0,0.178
9606.ENSP00000429707,9606.ENSP00000437621,COX6C,HMGA2,9606,0.858,0,0,0,0,0,0,0.858
9606.ENSP00000431775,9606.ENSP00000452786,IL32,ITGB3,9606,0.962,0,0,0,0.062,0,0,0.962
9606.ENSP00000434024,9606.ENSP00000479617,H2AX,UHRF1,9606,0.737,0,0,0,0.157,0.294,0.5,0.22
9606.ENSP00000434024,9606.ENSP00000483903,H2AX,H2BC15,9606,0.749,0,0.081,0,0.254,0.178,0.4,0.372
9606.ENSP00000434024,9606.ENSP00000478887,H2AX,MYC,9606,0.785,0,0,0,0.081,0.292,0.4,0.516
9606.ENSP00000434024,9606.ENSP00000477527,H2AX,H2BC17,9606,0.837,0,0.081,0,0.259,0.427,0.4,0.413
9606.ENSP00000434024,9606.ENSP00000477907,H2AX,H2BC14,9606,0.854,0,0.08,0,0.261,0.514,0.4,0.379
9606.ENSP00000434024,9606.ENSP00000489236,H2AX,H4C8,9606,0.95,0,0.026,0,0.199,0.915,0,0.335
9606.ENSP00000434024,9606.ENSP00000479106,H2AX,H4C1,9606,0.95,0,0.026,0,0.193,0.915,0,0.335
9606.ENSP00000434024,9606.ENSP00000476136,H2AX,H2BC11,9606,0.98,0,0.08,0,0.258,0.933,0.4,0.381
9606.ENSP00000434024,9606.ENSP00000480826,H2AX,H3C1,9606,0.986,0,0.034,0,0.136,0.982,0,0.14
9606.ENSP00000437621,9606.ENSP00000478887,HMGA2,MYC,9606,0.756,0,0,0,0.058,0.174,0,0.712
9606.ENSP00000437621,9606.ENSP00000491657,HMGA2,LPP,9606,0.813,0,0,0,0,0,0,0.813
9606.ENSP00000438483,9606.ENSP00000478887,KPNA2,MYC,9606,0.701,0,0,0,0.072,0.231,0,0.614
9606.ENSP00000438483,9606.ENSP00000468425,KPNA2,TK1,9606,0.707,0,0,0,0.675,0,0,0.137
9606.ENSP00000444596,9606.ENSP00000478887,MYCBP2,MYC,9606,0.923,0,0,0,0.044,0.565,0,0.831
9606.ENSP00000469242,9606.ENSP00000495909,SPTBN4,SPTB,9606,0.751,0,0,0.058,0.098,0,0.72,0.079
9606.ENSP00000476136,9606.ENSP00000477527,H2BC11,H2BC17,9606,0.78,0,0,0.048,0.501,0.319,0.4,0.044
9606.ENSP00000476136,9606.ENSP00000480826,H2BC11,H3C1,9606,0.945,0,0.124,0,0.27,0.914,0,0.108
9606.ENSP00000476136,9606.ENSP00000479106,H2BC11,H4C1,9606,0.975,0,0.065,0,0.305,0.915,0.54,0.19
9606.ENSP00000476136,9606.ENSP00000483842,H2BC11,H2AC4,9606,0.976,0,0.018,0,0.381,0.914,0.54,0.166
9606.ENSP00000476136,9606.ENSP00000489236,H2BC11,H4C8,9606,0.985,0,0.065,0,0.559,0.915,0.54,0.213
9606.ENSP00000477527,9606.ENSP00000489317,H2BC17,H2BC6,9606,0.897,0,0,0.048,0.339,0.85,0,0.043
9606.ENSP00000477527,9606.ENSP00000483842,H2BC17,H2AC4,9606,0.903,0,0.018,0,0.504,0.798,0,0.116
9606.ENSP00000477527,9606.ENSP00000479106,H2BC17,H4C1,9606,0.952,0,0.066,0,0.397,0.915,0,0.112
9606.ENSP00000477527,9606.ENSP00000483903,H2BC17,H2BC15,9606,0.963,0,0,0.048,0.626,0.85,0.4,0.046
9606.ENSP00000477527,9606.ENSP00000489236,H2BC17,H4C8,9606,0.964,0,0.066,0,0.547,0.915,0,0.112
9606.ENSP00000477527,9606.ENSP00000477907,H2BC17,H2BC14,9606,0.971,0,0,0.049,0.769,0.812,0.4,0.043
9606.ENSP00000477907,9606.ENSP00000478887,H2BC14,MYC,9606,0.708,0,0,0,0.042,0.138,0.5,0.376
9606.ENSP00000477907,9606.ENSP00000483842,H2BC14,H2AC4,9606,0.76,0,0.018,0,0.626,0.19,0,0.272
9606.ENSP00000477907,9606.ENSP00000489317,H2BC14,H2BC6,9606,0.872,0,0,0.048,0.338,0.812,0,0.052
9606.ENSP00000477907,9606.ENSP00000483903,H2BC14,H2BC15,9606,0.93,0,0,0.048,0.43,0.812,0.4,0.043
9606.ENSP00000477907,9606.ENSP00000479106,H2BC14,H4C1,9606,0.952,0,0.06,0,0.353,0.915,0,0.177
9606.ENSP00000477907,9606.ENSP00000489236,H2BC14,H4C8,9606,0.953,0,0.06,0,0.376,0.915,0,0.178
9606.ENSP00000478061,9606.ENSP00000499717,MARCKS,CALM1,9606,0.935,0,0,0,0.049,0.923,0,0.184
9606.ENSP00000478061,9606.ENSP00000499797,MARCKS,CALM2,9606,0.96,0,0,0,0.117,0.95,0,0.152
9606.ENSP00000478887,9606.ENSP00000499717,MYC,CALM1,9606,0.74,0,0,0,0,0.594,0,0.386
9606.ENSP00000478887,9606.ENSP00000484803,MYC,FOXP1,9606,0.752,0,0,0,0.058,0.292,0,0.659
9606.ENSP00000479106,9606.ENSP00000483903,H4C1,H2BC15,9606,0.884,0,0.06,0,0.285,0.831,0,0.101
9606.ENSP00000479106,9606.ENSP00000489236,H4C1,H4C8,9606,0.955,0,0,0.049,0.099,0.9,0.54,0
9606.ENSP00000479106,9606.ENSP00000489317,H4C1,H2BC6,9606,0.967,0,0.066,0,0.265,0.915,0,0.498
9606.ENSP00000479106,9606.ENSP00000480826,H4C1,H3C1,9606,0.987,0,0.069,0,0.324,0.915,0,0.794
9606.ENSP00000479106,9606.ENSP00000483842,H4C1,H2AC4,9606,0.993,0,0.019,0,0.432,0.915,0.54,0.745
9606.ENSP00000479526,9606.ENSP00000496168,DPF3,BCL11A,9606,0.765,0,0,0,0.042,0.046,0.54,0.509
9606.ENSP00000479617,9606.ENSP00000480826,UHRF1,H3C1,9606,0.984,0,0,0,0.057,0.982,0,0.048
9606.ENSP00000480826,9606.ENSP00000489317,H3C1,H2BC6,9606,0.911,0,0.125,0,0.296,0.829,0,0.253
9606.ENSP00000480826,9606.ENSP00000489236,H3C1,H4C8,9606,0.985,0,0.069,0,0.231,0.915,0,0.794
9606.ENSP00000480826,9606.ENSP00000483842,H3C1,H2AC4,9606,0.986,0,0.024,0,0.484,0.914,0,0.714
9606.ENSP00000483842,9606.ENSP00000489236,H2AC4,H4C8,9606,0.991,0,0.019,0,0.295,0.915,0.54,0.742
9606.ENSP00000483903,9606.ENSP00000489317,H2BC15,H2BC6,9606,0.853,0,0,0.048,0.245,0.812,0,0.042
9606.ENSP00000483903,9606.ENSP00000489236,H2BC15,H4C8,9606,0.911,0,0.06,0,0.451,0.831,0,0.102
9606.ENSP00000489236,9606.ENSP00000489317,H4C8,H2BC6,9606,0.979,0,0.066,0,0.55,0.915,0,0.499
9606.ENSP00000499717,9606.ENSP00000499797,CALM1,CALM2,9606,0.939,0,0,0.048,0.082,0.917,0,0.26
