ID,Description,GeneRatio,BgRatio,RichFactor,FoldEnrichment,zScore,pvalue,p.adjust,qvalue,geneID,Count
GO:0099536,synaptic signaling,84/686,398/8727,0.21105527638191,2.68495538919085,10.0495853535569,9.32056426020648e-18,1.29971891697165e-14,1.0329605368937e-14,SLITRK5/SLC1A1/HTR3B/RIMS2/LYPD1/NCDN/CALB1/HOMER3/CADPS2/RAB3A/CYP46A1/RPH3A/GRIA2/APOE/PPP3CA/DTNB/RTN4/GABRB1/SYP/MCTP1/PPFIA3/PLCB1/DLGAP1/SLC6A1/PPP3CB/AKAP5/CACNB1/ADCY1/GABRB3/DOC2A/PLCL2/CAMK2B/SYT5/NRXN1/CHRNB2/STAU2/STX1B/NPTN/NSG1/KCNIP2/CLSTN3/BTBD9/PMP22/PDE7B/HAPLN4/GPR176/CNRIP1/PCDHB16/CACNB3/GLRA3/MAP1A/SLC6A9/PPP3R1/F2R/PRRT2/SNCAIP/TSPOAP1/MAPK9/PTK2B/BRSK1/PRRT1/KCNC4/SYNJ1/CALM1/CACNG4/KMO/SEPTIN5/SV2B/CBLN4/PLK2/ITPR1/SV2A/HOMER1/CALM2/GNAO1/STX1A/GLRB/YWHAH/GRIK3/RARA/NEURL1/MICU3/EFR3A/CACNB4,84
GO:0007268,chemical synaptic transmission,81/686,376/8727,0.215425531914894,2.74055191985609,10.0768848155193,1.05297238750066e-17,1.29971891697165e-14,1.0329605368937e-14,SLITRK5/SLC1A1/HTR3B/RIMS2/NCDN/CALB1/HOMER3/CADPS2/RAB3A/CYP46A1/RPH3A/GRIA2/APOE/PPP3CA/RTN4/GABRB1/SYP/MCTP1/PPFIA3/PLCB1/DLGAP1/SLC6A1/PPP3CB/AKAP5/CACNB1/ADCY1/GABRB3/DOC2A/PLCL2/CAMK2B/SYT5/NRXN1/CHRNB2/STAU2/STX1B/NPTN/NSG1/KCNIP2/CLSTN3/BTBD9/PMP22/PDE7B/HAPLN4/GPR176/CNRIP1/PCDHB16/CACNB3/GLRA3/MAP1A/SLC6A9/PPP3R1/F2R/PRRT2/SNCAIP/TSPOAP1/MAPK9/PTK2B/BRSK1/PRRT1/KCNC4/SYNJ1/CALM1/CACNG4/KMO/SEPTIN5/SV2B/CBLN4/PLK2/SV2A/HOMER1/CALM2/GNAO1/STX1A/GLRB/YWHAH/GRIK3/RARA/NEURL1/MICU3/EFR3A/CACNB4,81
GO:0098916,anterograde trans-synaptic signaling,81/686,376/8727,0.215425531914894,2.74055191985609,10.0768848155193,1.05297238750066e-17,1.29971891697165e-14,1.0329605368937e-14,SLITRK5/SLC1A1/HTR3B/RIMS2/NCDN/CALB1/HOMER3/CADPS2/RAB3A/CYP46A1/RPH3A/GRIA2/APOE/PPP3CA/RTN4/GABRB1/SYP/MCTP1/PPFIA3/PLCB1/DLGAP1/SLC6A1/PPP3CB/AKAP5/CACNB1/ADCY1/GABRB3/DOC2A/PLCL2/CAMK2B/SYT5/NRXN1/CHRNB2/STAU2/STX1B/NPTN/NSG1/KCNIP2/CLSTN3/BTBD9/PMP22/PDE7B/HAPLN4/GPR176/CNRIP1/PCDHB16/CACNB3/GLRA3/MAP1A/SLC6A9/PPP3R1/F2R/PRRT2/SNCAIP/TSPOAP1/MAPK9/PTK2B/BRSK1/PRRT1/KCNC4/SYNJ1/CALM1/CACNG4/KMO/SEPTIN5/SV2B/CBLN4/PLK2/SV2A/HOMER1/CALM2/GNAO1/STX1A/GLRB/YWHAH/GRIK3/RARA/NEURL1/MICU3/EFR3A/CACNB4,81
GO:0099537,trans-synaptic signaling,81/686,383/8727,0.211488250652742,2.69046350356629,9.88172285385077,3.362405726813e-17,3.11274710159713e-14,2.47387714012183e-14,SLITRK5/SLC1A1/HTR3B/RIMS2/NCDN/CALB1/HOMER3/CADPS2/RAB3A/CYP46A1/RPH3A/GRIA2/APOE/PPP3CA/RTN4/GABRB1/SYP/MCTP1/PPFIA3/PLCB1/DLGAP1/SLC6A1/PPP3CB/AKAP5/CACNB1/ADCY1/GABRB3/DOC2A/PLCL2/CAMK2B/SYT5/NRXN1/CHRNB2/STAU2/STX1B/NPTN/NSG1/KCNIP2/CLSTN3/BTBD9/PMP22/PDE7B/HAPLN4/GPR176/CNRIP1/PCDHB16/CACNB3/GLRA3/MAP1A/SLC6A9/PPP3R1/F2R/PRRT2/SNCAIP/TSPOAP1/MAPK9/PTK2B/BRSK1/PRRT1/KCNC4/SYNJ1/CALM1/CACNG4/KMO/SEPTIN5/SV2B/CBLN4/PLK2/SV2A/HOMER1/CALM2/GNAO1/STX1A/GLRB/YWHAH/GRIK3/RARA/NEURL1/MICU3/EFR3A/CACNB4,81
GO:0050804,modulation of chemical synaptic transmission,63/686,268/8727,0.235074626865672,2.99051934206518,9.6669376543526,7.3586425356198e-16,5.44981066188002e-13,4.33127445769675e-13,SLITRK5/SLC1A1/RIMS2/NCDN/CALB1/HOMER3/RAB3A/CYP46A1/GRIA2/APOE/PPP3CA/RTN4/GABRB1/SYP/MCTP1/PPFIA3/PLCB1/DLGAP1/PPP3CB/AKAP5/ADCY1/GABRB3/PLCL2/CAMK2B/SYT5/NRXN1/CHRNB2/STAU2/STX1B/NPTN/NSG1/CLSTN3/BTBD9/CNRIP1/GLRA3/MAP1A/SLC6A9/PPP3R1/F2R/PRRT2/SNCAIP/TSPOAP1/MAPK9/PTK2B/BRSK1/PRRT1/CALM1/CACNG4/KMO/SEPTIN5/SV2B/CBLN4/PLK2/HOMER1/CALM2/GNAO1/STX1A/YWHAH/GRIK3/RARA/NEURL1/MICU3/CACNB4,63
GO:0099177,regulation of trans-synaptic signaling,63/686,269/8727,0.234200743494424,2.97940216978985,9.63143443822472,8.91637691728042e-16,5.50289062078156e-13,4.37346011963432e-13,SLITRK5/SLC1A1/RIMS2/NCDN/CALB1/HOMER3/RAB3A/CYP46A1/GRIA2/APOE/PPP3CA/RTN4/GABRB1/SYP/MCTP1/PPFIA3/PLCB1/DLGAP1/PPP3CB/AKAP5/ADCY1/GABRB3/PLCL2/CAMK2B/SYT5/NRXN1/CHRNB2/STAU2/STX1B/NPTN/NSG1/CLSTN3/BTBD9/CNRIP1/GLRA3/MAP1A/SLC6A9/PPP3R1/F2R/PRRT2/SNCAIP/TSPOAP1/MAPK9/PTK2B/BRSK1/PRRT1/CALM1/CACNG4/KMO/SEPTIN5/SV2B/CBLN4/PLK2/HOMER1/CALM2/GNAO1/STX1A/YWHAH/GRIK3/RARA/NEURL1/MICU3/CACNB4,63
GO:0023061,signal release,46/686,204/8727,0.225490196078431,2.86859029326016,7.88764868809986,3.29774816176079e-11,1.74450877757146e-08,1.38646033381946e-08,RIMS2/KCNA2/CADPS2/RAB3A/SCG5/RPH3A/NR1D1/PCSK5/PPP3CA/NMB/SYP/NIBAN2/MCTP1/PPFIA3/PPP3CB/DOC2A/SYT5/NRXN1/CHRNB2/STX1B/RAB11FIP2/C1QTNF1/EPHA5/F2R/PRRT2/SNCAIP/TSPOAP1/BRSK1/SYNJ1/CACNG4/KMO/SLC9B2/SEPTIN5/SV2B/SV2A/GNAO1/ABCC8/STX1A/INHBB/KCNJ11/ANXA1/EFNA5/MICU3/EFR3A/CACNB4/PRKACB,46
GO:0006836,neurotransmitter transport,30/686,101/8727,0.297029702970297,3.7786854487198,8.20370392079589,7.73183707427778e-11,3.57887408575633e-08,2.84433476255884e-08,SLC1A1/RIMS2/CADPS2/RAB3A/RPH3A/PPP3CA/SYP/MCTP1/PPFIA3/SLC6A1/DOC2A/SYT5/NRXN1/STX1B/ITGB3/SLC6A9/PRRT2/SNCAIP/TSPOAP1/BRSK1/SYNJ1/KMO/SEPTIN5/ICA1/SV2B/SV2A/STX1A/MICU3/EFR3A/CACNB4,30
GO:0007269,neurotransmitter secretion,25/686,79/8727,0.316455696202532,4.02581466583017,7.89064781445179,6.7479474249399e-10,2.49876493145525e-07,1.9859105930236e-07,RIMS2/CADPS2/RAB3A/RPH3A/PPP3CA/SYP/MCTP1/PPFIA3/DOC2A/SYT5/NRXN1/STX1B/PRRT2/SNCAIP/TSPOAP1/BRSK1/SYNJ1/KMO/SEPTIN5/SV2B/SV2A/STX1A/MICU3/EFR3A/CACNB4,25
GO:0099643,signal release from synapse,25/686,79/8727,0.316455696202532,4.02581466583017,7.89064781445179,6.7479474249399e-10,2.49876493145525e-07,1.9859105930236e-07,RIMS2/CADPS2/RAB3A/RPH3A/PPP3CA/SYP/MCTP1/PPFIA3/DOC2A/SYT5/NRXN1/STX1B/PRRT2/SNCAIP/TSPOAP1/BRSK1/SYNJ1/KMO/SEPTIN5/SV2B/SV2A/STX1A/MICU3/EFR3A/CACNB4,25
GO:0007409,axonogenesis,46/686,227/8727,0.202643171806167,2.57794017544085,7.03572134563451,1.43457166209677e-09,4.82928987704032e-07,3.83811130165437e-07,SLITRK5/SLIT2/EPHB6/RAB3A/AMIGO1/PTPRM/ARHGEF40/METRN/ATL1/APOE/RTN4/NTN1/EPHA6/CELSR3/PPP3CB/MYCBP2/SMO/KIFC2/NRXN1/CHRNB2/NPTN/PAK1/CNTN1/SLITRK3/SEMA6B/MAP1A/SPTBN4/EPHA5/B4GALT6/PLXNA3/VIM/CDK5R2/NTN4/BRSK1/SEMA5A/BOC/BCL11A/KALRN/EMB/NRP2/CNTNAP1/SEMA4A/EFNA5/VEGFA/APBB1/SCN1B,46
GO:0061564,axon development,48/686,253/8727,0.189723320158103,2.41357932218624,6.66424332363772,6.14429044537797e-09,1.89602562660289e-06,1.50687939034025e-06,SLITRK5/SLIT2/EPHB6/RAB3A/AMIGO1/PTPRM/ARHGEF40/METRN/ATL1/APOE/RTN4/NTN1/INPP5F/EPHA6/CELSR3/PPP3CB/MYCBP2/SMO/KIFC2/NRXN1/CHRNB2/NPTN/PAK1/CNTN1/SLITRK3/SEMA6B/MAP1A/SPTBN4/EPHA5/B4GALT6/PLXNA3/VIM/CDK5R2/NTN4/MMP2/BRSK1/SEMA5A/BOC/BCL11A/KALRN/EMB/NRP2/CNTNAP1/SEMA4A/EFNA5/VEGFA/APBB1/SCN1B,48
GO:0120039,plasma membrane bounded cell projection morphogenesis,58/686,346/8727,0.167630057803468,2.13251824263975,6.27841424255202,1.90697129801582e-08,5.43193439734813e-06,4.31706717366987e-06,SLITRK5/SLIT2/RIMS2/EPHB6/RAB3A/AMIGO1/PTPRM/ARHGEF40/METRN/ATL1/APOE/RTN4/NTN1/EPHA6/CELSR3/EPB41L3/PPP3CB/MYCBP2/SMO/KIFC2/CAMK2B/NRXN1/CHRNB2/STAU2/NPTN/PAK1/CLSTN3/CNTN1/SLITRK3/SEMA6B/MAP1A/SPTBN4/EPHA5/B4GALT6/PLXNA3/VIM/MYO9B/PDLIM5/CDK5R2/NTN4/CNTNAP2/BRSK1/PDPN/SEMA5A/BOC/BCL11A/KALRN/EMB/SRC/NRP2/CNTNAP1/SEMA4A/RREB1/YWHAH/EFNA5/VEGFA/APBB1/SCN1B,58
GO:0048167,regulation of synaptic plasticity,27/686,106/8727,0.254716981132076,3.24040101215688,6.77820190827662,2.7469950569552e-08,6.75495688499373e-06,5.36854838342643e-06,NCDN/CALB1/RAB3A/CYP46A1/APOE/SYP/MCTP1/PPFIA3/PPP3CB/AKAP5/ADCY1/CAMK2B/STAU2/NPTN/NSG1/MAP1A/F2R/PRRT2/PTK2B/BRSK1/PRRT1/CALM1/PLK2/CALM2/YWHAH/RARA/NEURL1,27
GO:0048667,cell morphogenesis involved in neuron differentiation,52/686,298/8727,0.174496644295302,2.21987203318528,6.25819384361289,2.75188952311675e-08,6.75495688499373e-06,5.36854838342643e-06,SLITRK5/SLIT2/EPHB6/RAB3A/AMIGO1/PTPRM/ARHGEF40/METRN/ATL1/APOE/RTN4/NTN1/EPHA6/CELSR3/PPP3CB/MYCBP2/SMO/ANKRD24/KIFC2/CAMK2B/NRXN1/CHRNB2/STAU2/NPTN/PAK1/CNTN1/SLITRK3/SEMA6B/MAP1A/SPTBN4/EPHA5/B4GALT6/PLXNA3/VIM/PDLIM5/CDK5R2/NTN4/UNK/BRSK1/SEMA5A/BOC/BCL11A/KALRN/EMB/NRP2/CNTNAP1/SEMA4A/YWHAH/EFNA5/VEGFA/APBB1/SCN1B,52
GO:0048858,cell projection morphogenesis,58/686,350/8727,0.165714285714286,2.10814660558101,6.18018699853207,2.91869592654333e-08,6.75495688499373e-06,5.36854838342643e-06,SLITRK5/SLIT2/RIMS2/EPHB6/RAB3A/AMIGO1/PTPRM/ARHGEF40/METRN/ATL1/APOE/RTN4/NTN1/EPHA6/CELSR3/EPB41L3/PPP3CB/MYCBP2/SMO/KIFC2/CAMK2B/NRXN1/CHRNB2/STAU2/NPTN/PAK1/CLSTN3/CNTN1/SLITRK3/SEMA6B/MAP1A/SPTBN4/EPHA5/B4GALT6/PLXNA3/VIM/MYO9B/PDLIM5/CDK5R2/NTN4/CNTNAP2/BRSK1/PDPN/SEMA5A/BOC/BCL11A/KALRN/EMB/SRC/NRP2/CNTNAP1/SEMA4A/RREB1/YWHAH/EFNA5/VEGFA/APBB1/SCN1B,58
GO:0016079,synaptic vesicle exocytosis,19/686,59/8727,0.322033898305085,4.09677817858378,6.97093902051935,5.60667843430901e-08,1.17314300425302e-05,9.32363460824138e-06,RIMS2/CADPS2/RAB3A/RPH3A/PPP3CA/SYP/PPFIA3/DOC2A/SYT5/STX1B/PRRT2/BRSK1/SYNJ1/SEPTIN5/SV2B/SV2A/STX1A/EFR3A/CACNB4,19
GO:0140352,export from cell,65/686,419/8727,0.155131264916468,1.97351391971722,5.96507027230534,5.70255848678218e-08,1.17314300425302e-05,9.32363460824138e-06,RIMS2/ATP13A2/TREM2/S100A10/KCNA2/CADPS2/RAB3A/PARD6A/SCG5/RPH3A/CAVIN1/APOE/SCAMP5/NR1D1/PCSK5/PPP3CA/CD200/NMB/SYP/EPCIP/NIBAN2/MCTP1/PPFIA3/PPP3CB/DOC2A/SYT5/NRXN1/CHRNB2/STX1B/RAB37/KCNIP2/PAK1/CLSTN3/RAB11FIP2/C1QTNF1/EPHA5/F2R/PRRT2/SNCAIP/TSPOAP1/BRSK1/SYNJ1/CALM1/CACNG4/KMO/SLC9B2/SEPTIN5/SV2B/SV2A/CALM2/ATP2B1/GNAO1/ABCC8/EXOC6/STX1A/INHBB/KCNJ11/ANXA1/EFNA5/MICU3/APBB1/EFR3A/CACNB4/TNFRSF1A/PRKACB,65
GO:0007186,G protein-coupled receptor signaling pathway,55/686,331/8727,0.166163141993958,2.11385676411264,6.03422860938644,6.16859201758211e-08,1.20222611795298e-05,9.55477465205979e-06,AGTRAP/ADGRG1/SLIT2/SLC1A1/RAPGEFL1/RIMS2/TREM2/OPN3/HOMER3/DGKG/SCG5/GPR162/APOE/OPRD1/PPP3CA/NMB/SYP/CELSR3/SPHK1/PLCB1/INPP5A/RGS7BP/AKAP5/DGKB/ADCY1/SMO/NRXN1/SORL1/PREX1/GNAL/ITGB3/ADM/RACK1/PDE2A/GPR176/F2R/PTK2B/MAS1/PDE4D/CALM1/ITPR1/SRC/HOMER1/CALM2/PLCB4/GNAO1/NECAB2/GNB5/GLRB/GRIK3/ADRB1/ANXA1/FZD7/VEGFA/PRKACB,55
GO:0030001,metal ion transport,59/686,368/8727,0.160326086956522,2.03960023450374,5.9515179342535,7.46433958547448e-08,1.3820224742506e-05,1.09837185437549e-05,SLC1A1/SLC39A1/HTR3B/TREM2/TUSC3/FKBP1B/KCNA2/HOMER3/AMIGO1/NALF1/OPRD1/PPP3CA/PLCB1/SLC6A1/PPP3CB/AKAP5/CACNB1/KCNH4/LTF/CNGA3/PLCL2/CAMK2B/CHRNB2/ITGB3/MICU1/KCNIP2/SCN8A/UBQLN1/CACNB3/FAIM2/SPTBN4/SLC6A9/JPH1/ATP2B2/PPP3R1/SLC46A3/F2R/FHL1/PTK2B/SLC25A23/KCNC4/PDE4D/CALM1/CACNG4/NKAIN4/SLC9B2/ITPR1/FGF12/HOMER1/CALM2/ATP2B1/PLCB4/ABCC8/YWHAH/KCNJ11/MICU3/CACNB4/SCN1B/KCNAB2,59
GO:0006812,monoatomic cation transport,70/686,471/8727,0.148619957537155,1.89067983881451,5.80446055720583,9.82895701221286e-08,1.73317275315353e-05,1.37745095054737e-05,SLC1A1/SLC39A1/HTR3B/ATP13A2/TREM2/PIEZO1/TUSC3/FKBP1B/KCNA2/HOMER3/AMIGO1/SLC45A4/GRIA2/NALF1/OPRD1/PPP3CA/TMEM150C/PLCB1/SLC6A1/PPP3CB/AKAP5/CACNB1/KCNH4/LTF/CNGA3/PLCL2/CAMK2B/CHRNB2/ITGB3/MICU1/KCNIP2/SCN8A/UBQLN1/NDUFS1/CACNB3/FAIM2/SPTBN4/SLC6A9/JPH1/ATP2B2/PPP3R1/SLC46A3/F2R/SLC15A3/FHL1/PTK2B/SLC25A23/KCNC4/PDE4D/CALM1/CACNG4/NKAIN4/SLC9B2/ATP6V0A1/CTNS/ITPR1/FGF12/HOMER1/CALM2/ATP2B1/PLCB4/NDUFB8/ABCC8/YWHAH/KCNJ11/TCIRG1/MICU3/CACNB4/SCN1B/KCNAB2,70
GO:1903530,regulation of secretion by cell,45/686,251/8727,0.179282868525896,2.28076034056195,6.013452554705,1.08269729354279e-07,1.82237639908589e-05,1.44834616088244e-05,RIMS2/ATP13A2/TREM2/S100A10/KCNA2/CADPS2/RAB3A/PARD6A/SCG5/RPH3A/APOE/SCAMP5/NR1D1/PPP3CA/CD200/NMB/MCTP1/PPP3CB/DOC2A/SYT5/CHRNB2/STX1B/RAB37/C1QTNF1/EPHA5/F2R/SNCAIP/TSPOAP1/CACNG4/KMO/SLC9B2/SEPTIN5/SV2B/GNAO1/ABCC8/STX1A/INHBB/KCNJ11/ANXA1/EFNA5/MICU3/APBB1/CACNB4/TNFRSF1A/PRKACB,45
GO:0034220,monoatomic ion transmembrane transport,68/686,455/8727,0.149450549450549,1.9012462755903,5.76711417627579,1.22245018023686e-07,1.96814479018134e-05,1.56419659097306e-05,SLC1A1/SLC39A1/HTR3B/ATP13A2/PIEZO1/TUSC3/FKBP1B/KCNA2/AMIGO1/SLC45A4/GRIA2/NALF1/PPP3CA/TMEM150C/GABRB1/PLCB1/SLC6A1/PPP3CB/AKAP5/CACNB1/KCNH4/GABRB3/CNGA3/PLCL2/CHRNB2/ITGB3/MICU1/KCNIP2/SCN8A/UBQLN1/NDUFS1/CACNB3/GLRA3/FAIM2/SLC6A9/JPH1/ATP2B2/PPP3R1/SLC46A3/F2R/SLC15A3/BAX/FHL1/PTK2B/SLC25A23/KCNC4/PDE4D/CALM1/CACNG4/SLC9B2/ATP6V0A1/CTNS/ITPR1/FGF12/CALM2/ATP2B1/PLCB4/NDUFB8/ABCC8/GLRB/KCNJ11/GRIK3/TCIRG1/CLIC4/MICU3/CACNB4/SCN1B/KCNAB2,68
GO:0000902,cell morphogenesis,69/686,465/8727,0.148387096774194,1.88771748330669,5.74610139854115,1.30069966440998e-07,2.0068711905459e-05,1.5949746636703e-05,SLITRK5/SLIT2/RIMS2/EPHB6/RAB3A/AMIGO1/PTPRM/ARHGEF40/METRN/SPINT2/ATL1/APOE/RTN4/NTN1/EPHA6/CELSR3/EPB41L3/PPP3CB/MYCBP2/SMO/ANKRD24/KIFC2/CAMK2B/NRXN1/SPTB/CHRNB2/CDH18/STAU2/FGD6/NPTN/PAK1/CLSTN3/CNTN1/SLITRK3/SEMA6B/MAP1A/SPTBN4/EPHA5/B4GALT6/PLXNA3/VIM/MYO9B/PDLIM5/CDK5R2/NTN4/CNTNAP2/UNK/PTK2B/BRSK1/PDPN/SEMA5A/BOC/BCL11A/KALRN/EMB/DMTN/ITPR1/SRC/CDH8/NRP2/CNTNAP1/SEMA4A/RREB1/YWHAH/ANXA1/EFNA5/VEGFA/APBB1/SCN1B,69
GO:0032940,secretion by cell,60/686,384/8727,0.15625,1.98774599125364,5.78181773988129,1.47361096462179e-07,2.1827125607978e-05,1.7347258005136e-05,RIMS2/ATP13A2/TREM2/S100A10/KCNA2/CADPS2/RAB3A/PARD6A/SCG5/RPH3A/CAVIN1/APOE/SCAMP5/NR1D1/PCSK5/PPP3CA/CD200/NMB/SYP/NIBAN2/MCTP1/PPFIA3/PPP3CB/DOC2A/SYT5/NRXN1/CHRNB2/STX1B/RAB37/PAK1/CLSTN3/RAB11FIP2/C1QTNF1/EPHA5/F2R/PRRT2/SNCAIP/TSPOAP1/BRSK1/SYNJ1/CACNG4/KMO/SLC9B2/SEPTIN5/SV2B/SV2A/GNAO1/ABCC8/EXOC6/STX1A/INHBB/KCNJ11/ANXA1/EFNA5/MICU3/APBB1/EFR3A/CACNB4/TNFRSF1A/PRKACB,60
GO:0046903,secretion,64/686,423/8727,0.151300236406619,1.92477720571511,5.69479717723816,1.86986797525504e-07,2.66312350475747e-05,2.11653569811703e-05,RIMS2/ATP13A2/TREM2/S100A10/KCNA2/CADPS2/RAB3A/PARD6A/SCG5/RPH3A/CAVIN1/APOE/SCAMP5/NR1D1/PCSK5/PPP3CA/CD200/NMB/SYP/NIBAN2/MCTP1/PPFIA3/PPP3CB/DOC2A/SYT5/NRXN1/CHRNB2/STX1B/RAB37/PAK1/CLSTN3/RAB11FIP2/C1QTNF1/EPHA5/F2R/PRRT2/SNCAIP/TSPOAP1/ERBB4/BRSK1/SYNJ1/CACNG4/KMO/SLC9B2/SEPTIN5/ICA1/SV2B/SRC/SV2A/GNAO1/ABCC8/EXOC6/STX1A/INHBB/KCNJ11/ANXA1/EFNA5/MICU3/VEGFA/APBB1/EFR3A/CACNB4/TNFRSF1A/PRKACB,64
GO:0140029,exocytic process,17/686,52/8727,0.326923076923077,4.15897622785378,6.67310439303847,2.20093053880986e-07,3.01853547600478e-05,2.39900180355272e-05,RIMS2/CADPS2/RAB3A/RPH3A/SYP/PPFIA3/DOC2A/SYT5/STX1B/PRRT2/BRSK1/SYNJ1/SEPTIN5/SV2A/EXOC6/STX1A/EFR3A,17
GO:0048812,neuron projection morphogenesis,54/686,335/8727,0.161194029850746,2.05064183455898,5.72741940540682,2.28686517469525e-07,3.02437919353447e-05,2.40364613819931e-05,SLITRK5/SLIT2/RIMS2/EPHB6/RAB3A/AMIGO1/PTPRM/ARHGEF40/METRN/ATL1/APOE/RTN4/NTN1/EPHA6/CELSR3/EPB41L3/PPP3CB/MYCBP2/SMO/KIFC2/CAMK2B/NRXN1/CHRNB2/STAU2/NPTN/PAK1/CLSTN3/CNTN1/SLITRK3/SEMA6B/MAP1A/SPTBN4/EPHA5/B4GALT6/PLXNA3/VIM/PDLIM5/CDK5R2/NTN4/CNTNAP2/BRSK1/SEMA5A/BOC/BCL11A/KALRN/EMB/NRP2/CNTNAP1/SEMA4A/YWHAH/EFNA5/VEGFA/APBB1/SCN1B,54
GO:0051046,regulation of secretion,46/686,267/8727,0.172284644194757,2.1917319094572,5.77648497859943,2.63648797476413e-07,3.36652240363848e-05,2.67556680457465e-05,RIMS2/ATP13A2/TREM2/S100A10/KCNA2/CADPS2/RAB3A/PARD6A/SCG5/RPH3A/APOE/SCAMP5/NR1D1/PPP3CA/CD200/NMB/MCTP1/PPP3CB/DOC2A/SYT5/CHRNB2/STX1B/RAB37/C1QTNF1/EPHA5/F2R/SNCAIP/TSPOAP1/CACNG4/KMO/SLC9B2/SEPTIN5/ICA1/SV2B/GNAO1/ABCC8/STX1A/INHBB/KCNJ11/ANXA1/EFNA5/MICU3/APBB1/CACNB4/TNFRSF1A/PRKACB,46
GO:2000145,regulation of cell motility,71/686,495/8727,0.143434343434343,1.82471066348617,5.51780260301926,3.26664471956917e-07,4.03212846552155e-05,3.2045617942332e-05,ADGRG1/SLIT2/TREM2/LIMA1/FGF17/PTPRM/SPINT2/CAVIN1/APOE/IGFBP5/SP1/MPP1/PPP3CA/RTN4/CD200/NTN1/INPP5F/SPHK1/MCTP1/FOXP1/PLCB1/CAMK1D/MMP14/MAPRE2/JCAD/TTBK2/SMO/TNC/CYGB/CAMK2B/PINK1/NDRG4/DNAJA4/SORL1/PREX1/ITGB3/PAK1/DPYSL3/RHOC/RACK1/SEMA6B/SOX9/TNFAIP6/MCC/PLXNA3/F2R/FBN2/LAMC1/MMP2/ERBB4/PTK2B/PDPN/SEMA5A/JAG1/PLK2/DMTN/SRC/NRP2/VASH1/ABCC8/LMNA/SPATA13/SEMA4A/RREB1/CLIC4/ANXA1/IGFBP3/SCAI/NINJ1/VEGFA/LDB2,71
GO:0006816,calcium ion transport,35/686,180/8727,0.194444444444444,2.47363945578231,5.83492492627164,3.95561463807399e-07,4.72504548541548e-05,3.75526235536693e-05,HTR3B/FKBP1B/HOMER3/NALF1/OPRD1/PPP3CA/PLCB1/PPP3CB/AKAP5/CACNB1/CNGA3/PLCL2/CAMK2B/CHRNB2/ITGB3/MICU1/UBQLN1/CACNB3/FAIM2/JPH1/ATP2B2/PPP3R1/F2R/PTK2B/SLC25A23/PDE4D/CALM1/CACNG4/ITPR1/HOMER1/CALM2/ATP2B1/PLCB4/MICU3/CACNB4,35
GO:0007411,axon guidance,27/686,120/8727,0.225,2.86235422740525,5.99986725334321,4.29526356885044e-07,4.97042531107912e-05,3.95027965730093e-05,SLIT2/EPHB6/PTPRM/ARHGEF40/NTN1/EPHA6/CELSR3/MYCBP2/SMO/KIFC2/NRXN1/NPTN/CNTN1/SEMA6B/EPHA5/PLXNA3/CDK5R2/NTN4/SEMA5A/BOC/KALRN/EMB/NRP2/SEMA4A/EFNA5/VEGFA/SCN1B,27
GO:0097485,neuron projection guidance,27/686,121/8727,0.223140495867769,2.83869840734405,5.94863257918702,5.12601367764189e-07,5.75200868130543e-05,4.57144840940102e-05,SLIT2/EPHB6/PTPRM/ARHGEF40/NTN1/EPHA6/CELSR3/MYCBP2/SMO/KIFC2/NRXN1/NPTN/CNTN1/SEMA6B/EPHA5/PLXNA3/CDK5R2/NTN4/SEMA5A/BOC/KALRN/EMB/NRP2/SEMA4A/EFNA5/VEGFA/SCN1B,27
GO:0006334,nucleosome assembly,19/686,67/8727,0.283582089552239,3.60761063487229,6.25800390859223,5.31295569296451e-07,5.78643380324929e-05,4.59880801152839e-05,H2BC4/TSPYL1/H4C11/TSPYL4/NAP1L3/NAP1L2/H2AX/TSPYL2/H2BC7/H2BC6/SOX9/H1-2/H2BC14/H4C8/H2BC11/H2BC15/H4C2/H4C1/H3C1,19
GO:0098655,monoatomic cation transmembrane transport,59/686,391/8727,0.150895140664962,1.91962375012117,5.4341839525668,6.34999224122631e-07,6.71829179121743e-05,5.3394085482991e-05,SLC1A1/SLC39A1/ATP13A2/PIEZO1/TUSC3/FKBP1B/KCNA2/AMIGO1/SLC45A4/GRIA2/NALF1/PPP3CA/TMEM150C/PLCB1/SLC6A1/PPP3CB/AKAP5/CACNB1/KCNH4/CNGA3/PLCL2/ITGB3/MICU1/KCNIP2/SCN8A/UBQLN1/NDUFS1/CACNB3/FAIM2/SLC6A9/JPH1/ATP2B2/PPP3R1/SLC46A3/F2R/SLC15A3/FHL1/PTK2B/SLC25A23/KCNC4/PDE4D/CALM1/CACNG4/SLC9B2/ATP6V0A1/CTNS/ITPR1/FGF12/CALM2/ATP2B1/PLCB4/NDUFB8/ABCC8/KCNJ11/TCIRG1/MICU3/CACNB4/SCN1B/KCNAB2,59
GO:0030334,regulation of cell migration,67/686,470/8727,0.142553191489362,1.81350102350971,5.29554327555524,9.02583930711593e-07,9.28297863580316e-05,7.37771103459373e-05,ADGRG1/SLIT2/TREM2/LIMA1/FGF17/PTPRM/APOE/IGFBP5/SP1/MPP1/PPP3CA/RTN4/CD200/SPHK1/MCTP1/FOXP1/PLCB1/CAMK1D/MMP14/MAPRE2/JCAD/TTBK2/SMO/TNC/CYGB/CAMK2B/PINK1/NDRG4/DNAJA4/SORL1/PREX1/ITGB3/PAK1/DPYSL3/RHOC/RACK1/SEMA6B/SOX9/TNFAIP6/MCC/PLXNA3/F2R/FBN2/LAMC1/MMP2/ERBB4/PTK2B/PDPN/SEMA5A/JAG1/PLK2/DMTN/SRC/NRP2/VASH1/ABCC8/LMNA/SPATA13/SEMA4A/RREB1/CLIC4/ANXA1/IGFBP3/SCAI/NINJ1/VEGFA/LDB2,67
GO:0099003,vesicle-mediated transport in synapse,30/686,147/8727,0.204081632653061,2.59623966204558,5.70069429476617,9.27545799418625e-07,9.28297863580316e-05,7.37771103459373e-05,RIMS2/NCDN/CADPS2/RAB3A/RPH3A/PPP3CA/SYP/PPFIA3/PPP3CB/DOC2A/SYT5/NRXN1/STX1B/ITGB3/NECAP1/PPP3R1/PRRT2/BRSK1/SYNJ1/CALM1/ATP6V0A1/SEPTIN5/SV2B/BTBD8/SV2A/CALM2/STX1A/GRIPAP1/EFR3A/CACNB4,30
GO:0042391,regulation of membrane potential,36/686,195/8727,0.184615384615385,2.34859834043508,5.56274477295515,1.00571127704782e-06,9.80039173396858e-05,7.78892864841603e-05,HTR3B/RIMS2/TREM2/PIEZO1/KCNA2/GRIA2/NALF1/OPRD1/GABRB1/RGS7BP/KCNH4/GABRB3/PYCR1/PINK1/NRXN1/CHRNB2/STX1B/KCNIP2/SCN8A/RACK1/CACNB3/GLRA3/BAX/FHL1/PTK2B/KCNC4/CALM1/FGF12/SRC/CNTNAP1/STX1A/GLRB/YWHAH/KCNJ11/GRIK3/SCN1B,36
GO:0070588,calcium ion transmembrane transport,29/686,141/8727,0.205673758865248,2.61649401401898,5.65200901794988,1.19032778767533e-06,0.000113020097378506,8.98234987145504e-05,FKBP1B/NALF1/PPP3CA/PLCB1/PPP3CB/AKAP5/CACNB1/CNGA3/PLCL2/ITGB3/MICU1/UBQLN1/CACNB3/FAIM2/JPH1/ATP2B2/PPP3R1/F2R/PTK2B/SLC25A23/PDE4D/CALM1/CACNG4/ITPR1/CALM2/ATP2B1/PLCB4/MICU3/CACNB4,29
GO:0010959,regulation of metal ion transport,30/686,152/8727,0.197368421052632,2.51083704158355,5.48828915842401,1.93834193058926e-06,0.000179442004224301,0.000142612765425232,TREM2/FKBP1B/HOMER3/AMIGO1/OPRD1/PPP3CA/PPP3CB/AKAP5/CACNB1/CAMK2B/ITGB3/KCNIP2/UBQLN1/SPTBN4/JPH1/PPP3R1/F2R/FHL1/PTK2B/PDE4D/CALM1/NKAIN4/FGF12/HOMER1/CALM2/ATP2B1/ABCC8/YWHAH/SCN1B/KCNAB2,30
GO:0044057,regulation of system process,40/686,235/8727,0.170212765957447,2.1653743564295,5.28943186129961,2.20990757580177e-06,0.000199592384224243,0.000158627418340995,SLC1A1/RIMS2/FKBP1B/APOE/IGFBP5/NALF1/PPP3CA/SPHK1/FOXP1/CACNB1/CAMK2B/NRXN1/STX1B/KCNIP2/PAK1/ADM/C1QTNF1/CACNB3/SPTBN4/JPH1/ATP2B2/F2R/CYBA/TBX2/MMP2/PTK2B/PDE4D/CALM1/FGF12/SRC/CALM2/ATP2B1/ABCC8/LMNA/STX1A/INHBB/ADRB1/CACNB4/SCN1B/TNFRSF1A,40
GO:0016082,synaptic vesicle priming,10/686,22/8727,0.454545454545455,5.78253379273787,6.55993643571091,2.28597010113826e-06,0.000201546363917023,0.00016018035712351,RIMS2/CADPS2/RPH3A/SYP/STX1B/BRSK1/SYNJ1/SV2A/STX1A/EFR3A,10
GO:0050806,positive regulation of synaptic transmission,19/686,75/8727,0.253333333333333,3.22279883381924,5.64660187088955,3.46245468664417e-06,0.000298173714061473,0.000236975607373764,CYP46A1/APOE/PPP3CA/AKAP5/ADCY1/CAMK2B/NRXN1/STX1B/NPTN/NSG1/CLSTN3/PTK2B/CALM1/CACNG4/KMO/PLK2/CALM2/STX1A/MICU3,19
GO:0034728,nucleosome organization,19/686,76/8727,0.25,3.18039358600583,5.5760051609788,4.28321062647097e-06,0.000360471112495955,0.000286486892693747,H2BC4/TSPYL1/H4C11/TSPYL4/NAP1L3/NAP1L2/H2AX/TSPYL2/H2BC7/H2BC6/SOX9/H1-2/H2BC14/H4C8/H2BC11/H2BC15/H4C2/H4C1/H3C1,19
GO:0019731,antibacterial humoral response,10/686,24/8727,0.416666666666667,5.30065597667638,6.16198254194097,5.99661565001504e-06,0.00049345483893346,0.000392176622730973,H2BC4/LTF/H2BC7/HLA-E/H2BC6/ADM/H2BC14/H2BC11/H2BC15/H2BC17,10
GO:0046928,regulation of neurotransmitter secretion,14/686,46/8727,0.304347826086957,3.8717834960071,5.70374845522851,6.74975435388031e-06,0.000543355225487365,0.000431835297705117,RIMS2/RAB3A/PPP3CA/MCTP1/SYT5/STX1B/SNCAIP/TSPOAP1/KMO/SEPTIN5/SV2B/STX1A/MICU3/CACNB4,14
GO:0043269,regulation of monoatomic ion transport,31/686,170/8727,0.182352941176471,2.31981649802778,5.07565247433687,7.38804506595379e-06,0.000582083635728231,0.000462614967765361,TREM2/FKBP1B/HOMER3/AMIGO1/OPRD1/PPP3CA/PPP3CB/AKAP5/CACNB1/CAMK2B/ITGB3/KCNIP2/UBQLN1/CACNB3/SPTBN4/JPH1/PPP3R1/F2R/FHL1/PTK2B/PDE4D/CALM1/NKAIN4/FGF12/HOMER1/CALM2/ATP2B1/ABCC8/YWHAH/SCN1B/KCNAB2,31
GO:0099504,synaptic vesicle cycle,25/686,124/8727,0.201612903225806,2.56483353710148,5.12588262745736,9.35693862668166e-06,0.000721848827804212,0.000573694314199929,RIMS2/CADPS2/RAB3A/RPH3A/PPP3CA/SYP/PPFIA3/PPP3CB/DOC2A/SYT5/NRXN1/STX1B/PPP3R1/PRRT2/BRSK1/SYNJ1/ATP6V0A1/SEPTIN5/SV2B/BTBD8/SV2A/STX1A/GRIPAP1/EFR3A/CACNB4,25
GO:0061644,protein localization to CENP-A containing chromatin,7/686,12/8727,0.583333333333333,7.42091836734694,6.50082846993313,1.00405396061257e-05,0.000755700948731434,0.000600598519833443,H4C11/H2AC8/H2AC4/H4C8/H2BC11/H4C2/H4C1,7
GO:0002227,innate immune response in mucosa,8/686,16/8727,0.5,6.36078717201166,6.26858012333101,1.02039015491687e-05,0.000755700948731434,0.000600598519833443,H2BC4/LTF/H2BC7/H2BC6/H2BC14/H2BC11/H2BC15/H2BC17,8
GO:0051588,regulation of neurotransmitter transport,15/686,54/8727,0.277777777777778,3.53377065111759,5.45499226619447,1.1062443693754e-05,0.000803220176430804,0.000638364752452019,RIMS2/RAB3A/PPP3CA/MCTP1/SYT5/STX1B/ITGB3/SNCAIP/TSPOAP1/KMO/SEPTIN5/SV2B/STX1A/MICU3/CACNB4,15
GO:0097553,calcium ion transmembrane import into cytosol,18/686,75/8727,0.24,3.0531778425656,5.21571168326547,1.40929642545809e-05,0.00100358166605218,0.000797603422590285,FKBP1B/NALF1/PPP3CA/PLCB1/PPP3CB/AKAP5/PLCL2/ITGB3/CACNB3/JPH1/PPP3R1/F2R/PTK2B/PDE4D/CALM1/ITPR1/CALM2/PLCB4,18
GO:0017156,calcium-ion regulated exocytosis,11/686,32/8727,0.34375,4.37304118075802,5.58311367692225,1.82028524617169e-05,0.00127179552199505,0.00101076822693323,RIMS2/CADPS2/RAB3A/RPH3A/SCAMP5/PPP3CA/PPP3CB/DOC2A/SYT5/STX1B/STX1A,11
GO:0050877,nervous system process,50/686,353/8727,0.141643059490085,1.80192271161803,4.49229242712199,2.76473941438846e-05,0.00189589445397787,0.0015067751399955,SLC1A1/HTR3B/RIMS2/OAT/TREM2/TUSC3/CALB1/KCNA2/JAKMIP1/SLC45A4/APOE/NALF1/NMB/TMEM150C/PLCB1/SLC6A1/PPP3CB/GABRB3/MYCBP2/CNGA3/BIRC5/ANKRD24/LHFPL3/NRXN1/NDRG4/CHRNB2/STX1B/GNAL/DNAAF11/CAMK2N1/DHRS3/GLRA3/MAP1A/SPTBN4/ATP2B2/PRRT2/CNTNAP2/PTK2B/BRSK1/SYNJ1/CACNG4/CTNS/PLK2/FGF12/CNTNAP1/ABCC8/STX1A/GLRB/KCNJ11/SCN1B,50
GO:0007417,central nervous system development,57/686,423/8727,0.134751773049645,1.71425469884002,4.39839522173116,3.34048061174787e-05,0.00221091362061472,0.00175713878651317,ADGRG1/SLIT2/SLC1A1/TREM2/KCNA2/AMIGO1/NR1D1/CA10/CAPG/RTN4/GABRB1/FOXP1/PLCB1/PBX3/BASP1/MYCBP2/TTBK2/SMO/TAGLN3/SEZ6L2/NRXN1/MXRA8/CHRNB2/NCAPG2/PAK1/SHC3/CNTN1/HAPLN4/SEMA6B/SOX9/RTN1/FAIM2/SPTBN4/EPHA5/B4GALT6/PLXNA3/BRINP1/CDK5R2/CNTNAP2/MARCKS/ERBB4/CALM1/SEMA5A/CDKN2C/ACTL6A/MAST1/CTNS/CALM2/NRP2/CNTNAP1/SOX6/INHBB/YWHAH/RARA/SCN1B/TNFRSF1A/BCAN,57
GO:0050808,synapse organization,49/686,346/8727,0.141618497109827,1.80161023947151,4.44393825634331,3.34353666633606e-05,0.00221091362061472,0.00175713878651317,ADGRG1/SLITRK5/SLC1A1/RIMS2/TREM2/AMIGO1/APOE/NECTIN3/RTN4/NTN1/PPFIA3/SLC6A1/AKAP5/GABRB3/MYCBP2/PRMT8/SEZ6L2/CAMK2B/NRXN1/SPTB/CHRNB2/STAU2/LRRTM3/ITGB3/CLSTN3/LGI2/SLITRK3/HAPLN4/PCDHB16/PLXNA3/F2R/PDLIM5/LAMC1/ERBB4/PTK2B/PRRT1/ARHGEF9/MAP2K4/CBLN4/ICAM5/CASKIN1/HOMER1/CDH8/NRP2/CNTNAP1/SEMA4A/NEURL1/EFNA5/BCAN,49
GO:0007416,synapse assembly,27/686,151/8727,0.178807947019868,2.27471859131543,4.61503541926397,4.08501238445986e-05,0.00265382471222015,0.00210914541887558,SLITRK5/AMIGO1/NECTIN3/RTN4/NTN1/AKAP5/GABRB3/MYCBP2/NRXN1/CHRNB2/STAU2/LRRTM3/CLSTN3/LGI2/SLITRK3/HAPLN4/PCDHB16/PLXNA3/PDLIM5/ERBB4/PTK2B/ARHGEF9/CBLN4/ICAM5/CASKIN1/SEMA4A/EFNA5,27
GO:0050673,epithelial cell proliferation,27/686,152/8727,0.177631578947368,2.2597533374252,4.57619875193987,4.6062721333583e-05,0.0029408665016941,0.00233727385271941,PTPRM/APOE/SP1/NR1D1/RTN4/UHRF1/MMP14/JCAD/BTBD10/EGR3/ITGB3/SOX9/MCC/CYBA/TBX2/LAMC1/ERBB4/MYC/FABP7/SEMA5A/ZFP36L1/NRP2/VASH1/RREB1/NUPR1/FZD7/VEGFA,27
GO:0002385,mucosal immune response,8/686,19/8727,0.421052631578947,5.35645235537824,5.5522011293776,4.8422340853102e-05,0.00303911742676334,0.0024153594502933,H2BC4/LTF/H2BC7/H2BC6/H2BC14/H2BC11/H2BC15/H2BC17,8
GO:0034330,cell junction organization,63/686,490/8727,0.128571428571429,1.63563098708871,4.22993018208184,5.48297290205801e-05,0.0033839081093868,0.00268938421363869,ADGRG1/SLITRK5/SLC1A1/RIMS2/TREM2/S100A10/AMIGO1/PARD6A/APOE/NECTIN3/RTN4/NTN1/PPFIA3/EPB41L3/MMP14/SLC6A1/MAPRE2/AKAP5/GABRB3/MYCBP2/PRMT8/SEZ6L2/CAMK2B/NRXN1/FSCN1/SPTB/CHRNB2/CDH18/STAU2/LRRTM3/ITGB3/CLSTN3/RHOC/LGI2/SLITRK3/HAPLN4/PCDHB16/PLXNA3/F2R/PDLIM5/LAMC1/CNTNAP2/ERBB4/PTK2B/PRRT1/ARHGEF9/MAP2K4/CBLN4/DMTN/ICAM5/SRC/CASKIN1/HOMER1/CDH8/NRP2/CNTNAP1/ABCC8/SEMA4A/KIRREL1/NEURL1/EFNA5/VEGFA/BCAN,63
GO:0031338,regulation of vesicle fusion,7/686,15/8727,0.466666666666667,5.93673469387755,5.58909016187803,6.61103128455163e-05,0.00401322112240897,0.00318953505342195,RAB3A/RPH3A/SPHK1/DOC2A/SYT5/PRRT2/ANXA1,7
GO:0003012,muscle system process,33/686,208/8727,0.158653846153846,2.01832669881139,4.34149314736756,7.36122470286754e-05,0.00432824818969528,0.00343990497903504,FKBP1B/IGFBP5/CALD1/PPP3CA/INPP5F/SPHK1/FOXP1/CACNB1/PGAM2/CAMK2B/MYH11/CHRNB2/KCNIP2/PAK1/SCN8A/CACNB3/JPH1/F2R/CYBA/PDLIM5/PDE4D/CALM1/FGF12/CALM2/ATP2B1/GNAO1/ABCC8/LMNA/TMOD2/APBB1/CACNB4/SCN1B/TNFRSF1A,33
GO:0045055,regulated exocytosis,22/686,115/8727,0.191304347826087,2.43369248320446,4.520303021228,7.36374928303545e-05,0.00432824818969528,0.00343990497903504,RIMS2/CADPS2/RAB3A/RPH3A/SCAMP5/PPP3CA/SYP/PPFIA3/PPP3CB/DOC2A/SYT5/STX1B/RAB11FIP2/PRRT2/BRSK1/SYNJ1/SEPTIN5/SV2B/SV2A/STX1A/EFR3A/CACNB4,22
GO:0090183,regulation of kidney development,6/686,11/8727,0.545454545454545,6.93904055128545,5.75663446559099,7.5658266134706e-05,0.00437753999213776,0.00347907997760633,PPP3CA/BASP1/SMO/SOX9/MYC/VEGFA,6
GO:0050848,regulation of calcium-mediated signaling,12/686,43/8727,0.27906976744186,3.55020679368093,4.89625862829611,7.97287836528835e-05,0.00454208747487119,0.00360985521976782,PCP4/TREM2/FKBP1B/HOMER3/PPP3CA/INPP5A/PPP3CB/AKAP5/PPP3R1/PTBP1/ITPR1/CALM2,12
GO:1903532,positive regulation of secretion by cell,24/686,132/8727,0.181818181818182,2.31301351709515,4.43964099814016,8.22526990387075e-05,0.00461487491727779,0.00366770353958963,ATP13A2/TREM2/S100A10/CADPS2/RAB3A/PARD6A/RPH3A/SCAMP5/PPP3CA/NMB/PPP3CB/DOC2A/CHRNB2/STX1B/C1QTNF1/CACNG4/KMO/ABCC8/STX1A/INHBB/EFNA5/MICU3/APBB1/PRKACB,24
GO:0002251,organ or tissue specific immune response,8/686,21/8727,0.380952380952381,4.84631403581841,5.1541812509061,0.000113139805602549,0.00625308507680953,0.00496968231656817,H2BC4/LTF/H2BC7/H2BC6/H2BC14/H2BC11/H2BC15/H2BC17,8
GO:0060078,regulation of postsynaptic membrane potential,15/686,65/8727,0.230769230769231,2.93574792554384,4.5752098893116,0.000117397843875005,0.00639300317454625,0.0050808831858269,HTR3B/RIMS2/KCNA2/GRIA2/GABRB1/RGS7BP/GABRB3/NRXN1/CHRNB2/STX1B/GLRA3/PTK2B/STX1A/GLRB/GRIK3,15
GO:0001666,response to hypoxia,26/686,153/8727,0.169934640522876,2.16183616303664,4.23461076323014,0.000135735154811394,0.00728445330821146,0.00578936930283312,AGTRAP/TREM2/COXFA4L2/OPRD1/RTN4/STC2/MMP14/CYGB/CBFA2T3/PINK1/CHRNB2/PAK1/UBQLN1/CYBA/MMP2/MYC/NDRG1/LIMD1/ZFP36L1/ITPR1/TP53/LMNA/VEGFA/IRAK1/PLOD2/TBL2,26
GO:0071459,"protein localization to chromosome, centromeric region",9/686,27/8727,0.333333333333333,4.24052478134111,4.9255216675004,0.000139976246976308,0.00734974863593793,0.00584126321305037,H4C11/H2AC8/H2AC4/HASPIN/H4C8/H2BC11/AURKB/H4C2/H4C1,9
GO:0051924,regulation of calcium ion transport,19/686,96/8727,0.197916666666667,2.51781158892128,4.36754666405469,0.000140921456427651,0.00734974863593793,0.00584126321305037,FKBP1B/HOMER3/OPRD1/PPP3CA/PPP3CB/AKAP5/CACNB1/CAMK2B/ITGB3/UBQLN1/JPH1/PPP3R1/F2R/PTK2B/PDE4D/CALM1/HOMER1/CALM2/ATP2B1,19
GO:0021954,central nervous system neuron development,10/686,33/8727,0.303030303030303,3.85502252849192,4.79922733632081,0.000147640831542384,0.00759324998890902,0.00603478758590894,SLIT2/GABRB1/MYCBP2/CHRNB2/SPTBN4/B4GALT6/PLXNA3/BRINP1/NRP2/SCN1B,10
GO:0051047,positive regulation of secretion,24/686,137/8727,0.175182481751825,2.22859696537635,4.23338504304829,0.00015031562329934,0.00762491442571858,0.00605995311456297,ATP13A2/TREM2/S100A10/CADPS2/RAB3A/PARD6A/RPH3A/SCAMP5/PPP3CA/NMB/PPP3CB/DOC2A/CHRNB2/STX1B/C1QTNF1/CACNG4/KMO/ABCC8/STX1A/INHBB/EFNA5/MICU3/APBB1/PRKACB,24
GO:1904062,regulation of monoatomic cation transmembrane transport,21/686,113/8727,0.185840707964602,2.36418638251761,4.26309616309973,0.000163997623385513,0.00820652972157508,0.00652219586599829,FKBP1B/AMIGO1/PPP3CA/PPP3CB/AKAP5/CACNB1/ITGB3/KCNIP2/UBQLN1/CACNB3/JPH1/PPP3R1/F2R/FHL1/PTK2B/PDE4D/CALM1/FGF12/CALM2/SCN1B/KCNAB2,21
GO:0048499,synaptic vesicle membrane organization,7/686,17/8727,0.411764705882353,5.23829531812725,5.10882737990357,0.000173742509067136,0.00857824681434139,0.00681762057875935,RAB3A/RPH3A/SYP/DOC2A/SYT5/STX1B/PRRT2,7
GO:0044344,cellular response to fibroblast growth factor stimulus,11/686,40/8727,0.275,3.49843294460641,4.62569947579699,0.000182323919975574,0.00877741343100686,0.00697590961540846,FGF17/NRXN1/EGR3/NPTN/FLRT2/TBX2/SHOC2/SHCBP1/ZFP36L2/ZFP36L1/FRS3,11
GO:0051963,regulation of synapse assembly,18/686,90/8727,0.2,2.54431486880466,4.30120635634362,0.000182517103480294,0.00877741343100686,0.00697590961540846,SLITRK5/AMIGO1/NECTIN3/RTN4/NTN1/MYCBP2/NRXN1/CHRNB2/STAU2/LRRTM3/CLSTN3/SLITRK3/PDLIM5/PTK2B/ICAM5/CASKIN1/SEMA4A/EFNA5,18
GO:0051960,regulation of nervous system development,31/686,200/8727,0.155,1.97184402332362,4.06095395826516,0.000186859818613959,0.00887105010676269,0.00705032800664573,SLITRK5/SLIT2/TREM2/S100A10/AMIGO1/METRN/NR1D1/RTN4/NTN1/PRTG/CAMK2B/NRXN1/STAU2/SORL1/LRRTM3/HEY2/NPTN/PAK1/CLSTN3/SLITRK3/VIM/SEMA5A/BCL11A/ABCC8/SEMA4A/YWHAH/RARA/NEURL1/EFNA5/VEGFA/GFAP,31
GO:0051965,positive regulation of synapse assembly,9/686,28/8727,0.321428571428571,4.08907746772178,4.78176006881783,0.000192054788639044,0.00900226433329596,0.00715461141447956,SLITRK5/AMIGO1/NRXN1/STAU2/LRRTM3/CLSTN3/SLITRK3/SEMA4A/EFNA5,9
GO:0002027,regulation of heart rate,10/686,34/8727,0.294117647058824,3.74163951294804,4.67820878791386,0.000194619604667352,0.00900845495104004,0.00715953145045436,SLC1A1/FKBP1B/ADM/SPTBN4/PDE4D/CALM1/SRC/CALM2/ADRB1/SCN1B,10
GO:1903169,regulation of calcium ion transmembrane transport,14/686,61/8727,0.229508196721311,2.91970558715289,4.39445311358142,0.000209477908689006,0.0095765024182147,0.00761099107684883,FKBP1B/PPP3CA/PPP3CB/AKAP5/CACNB1/ITGB3/UBQLN1/JPH1/PPP3R1/F2R/PTK2B/PDE4D/CALM1/CALM2,14
GO:0050678,regulation of epithelial cell proliferation,23/686,132/8727,0.174242424242424,2.21663795388285,4.11377009423449,0.000222773931684833,0.0100601447442553,0.0079953691375571,PTPRM/APOE/SP1/NR1D1/RTN4/UHRF1/JCAD/EGR3/ITGB3/SOX9/MCC/CYBA/LAMC1/ERBB4/MYC/SEMA5A/ZFP36L1/NRP2/VASH1/RREB1/NUPR1/FZD7/VEGFA,23
GO:0034329,cell junction assembly,40/686,286/8727,0.13986013986014,1.77924116699627,3.9135653087354,0.000230264287369904,0.0102163996012786,0.00811955375847433,SLITRK5/S100A10/AMIGO1/NECTIN3/RTN4/NTN1/EPB41L3/MMP14/AKAP5/GABRB3/MYCBP2/NRXN1/FSCN1/CHRNB2/CDH18/STAU2/LRRTM3/CLSTN3/RHOC/LGI2/SLITRK3/HAPLN4/PCDHB16/PLXNA3/PDLIM5/LAMC1/CNTNAP2/ERBB4/PTK2B/ARHGEF9/CBLN4/DMTN/ICAM5/SRC/CASKIN1/CDH8/CNTNAP1/SEMA4A/EFNA5/VEGFA,40
GO:0071774,response to fibroblast growth factor,11/686,41/8727,0.268292682926829,3.41310531181114,4.52348258438307,0.000231751975832408,0.0102163996012786,0.00811955375847433,FGF17/NRXN1/EGR3/NPTN/FLRT2/TBX2/SHOC2/SHCBP1/ZFP36L2/ZFP36L1/FRS3,11
GO:0008015,blood circulation,29/686,185/8727,0.156756756756757,1.99419273500906,3.99200702631706,0.000245393319427661,0.0106904877863603,0.00849633860002914,AGTRAP/SLIT2/SLC1A1/FKBP1B/APOE/PCSK5/KCNIP2/SCN8A/ADM/PDE2A/SPTBN4/JPH1/ATP2B2/F2R/CYBA/TBX2/MMP2/MAS1/PDE4D/CALM1/FGF12/SRC/GUCY1B1/CALM2/ATP2B1/ABCC8/ADRB1/VEGFA/SCN1B,29
GO:0007200,phospholipase C-activating G protein-coupled receptor signaling pathway,13/686,55/8727,0.236363636363636,3.0069175722237,4.36079706634857,0.000256732855988661,0.0109108275057226,0.00867145510548232,ADGRG1/DGKG/OPRD1/PLCB1/INPP5A/DGKB/NRXN1/F2R/MAS1/ITPR1/HOMER1/PLCB4/VEGFA,13
GO:0003013,circulatory system process,34/686,231/8727,0.147186147186147,1.87243951383893,3.92508165770605,0.000256754194552055,0.0109108275057226,0.00867145510548232,AGTRAP/SLIT2/SLC1A1/FKBP1B/APOE/PCSK5/SLC6A1/KCNIP2/SCN8A/ADM/PDE2A/SPTBN4/SLC6A9/JPH1/SLC2A13/ATP2B2/F2R/CYBA/TBX2/MMP2/MAS1/PDE4D/CALM1/FGF12/SRC/GUCY1B1/CALM2/ATP2B1/ABCC8/WWTR1/SLC2A3/ADRB1/VEGFA/SCN1B,34
GO:0048168,regulation of neuronal synaptic plasticity,9/686,29/8727,0.310344827586207,3.94807479642103,4.64453699324231,0.00025929052673605,0.0109108275057226,0.00867145510548232,NCDN/RAB3A/APOE/SYP/MCTP1/PPFIA3/CAMK2B/NPTN/NEURL1,9
GO:0017158,regulation of calcium ion-dependent exocytosis,7/686,18/8727,0.388888888888889,4.94727891156463,4.89626091576217,0.000265153943012266,0.0110321915839823,0.00876791004031608,RAB3A/RPH3A/SCAMP5/PPP3CA/DOC2A/SYT5/STX1A,7
GO:0050890,cognition,20/686,109/8727,0.18348623853211,2.33423382459144,4.09408242187203,0.000278372230244616,0.0114534707621757,0.009102724560907,SLC1A1/TREM2/TUSC3/CALB1/JAKMIP1/APOE/PLCB1/SLC6A1/PPP3CB/NRXN1/NDRG4/CHRNB2/CAMK2N1/MAP1A/CNTNAP2/BRSK1/SYNJ1/CTNS/PLK2/ABCC8,20
GO:0036293,response to decreased oxygen levels,26/686,160/8727,0.1625,2.06725583090379,3.9795024391447,0.000284675316042121,0.0115840955527909,0.00920653951049619,AGTRAP/TREM2/COXFA4L2/OPRD1/RTN4/STC2/MMP14/CYGB/CBFA2T3/PINK1/CHRNB2/PAK1/UBQLN1/CYBA/MMP2/MYC/NDRG1/LIMD1/ZFP36L1/ITPR1/TP53/LMNA/VEGFA/IRAK1/PLOD2/TBL2,26
GO:0043254,regulation of protein-containing complex assembly,37/686,261/8727,0.14176245210728,1.8034415736738,3.84901898339546,0.000299553584463513,0.0120165177457914,0.00955021001864516,SLIT2/HAUS8/TREM2/PIEZO1/AVIL/APOE/OPRD1/CAPG/SYP/PINK1/FSCN1/SPTB/SORL1/STX1B/PREX1/PAK1/RHOC/RACK1/LCAT/SOX9/SPTBN4/PRRT2/BAX/PTK2B/BRSK1/BCL11A/DMTN/SRC/BCL2L11/TP53/INPP5J/COTL1/STX1A/TMOD2/VEGFA/PLEKHG2/GFAP,37
GO:0007612,learning,12/686,49/8727,0.244897959183673,3.11548759445469,4.33723876924159,0.000309588652600624,0.0120165177457914,0.00955021001864516,SLC1A1/PLCB1/SLC6A1/PPP3CB/NRXN1/NDRG4/CHRNB2/MAP1A/CNTNAP2/BRSK1/SYNJ1/ABCC8,12
GO:0007613,memory,12/686,49/8727,0.244897959183673,3.11548759445469,4.33723876924159,0.000309588652600624,0.0120165177457914,0.00955021001864516,SLC1A1/TREM2/CALB1/APOE/PLCB1/SLC6A1/PPP3CB/CHRNB2/CAMK2N1/MAP1A/PLK2/ABCC8,12
GO:0008406,gonad development,12/686,49/8727,0.244897959183673,3.11548759445469,4.33723876924159,0.000309588652600624,0.0120165177457914,0.00955021001864516,ADGRG1/SLIT2/MMP14/BASP1/DNAAF11/SOX9/TNFAIP6/MMP2/MMP19/INHBB/RARA/VEGFA,12
GO:0061061,muscle structure development,38/686,271/8727,0.140221402214022,1.78383699288888,3.82862248348948,0.000311527330163643,0.0120165177457914,0.00955021001864516,PIEZO1/ZBTB18/PPP3CA/FOXP1/PLCB1/ADAM12/MMP14/PPP3CB/BASP1/RBM24/MYH11/DPF3/EGR3/HEY2/PAXBP1/PAK1/PLEKHM3/ADM/SOX9/PTBP1/PDLIM5/TBX2/LAMC1/FHL1/ACTL6A/JAG1/BOC/VAMP5/ZFP36L1/CNTNAP1/LMNA/SOX6/IGFBP3/FZD7/TMOD2/NEURL1/NINJ1/VEGFA,38
GO:0007611,learning or memory,17/686,86/8727,0.197674418604651,2.51472981219066,4.12303505463772,0.000316782975970982,0.0120932717527892,0.00961121079292174,SLC1A1/TREM2/CALB1/APOE/PLCB1/SLC6A1/PPP3CB/NRXN1/NDRG4/CHRNB2/CAMK2N1/MAP1A/CNTNAP2/BRSK1/SYNJ1/PLK2/ABCC8,17
GO:0007610,behavior,29/686,188/8727,0.154255319148936,1.96237051051424,3.89612027803908,0.00032444657989012,0.0122594457687052,0.00974327873350261,SLC1A1/TREM2/CALB1/OPN3/KCNA2/APOE/NR1D1/OPRD1/INPP5F/PLCB1/SLC6A1/PPP3CB/SEZ6L2/NRXN1/NDRG4/CHRNB2/BTBD9/CNTN1/GPR176/CAMK2N1/MAP1A/CNTNAP2/BRSK1/SYNJ1/SEPTIN5/PLK2/TP53/ABCC8/ADRB1,29
GO:0034765,regulation of monoatomic ion transmembrane transport,21/686,119/8727,0.176470588235294,2.24498370776882,3.99393185692471,0.000345158188460188,0.012860811129978,0.0102212179850886,FKBP1B/AMIGO1/PPP3CA/PPP3CB/AKAP5/CACNB1/ITGB3/KCNIP2/UBQLN1/CACNB3/JPH1/PPP3R1/F2R/FHL1/PTK2B/PDE4D/CALM1/FGF12/CALM2/SCN1B/KCNAB2,21
GO:0022603,regulation of anatomical structure morphogenesis,52/686,410/8727,0.126829268292683,1.61346796558345,3.71633707641049,0.000347307889008319,0.012860811129978,0.0102212179850886,SLIT2/RIMS2/AMIGO1/PTPRM/METRN/LFNG/SP1/RTN4/NTN1/SPHK1/TMEM135/TNFRSF12A/FOXP1/EPB41L3/ADAM12/JCAD/SMO/SAPCD2/CAMK2B/PINK1/SPTB/CHRNB2/STAU2/FGD6/TSPAN12/ITGB3/PAK1/ADM/RACK1/SOX9/HMGA2/PLXNA3/VIM/PDLIM5/TBX2/PTK2B/BRSK1/PDPN/SEMA5A/BCL11A/PLK2/DMTN/SRC/VASH1/ABCC8/SEMA4A/RREB1/YWHAH/ANXA1/EFNA5/NINJ1/VEGFA,52
GO:0060291,long-term synaptic potentiation,11/686,43/8727,0.255813953488372,3.25435622754085,4.32824159895599,0.000365027865613745,0.0133831503600762,0.0106363506761016,CYP46A1/APOE/AKAP5/ADCY1/CAMK2B/NPTN/NSG1/PTK2B/CALM1/PLK2/CALM2,11
GO:0051209,release of sequestered calcium ion into cytosol,12/686,50/8727,0.24,3.0531778425656,4.25247141881734,0.000378752890723016,0.0137502152386993,0.0109280780097167,FKBP1B/PLCB1/PLCL2/ITGB3/JPH1/F2R/PTK2B/PDE4D/CALM1/ITPR1/CALM2/PLCB4,12
GO:0031629,synaptic vesicle fusion to presynaptic active zone membrane,6/686,14/8727,0.428571428571429,5.45210329029571,4.86922702213148,0.000400364880149091,0.0139863316150197,0.0111157331216555,RAB3A/RPH3A/DOC2A/SYT5/STX1B/PRRT2,6
GO:0043116,negative regulation of vascular permeability,6/686,14/8727,0.428571428571429,5.45210329029571,4.86922702213148,0.000400364880149091,0.0139863316150197,0.0111157331216555,SLIT2/APOE/ADM/PDE2A/ABCC8/VEGFA,6
GO:0099500,vesicle fusion to plasma membrane,6/686,14/8727,0.428571428571429,5.45210329029571,4.86922702213148,0.000400364880149091,0.0139863316150197,0.0111157331216555,RAB3A/RPH3A/DOC2A/SYT5/STX1B/PRRT2,6
GO:1904862,inhibitory synapse assembly,6/686,14/8727,0.428571428571429,5.45210329029571,4.86922702213148,0.000400364880149091,0.0139863316150197,0.0111157331216555,GABRB3/CLSTN3/LGI2/HAPLN4/CBLN4/SEMA4A,6
GO:0021700,developmental maturation,20/686,113/8727,0.176991150442478,2.2516060785882,3.9112815812562,0.000455487873834368,0.0156455908970363,0.0124344408333131,SYP/LTF/PABPC1L/SEZ6L2/CAMK2B/NRXN1/NDRG4/TDRD6/KCNIP2/SPTBN4/NEMP1/B4GALT6/CNTNAP2/ATP6V0A1/BCL11A/CNTNAP1/RND1/NEURL1/VEGFA/BCAN,20
GO:0008037,cell recognition,12/686,51/8727,0.235294117647059,2.99331161035843,4.16979922112796,0.000460537242175792,0.0156455908970363,0.0124344408333131,TREM2/AMIGO1/RTN4/NPTN/ST6GALNAC6/EPHA5/CNTNAP2/SEMA5A/EMB/C4A/MASP1/EFNA5,12
GO:1901890,positive regulation of cell junction assembly,12/686,51/8727,0.235294117647059,2.99331161035843,4.16979922112796,0.000460537242175792,0.0156455908970363,0.0124344408333131,SLITRK5/S100A10/AMIGO1/NRXN1/STAU2/LRRTM3/CLSTN3/SLITRK3/CNTNAP2/SEMA4A/EFNA5/VEGFA,12
GO:0090257,regulation of muscle system process,19/686,105/8727,0.180952380952381,2.30199916701374,3.9202699877931,0.000470933602526271,0.0158533375468617,0.0125995489102514,FKBP1B/IGFBP5/PPP3CA/SPHK1/FOXP1/CACNB1/CAMK2B/PAK1/CACNB3/JPH1/F2R/PDE4D/CALM1/CALM2/ATP2B1/ABCC8/LMNA/CACNB4/TNFRSF1A,19
GO:0007188,adenylate cyclase-modulating G protein-coupled receptor signaling pathway,18/686,97/8727,0.185567010309278,2.36070451744763,3.93603477710133,0.000480710200571539,0.0158934810063965,0.0126314532004578,RIMS2/OPN3/AKAP5/ADCY1/SMO/NRXN1/GNAL/ITGB3/ADM/RACK1/PDE2A/GPR176/MAS1/PDE4D/GNAO1/GRIK3/ADRB1/PRKACB,18
GO:0019722,calcium-mediated signaling,18/686,97/8727,0.185567010309278,2.36070451744763,3.93603477710133,0.000480710200571539,0.0158934810063965,0.0126314532004578,PCP4/TREM2/FKBP1B/HOMER3/PPP3CA/SPHK1/MCTP1/INPP5A/PPP3CB/AKAP5/JPH1/PPP3R1/PTBP1/CALM1/ITPR1/CALM2/NCALD/GRIK3,18
GO:0010975,regulation of neuron projection development,34/686,239/8727,0.142259414225941,1.80976371421252,3.7073979728549,0.000488099324550562,0.0159949716708914,0.0127121136031937,SLIT2/AVIL/DGKG/AMIGO1/METRN/APOE/RTN4/NTN1/INPP5F/CAMK1D/MYCBP2/CAMK2B/NDRG4/CHRNB2/STAU2/STX1B/PREX1/NPTN/PAK1/DPYSL3/PMP22/PLXNA3/VIM/PDLIM5/SHOC2/PTK2B/BRSK1/SEMA5A/BCL11A/YWHAH/EFNA5/VEGFA/APBB1/SCN1B,34
GO:0070482,response to oxygen levels,27/686,175/8727,0.154285714285714,1.96275718450646,3.75765217643564,0.000514024175762429,0.0166967677442831,0.0132698708530841,AGTRAP/TREM2/COXFA4L2/OPRD1/RTN4/STC2/MMP14/CYGB/CBFA2T3/PINK1/CHRNB2/PAK1/UBQLN1/CYBA/MMP2/MYC/NDRG1/LIMD1/ZFP36L1/ITPR1/TP53/GUCY1B1/LMNA/VEGFA/IRAK1/PLOD2/TBL2,27
GO:0070886,positive regulation of calcineurin-NFAT signaling cascade,5/686,10/8727,0.5,6.36078717201166,4.95404188181033,0.000533747256461583,0.0170385007817004,0.0135414655318991,PPP3CA/PPP3CB/AKAP5/PPP3R1/PTBP1,5
GO:0106058,positive regulation of calcineurin-mediated signaling,5/686,10/8727,0.5,6.36078717201166,4.95404188181033,0.000533747256461583,0.0170385007817004,0.0135414655318991,PPP3CA/PPP3CB/AKAP5/PPP3R1/PTBP1,5
GO:0003015,heart process,18/686,98/8727,0.183673469387755,2.33661569584102,3.88645811137199,0.000546734083446364,0.0171975398173487,0.0136678628979028,SLC1A1/FKBP1B/KCNIP2/SCN8A/ADM/SPTBN4/JPH1/ATP2B2/TBX2/PDE4D/CALM1/FGF12/SRC/CALM2/ATP2B1/WWTR1/ADRB1/SCN1B,18
GO:0045137,development of primary sexual characteristics,12/686,52/8727,0.230769230769231,2.93574792554384,4.08912478411967,0.000556711623793417,0.0171975398173487,0.0136678628979028,ADGRG1/SLIT2/MMP14/BASP1/DNAAF11/SOX9/TNFAIP6/MMP2/MMP19/INHBB/RARA/VEGFA,12
GO:0071168,protein localization to chromatin,11/686,45/8727,0.244444444444444,3.10971817298348,4.14414975729127,0.000557416000267674,0.0171975398173487,0.0136678628979028,H4C11/H2AC8/UHRF1/MCM8/H2AC4/H4C8/H2BC11/AURKB/H4C2/CDK2/H4C1,11
GO:0042551,neuron maturation,7/686,20/8727,0.35,4.45255102040816,4.51476824617633,0.000561950396408098,0.0171975398173487,0.0136678628979028,NDRG4/KCNIP2/SPTBN4/B4GALT6/CNTNAP2/BCL11A/RND1,7
GO:1903170,negative regulation of calcium ion transmembrane transport,7/686,20/8727,0.35,4.45255102040816,4.51476824617633,0.000561950396408098,0.0171975398173487,0.0136678628979028,FKBP1B/PPP3CA/PPP3CB/UBQLN1/PPP3R1/CALM1/CALM2,7
GO:0050919,negative chemotaxis,9/686,32/8727,0.28125,3.57794278425656,4.26705363077462,0.000586403773450232,0.0177987965007066,0.0141457157769695,SLIT2/NTN1/ITGB3/SEMA6B/FLRT2/PLXNA3/SEMA5A/SEMA4A/EFNA5,9
GO:0051260,protein homooligomerization,19/686,107/8727,0.177570093457944,2.2589711452004,3.82708989485407,0.000601210837746221,0.0180776440450721,0.014367331778228,KCTD1/KCNA2/ATL1/BLM/BASP1/PRMT8/PXDN/MICU1/TK1/GLRA3/KCNC4/TMEM70/BCL11A/ITPR1/ICAM5/CRTC1/SHMT2/KCTD5/NINJ1,19
GO:0008038,neuron recognition,8/686,26/8727,0.307692307692308,3.91433056739179,4.3466586156742,0.000610236431443159,0.0180776440450721,0.014367331778228,AMIGO1/RTN4/NPTN/EPHA5/CNTNAP2/SEMA5A/EMB/EFNA5,8
GO:0097720,calcineurin-mediated signaling,8/686,26/8727,0.307692307692308,3.91433056739179,4.3466586156742,0.000610236431443159,0.0180776440450721,0.014367331778228,HOMER3/PPP3CA/PPP3CB/AKAP5/PPP3R1/PTBP1/CALM1/CALM2,8
GO:0060047,heart contraction,17/686,91/8727,0.186813186813187,2.37655784448787,3.85543580327385,0.000631419040716213,0.0185567040299376,0.0147480679918117,SLC1A1/FKBP1B/KCNIP2/SCN8A/ADM/SPTBN4/JPH1/ATP2B2/TBX2/PDE4D/CALM1/FGF12/SRC/CALM2/ATP2B1/ADRB1/SCN1B,17
GO:0001763,morphogenesis of a branching structure,10/686,39/8727,0.256410256410256,3.26194213949316,4.13493341025697,0.000658708743823559,0.0192062872313279,0.0152643287030343,SLIT2/RTN4/SMO/HS3ST3A1/PAK1/SOX9/TBX2/MYC/BCL11A/VEGFA,10
GO:0051962,positive regulation of nervous system development,21/686,125/8727,0.168,2.13722448979592,3.74038340973255,0.000681616628087198,0.0197189560453664,0.0156717757644587,SLITRK5/SLIT2/AMIGO1/METRN/NTN1/CAMK2B/NRXN1/STAU2/LRRTM3/NPTN/PAK1/CLSTN3/SLITRK3/VIM/SEMA5A/BCL11A/SEMA4A/NEURL1/EFNA5/VEGFA/GFAP,21
GO:1901699,cellular response to nitrogen compound,43/686,332/8727,0.129518072289157,1.64767378552109,3.51422563266388,0.0007248508470583,0.0208071526097433,0.0165366274587033,AGTRAP/SLIT2/SLC1A1/HTR3B/TREM2/LYPD1/AMIGO1/IGFBP5/SP1/PPP3CA/BLM/GABRB1/PLCB1/CACNB1/ADCY1/GABRB3/CHRNB2/SORL1/GNAL/ITGB3/PAK1/PDE2A/DDX11/SOX9/AHR/CYBA/VIM/SHOC2/MAS1/PDE4D/ZFP36L1/BCL11A/DMTN/ITPR1/SRC/TP53/GUCY1B1/ATP2B1/GNAO1/CRTC1/GNB5/INHBB/CDK2,43
GO:0007215,glutamate receptor signaling pathway,9/686,33/8727,0.272727272727273,3.46952027564273,4.15120689808477,0.000750939876665678,0.0213902335637924,0.0170000350520546,SLC1A1/HOMER3/GRIA2/PLCB1/NRXN1/PTK2B/HOMER1/NECAB2/GRIK3,9
GO:0006887,exocytosis,28/686,189/8727,0.148148148148148,1.88467768059605,3.59130697190434,0.000790810976216395,0.0220376076063549,0.0175145400191244,RIMS2/ATP13A2/S100A10/CADPS2/RAB3A/RPH3A/SCAMP5/PPP3CA/SYP/PPFIA3/PPP3CB/DOC2A/SYT5/STX1B/RAB37/PAK1/RAB11FIP2/PRRT2/BRSK1/SYNJ1/SEPTIN5/SV2B/SV2A/EXOC6/STX1A/ANXA1/EFR3A/CACNB4,28
GO:0050803,regulation of synapse structure or activity,28/686,189/8727,0.148148148148148,1.88467768059605,3.59130697190434,0.000790810976216395,0.0220376076063549,0.0175145400191244,SLITRK5/TREM2/AMIGO1/APOE/NECTIN3/RTN4/NTN1/MYCBP2/PRMT8/CAMK2B/NRXN1/CHRNB2/STAU2/LRRTM3/STX1B/CLSTN3/SLITRK3/PDLIM5/PTK2B/ICAM5/CASKIN1/HOMER1/CDH8/NRP2/CNTNAP1/SEMA4A/NEURL1/EFNA5,28
GO:0035295,tube development,50/686,404/8727,0.123762376237624,1.57445227029992,3.45318079196113,0.000791520878111044,0.0220376076063549,0.0175145400191244,ADGRG1/SLIT2/SLC1A1/CALB1/PTPRM/IGFBP5/SP1/PCSK5/RTN4/SPHK1/TNFRSF12A/FOXP1/ADAM12/MMP14/BASP1/JCAD/SMO/NRXN1/NDRG4/PXDN/RNF213/HS3ST3A1/TSPAN12/EGR3/ITGB3/HEY2/PAK1/ADM/SOX9/LOX/HMGA2/TBX2/MARCKS/MMP2/PTK2B/PDPN/MYC/SEMA5A/JAG1/PLK2/SRC/NRP2/VASH1/ABCC8/MMP19/SEMA4A/INHBB/ANXA1/NINJ1/VEGFA,50
GO:0008285,negative regulation of cell population proliferation,39/686,294/8727,0.13265306122449,1.68755578032962,3.50271807725781,0.000798356412224961,0.0220620432423062,0.0175339604086425,ADGRG1/TREM2/PTPRM/APOE/IGFBP5/CDKN2D/CD200/H2AC8/NIBAN2/TGFB1I1/FABP3/CBFA2T3/NDRG4/TWSG1/HLA-E/H2AC4/PAK1/PMP22/SOX9/MCC/F2R/SHOC2/ERBB4/PTK2B/PDPN/MYC/FABP7/NDRG1/CDKN2C/TP53/VASH1/ABCC8/LMNA/H2AC6/NUPR1/IGFBP3/RARA/NEURL1/CACNB4,39
GO:0046879,hormone secretion,20/686,118/8727,0.169491525423729,2.15619904135989,3.69327703709256,0.000808484142757987,0.0221764205972802,0.0176248625971539,RIMS2/RAB3A/SCG5/NR1D1/NMB/NIBAN2/PPP3CB/RAB11FIP2/C1QTNF1/EPHA5/CACNG4/SLC9B2/GNAO1/ABCC8/STX1A/INHBB/KCNJ11/ANXA1/EFNA5/PRKACB,20
GO:0050772,positive regulation of axonogenesis,10/686,40/8727,0.25,3.18039358600583,4.03686858580355,0.000817503685106221,0.0222589422496201,0.0176904472471835,SLIT2/AMIGO1/METRN/NTN1/PAK1/VIM/SEMA5A/BCL11A/EFNA5/VEGFA,10
GO:1901888,regulation of cell junction assembly,24/686,154/8727,0.155844155844156,1.98258301465299,3.59317055529317,0.000892672517007446,0.0241282213903545,0.019176069684161,SLITRK5/S100A10/AMIGO1/NECTIN3/RTN4/NTN1/MMP14/MYCBP2/NRXN1/CHRNB2/STAU2/LRRTM3/CLSTN3/SLITRK3/PDLIM5/CNTNAP2/PTK2B/DMTN/ICAM5/SRC/CASKIN1/SEMA4A/EFNA5/VEGFA,24
GO:0007413,axonal fasciculation,5/686,11/8727,0.454545454545455,5.78253379273787,4.63564756401092,0.000915488081733978,0.0243888659472009,0.0193832187360543,AMIGO1/RTN4/EPHA5/SEMA5A/EFNA5,5
GO:0106030,neuron projection fasciculation,5/686,11/8727,0.454545454545455,5.78253379273787,4.63564756401092,0.000915488081733978,0.0243888659472009,0.0193832187360543,AMIGO1/RTN4/EPHA5/SEMA5A/EFNA5,5
GO:0002220,innate immune response activating cell surface receptor signaling pathway,11/686,48/8727,0.229166666666667,2.91536078717201,3.8864313217748,0.000999169176264772,0.0264280247122032,0.0210038541713037,TREM2/NR1D1/LTF/PAK1/RAB11FIP2/CYBA/SRC/TNIP2/MASP1/NINJ1/IRAK1,11
GO:0051050,positive regulation of transport,50/686,409/8727,0.122249388753056,1.55520468753341,3.35907693813428,0.00104281868857563,0.0273119579428261,0.0217063661779843,ATP13A2/TREM2/S100A10/OPN3/CADPS2/RAB3A/AMIGO1/PTPRM/PARD6A/RPH3A/APOE/SCAMP5/PPP3CA/NMB/CAMK1D/PPP3CB/AKAP5/FABP3/DOC2A/LIPG/SYT5/CHRNB2/SORL1/STX1B/KCNIP2/RACK1/C1QTNF1/CACNB3/PPP3R1/F2R/PRRT2/CYBA/DBI/FHL1/CACNG4/KMO/ATP2B1/ABCC8/STX1A/ANP32B/INHBB/C4A/ANXA1/MASP1/EFNA5/MICU3/VEGFA/APBB1/SCN1B/PRKACB,50
GO:0008543,fibroblast growth factor receptor signaling pathway,8/686,28/8727,0.285714285714286,3.63473552686381,4.07845813706468,0.00105471509204,0.0273119579428261,0.0217063661779843,FGF17/NRXN1/NPTN/FLRT2/TBX2/SHOC2/SHCBP1/FRS3,8
GO:0060993,kidney morphogenesis,8/686,28/8727,0.285714285714286,3.63473552686381,4.07845813706468,0.00105471509204,0.0273119579428261,0.0217063661779843,CALB1/PPP3CA/BASP1/SMO/HS3ST3A1/SOX9/MYC/VEGFA,8
GO:2001244,positive regulation of intrinsic apoptotic signaling pathway,7/686,22/8727,0.318181818181818,4.04777365491651,4.18046213851028,0.00107602050098584,0.0276324069724831,0.0219610452454343,RACK1/BAX/MMP2/MYC/BCL2L11/TP53/NUPR1,7
GO:0045597,positive regulation of cell differentiation,47/686,379/8727,0.12401055408971,1.57760948329577,3.35797401296843,0.0010820143156927,0.0276324069724831,0.0219610452454343,SLIT2/PCP4/TREM2/PIEZO1/MMD/AMIGO1/METRN/LMO3/PPP3CA/NTN1/PLCB1/MMP14/TGFB1I1/LTF/CAMK2B/RBM24/STAU2/DPF3/NPTN/PAK1/ADM/SOX9/VIM/BRINP1/FBN2/LAMC1/SHOC2/MAPK9/PDPN/SEMA5A/ACTL6A/BEND6/JAG1/BOC/ZFP36L1/BCL11A/FNDC5/RREB1/SOX6/WWTR1/ANXA1/IGFBP3/RARA/NEURL1/EFNA5/VEGFA/GFAP,47
GO:0001667,ameboidal-type cell migration,20/686,121/8727,0.165289256198347,2.10273956099559,3.56762830309524,0.00111750499584318,0.0283432945178582,0.0225260280051318,TNS1/RTN4/MAPRE2/CYGB/ITGB3/PAK1/SEMA6B/SOX9/MCC/FBN2/MMP2/ERBB4/SEMA5A/DMTN/SRC/NRP2/SEMA4A/RREB1/VEGFA/GFAP,20
GO:0061844,antimicrobial humoral immune response mediated by antimicrobial peptide,9/686,35/8727,0.257142857142857,3.27126197417743,3.932384941909,0.00119271731510549,0.0300451171281335,0.023878563214286,H2BC4/LTF/H2BC7/H2BC6/ADM/H2BC14/H2BC11/H2BC15/H2BC17,9
GO:0021953,central nervous system neuron differentiation,13/686,64/8727,0.203125,2.58406978862974,3.71487985102564,0.00120448868092767,0.0301366323342916,0.0239512955529883,SLIT2/GABRB1/MYCBP2/NRXN1/CHRNB2/FAIM2/SPTBN4/B4GALT6/PLXNA3/BRINP1/ERBB4/NRP2/SCN1B,13
GO:0019730,antimicrobial humoral response,10/686,42/8727,0.238095238095238,3.02894627238651,3.84968249042306,0.00122970943371852,0.0303134539642622,0.0240918257579763,H2BC4/LTF/H2BC7/HLA-E/H2BC6/ADM/H2BC14/H2BC11/H2BC15/H2BC17,10
GO:0006874,intracellular calcium ion homeostasis,15/686,80/8727,0.1875,2.38529518950437,3.6355424604347,0.0012443005678012,0.0303134539642622,0.0240918257579763,ATP13A2/CALB1/STC2/MICU1/NPTN/ATP2B2/BAX/TSPOAP1/SLC25A23/SV2B/DMTN/ITPR1/ATP2B1/MICU3/CACNB4,15
GO:0008016,regulation of heart contraction,15/686,80/8727,0.1875,2.38529518950437,3.6355424604347,0.0012443005678012,0.0303134539642622,0.0240918257579763,SLC1A1/FKBP1B/KCNIP2/ADM/SPTBN4/JPH1/ATP2B2/TBX2/PDE4D/CALM1/SRC/CALM2/ATP2B1/ADRB1/SCN1B,15
GO:0050679,positive regulation of epithelial cell proliferation,15/686,80/8727,0.1875,2.38529518950437,3.6355424604347,0.0012443005678012,0.0303134539642622,0.0240918257579763,SP1/RTN4/JCAD/EGR3/ITGB3/SOX9/CYBA/LAMC1/ERBB4/MYC/SEMA5A/NRP2/RREB1/FZD7/VEGFA,15
GO:0120035,regulation of plasma membrane bounded cell projection organization,45/686,362/8727,0.124309392265193,1.58141117536202,3.30004087269166,0.00130712207602548,0.0313488646144902,0.0249147254843703,SLIT2/TREM2/LIMA1/AVIL/DGKG/AMIGO1/METRN/APOE/RTN4/NTN1/INPP5F/CAMK1D/MYCBP2/CAMK2B/NRXN1/NDRG4/FSCN1/CHRNB2/STAU2/STX1B/PREX1/NPTN/PAK1/DPYSL3/PMP22/SEPTIN9/PLXNA3/VIM/PDLIM5/SHOC2/PTK2B/BRSK1/PDPN/SEMA5A/BCL11A/DMTN/SRC/HOMER1/RREB1/YWHAH/NEURL1/EFNA5/VEGFA/APBB1/SCN1B,45
GO:0048608,reproductive structure development,12/686,57/8727,0.210526315789474,2.67822617768912,3.71272687162421,0.0013272790261253,0.0313488646144902,0.0249147254843703,ADGRG1/SLIT2/MMP14/BASP1/DNAAF11/SOX9/TNFAIP6/MMP2/MMP19/INHBB/RARA/VEGFA,12
GO:0050807,regulation of synapse organization,27/686,186/8727,0.145161290322581,1.84668014671306,3.409071568304,0.00133008734336264,0.0313488646144902,0.0249147254843703,SLITRK5/TREM2/AMIGO1/APOE/NECTIN3/RTN4/NTN1/MYCBP2/PRMT8/CAMK2B/NRXN1/CHRNB2/STAU2/LRRTM3/CLSTN3/SLITRK3/PDLIM5/PTK2B/ICAM5/CASKIN1/HOMER1/CDH8/NRP2/CNTNAP1/SEMA4A/NEURL1/EFNA5,27
GO:0001541,ovarian follicle development,6/686,17/8727,0.352941176470588,4.48996741553764,4.20679536209107,0.00134461543504079,0.0313488646144902,0.0249147254843703,MMP14/TNFAIP6/MMP2/MMP19/INHBB/VEGFA,6
GO:0021955,central nervous system neuron axonogenesis,6/686,17/8727,0.352941176470588,4.48996741553764,4.20679536209107,0.00134461543504079,0.0313488646144902,0.0249147254843703,SLIT2/MYCBP2/CHRNB2/SPTBN4/B4GALT6/SCN1B,6
GO:0001657,ureteric bud development,8/686,29/8727,0.275862068965517,3.50939981904092,3.95342760791561,0.00135773397406056,0.0313488646144902,0.0249147254843703,SLIT2/CALB1/BASP1/SMO/HS3ST3A1/SOX9/MYC/VEGFA,8
GO:0008631,intrinsic apoptotic signaling pathway in response to oxidative stress,8/686,29/8727,0.275862068965517,3.50939981904092,3.95342760791561,0.00135773397406056,0.0313488646144902,0.0249147254843703,TREM2/PYCR1/PINK1/GSKIP/UBQLN1/RACK1/MMP2/MAP2K4,8
GO:0072359,circulatory system development,55/686,466/8727,0.118025751072961,1.50147336678387,3.24966917583888,0.00136317389733962,0.0313488646144902,0.0249147254843703,ADGRG1/SLIT2/SLC1A1/PTPRM/SP1/PCSK5/RTN4/SPHK1/TNFRSF12A/FOXP1/ADAM12/MMP14/BASP1/JCAD/SMO/RBM24/NRXN1/NDRG4/MYH11/PXDN/RNF213/TSPAN12/EGR3/ITGB3/HEY2/PAK1/ADM/PDE2A/SOX9/LOX/HMGA2/FLRT2/AHR/PDLIM5/TBX2/MMP2/ERBB4/PTK2B/PDPN/SEMA5A/SH3PXD2B/JAG1/PLK2/FGF12/NRP2/VASH1/ABCC8/MMP19/SEMA4A/SOX6/ANXA1/FZD7/NINJ1/VEGFA/TNFRSF1A,55
GO:0009914,hormone transport,20/686,123/8727,0.16260162601626,2.06854867382493,3.48587087391226,0.00137553470955628,0.0313488646144902,0.0249147254843703,RIMS2/RAB3A/SCG5/NR1D1/NMB/NIBAN2/PPP3CB/RAB11FIP2/C1QTNF1/EPHA5/CACNG4/SLC9B2/GNAO1/ABCC8/STX1A/INHBB/KCNJ11/ANXA1/EFNA5/PRKACB,20
GO:0009306,protein secretion,25/686,168/8727,0.148809523809524,1.89309142024157,3.41392264224597,0.00138839151951834,0.0313488646144902,0.0249147254843703,RIMS2/ATP13A2/TREM2/RAB3A/PARD6A/CAVIN1/APOE/NR1D1/PCSK5/CD200/PPP3CB/CLSTN3/RAB11FIP2/EPHA5/F2R/CACNG4/SLC9B2/GNAO1/ABCC8/STX1A/INHBB/KCNJ11/EFNA5/APBB1/PRKACB,25
GO:0035592,establishment of protein localization to extracellular region,25/686,168/8727,0.148809523809524,1.89309142024157,3.41392264224597,0.00138839151951834,0.0313488646144902,0.0249147254843703,RIMS2/ATP13A2/TREM2/RAB3A/PARD6A/CAVIN1/APOE/NR1D1/PCSK5/CD200/PPP3CB/CLSTN3/RAB11FIP2/EPHA5/F2R/CACNG4/SLC9B2/GNAO1/ABCC8/STX1A/INHBB/KCNJ11/EFNA5/APBB1/PRKACB,25
GO:0071692,protein localization to extracellular region,25/686,168/8727,0.148809523809524,1.89309142024157,3.41392264224597,0.00138839151951834,0.0313488646144902,0.0249147254843703,RIMS2/ATP13A2/TREM2/RAB3A/PARD6A/CAVIN1/APOE/NR1D1/PCSK5/CD200/PPP3CB/CLSTN3/RAB11FIP2/EPHA5/F2R/CACNG4/SLC9B2/GNAO1/ABCC8/STX1A/INHBB/KCNJ11/EFNA5/APBB1/PRKACB,25
GO:0051259,protein complex oligomerization,22/686,141/8727,0.156028368794326,1.98492649339371,3.44375752362893,0.00141664836634808,0.0317930236399208,0.0252677239207121,KCTD1/KCNA2/ATL1/BLM/NME4/BASP1/PRMT8/PXDN/MICU1/TK1/GLRA3/KCNC4/TMEM70/BCL11A/ITPR1/ICAM5/TP53/HOMER1/CRTC1/SHMT2/KCTD5/NINJ1,22
GO:0048469,cell maturation,11/686,50/8727,0.22,2.79874635568513,3.72550166316559,0.0014300755833982,0.0319010234055634,0.0253535574762954,PABPC1L/NDRG4/TDRD6/KCNIP2/SPTBN4/NEMP1/B4GALT6/CNTNAP2/BCL11A/RND1/VEGFA,11
GO:0001956,positive regulation of neurotransmitter secretion,5/686,12/8727,0.416666666666667,5.30065597667638,4.35417882817872,0.00146849671678447,0.0323681151324577,0.0257247818346479,PPP3CA/STX1B/KMO/STX1A/MICU3,5
GO:0031340,positive regulation of vesicle fusion,5/686,12/8727,0.416666666666667,5.30065597667638,4.35417882817872,0.00146849671678447,0.0323681151324577,0.0257247818346479,RPH3A/DOC2A/SYT5/PRRT2/ANXA1,5
GO:1903522,regulation of blood circulation,17/686,98/8727,0.173469387755102,2.20680371273874,3.50900568712547,0.00149730303458989,0.0325366836968834,0.0258587528591047,SLC1A1/FKBP1B/KCNIP2/ADM/SPTBN4/JPH1/ATP2B2/F2R/TBX2/MMP2/PDE4D/CALM1/SRC/CALM2/ATP2B1/ADRB1/SCN1B,17
GO:1901698,response to nitrogen compound,53/686,447/8727,0.118568232662192,1.50837458665154,3.22282746898871,0.00149828350406872,0.0325366836968834,0.0258587528591047,AGTRAP/SLIT2/SLC1A1/HTR3B/TREM2/LYPD1/AMIGO1/IGFBP5/SP1/PPP3CA/BLM/STC2/GABRB1/PLCB1/CACNB1/ADCY1/GABRB3/FABP3/CNGA3/CHRNB2/SORL1/GNAL/ITGB3/PAK1/PDE2A/DDX11/SOX9/AHR/CYBA/VIM/SHOC2/MMP2/MAS1/PDE4D/CACNG4/JAG1/ZFP36L1/BCL11A/DMTN/ITPR1/SRC/TP53/GUCY1B1/ATP2B1/GNAO1/ABCC8/MMP19/CRTC1/GNB5/SHMT2/INHBB/KCNJ11/CDK2,53
GO:0051241,negative regulation of multicellular organismal process,57/686,489/8727,0.116564417177914,1.48288289899658,3.20996274708233,0.0015025041620759,0.0325366836968834,0.0258587528591047,TREM2/LGALS1/FKBP1B/HOMER3/PTPRM/APOE/IGFBP5/NR1D1/RTN4/CD200/NMB/FOXP1/XAF1/LTF/PRTG/CYGB/PLCL2/TWSG1/SORL1/HLA-E/ITGB3/HEY2/NPTN/PAK1/CLSTN3/ADM/C1QTNF1/SOX9/ANXA5/TNFAIP6/MCC/SPTBN4/F2R/CYBA/TRIB2/MMP2/PTK2B/MYC/PDE4D/SEMA5A/BCL11A/PLK2/ARRDC3/SRC/ATP2B1/VASH1/ABCC8/LMNA/SEMA4A/SOX6/INHBB/YWHAH/ANXA1/RARA/FZD7/VEGFA/TNFRSF1A,57
GO:0061458,reproductive system development,12/686,58/8727,0.206896551724138,2.63204986428069,3.64231540041394,0.0015565867893519,0.0335118655870354,0.0266337853647233,ADGRG1/SLIT2/MMP14/BASP1/DNAAF11/SOX9/TNFAIP6/MMP2/MMP19/INHBB/RARA/VEGFA,12
GO:0007420,brain development,38/686,295/8727,0.128813559322034,1.63871127143351,3.25960458833685,0.00160476732477107,0.0341847055532405,0.0271685295495307,ADGRG1/SLIT2/SLC1A1/KCNA2/AMIGO1/CA10/RTN4/FOXP1/PLCB1/PBX3/BASP1/TTBK2/SMO/SEZ6L2/NRXN1/CHRNB2/NCAPG2/PAK1/CNTN1/SEMA6B/RTN1/FAIM2/EPHA5/PLXNA3/BRINP1/CDK5R2/CNTNAP2/ERBB4/CALM1/SEMA5A/MAST1/CTNS/CALM2/NRP2/SOX6/INHBB/YWHAH/RARA,38
GO:0034762,regulation of transmembrane transport,26/686,179/8727,0.145251396648045,1.84782644103132,3.34746347166157,0.00160630266439747,0.0341847055532405,0.0271685295495307,OPN3/FKBP1B/AMIGO1/PTPRM/PPP3CA/PPP3CB/AKAP5/CACNB1/ITGB3/KCNIP2/UBQLN1/SLC43A2/CACNB3/JPH1/PPP3R1/F2R/FHL1/PTK2B/PRRT1/PDE4D/CALM1/CACNG4/FGF12/CALM2/SCN1B/KCNAB2,26
GO:0071322,cellular response to carbohydrate stimulus,14/686,74/8727,0.189189189189189,2.40678433535576,3.54956115429505,0.00163591138529909,0.0346158849129288,0.0275112123073679,TREM2/NCF1/NR1D1/PLCB1/PPP3CB/RACK1/RAB11FIP2/EPHA5/CYBA/CACNG4/SLC9B2/ZFP36L1/ABCC8/EFNA5,14
GO:0048511,rhythmic process,23/686,152/8727,0.151315789473684,1.92497506521406,3.36007820996101,0.00169663871498899,0.0356968929636604,0.0283703508810158,SLIT2/OPN3/KCNA2/HLF/SP1/NR1D1/GABRB1/ADCY1/MYCBP2/TEF/CHRNB2/EGR3/BTBD9/RACK1/GPR176/TNFAIP6/AHR/MMP2/MAPK9/TP53/MMP19/CRTC1/ADRB1,23
GO:0072163,mesonephric epithelium development,8/686,30/8727,0.266666666666667,3.39241982507289,3.83378643177283,0.00172603249399377,0.0359072939621288,0.0285375685197705,SLIT2/CALB1/BASP1/SMO/HS3ST3A1/SOX9/MYC/VEGFA,8
GO:0072164,mesonephric tubule development,8/686,30/8727,0.266666666666667,3.39241982507289,3.83378643177283,0.00172603249399377,0.0359072939621288,0.0285375685197705,SLIT2/CALB1/BASP1/SMO/HS3ST3A1/SOX9/MYC/VEGFA,8
GO:0014033,neural crest cell differentiation,10/686,44/8727,0.227272727272727,2.89126689636894,3.67332106938811,0.00179732197802503,0.0371814708638363,0.0295502293645877,FBXL17/SEMA6B/SOX9/ERBB4/SEMA5A/JAG1/FGF12/NRP2/SEMA4A/GFAP,10
GO:0048639,positive regulation of developmental growth,13/686,67/8727,0.194029850746269,2.46836517122841,3.52392909351596,0.00186995519094785,0.0381296934887806,0.0303038358090021,RIMS2/NTN1/PLCB1/BASP1/SMO/PAK1/VIM/TBX2/ERBB4/SEMA5A/BCL11A/EFNA5/VEGFA,13
GO:0021536,diencephalon development,6/686,18/8727,0.333333333333333,4.24052478134111,4.01959303837237,0.00188434618105505,0.0381296934887806,0.0303038358090021,CHRNB2/PLXNA3/CNTNAP2/SEMA5A/NRP2/INHBB,6
GO:0070884,regulation of calcineurin-NFAT signaling cascade,6/686,18/8727,0.333333333333333,4.24052478134111,4.01959303837237,0.00188434618105505,0.0381296934887806,0.0303038358090021,HOMER3/PPP3CA/PPP3CB/AKAP5/PPP3R1/PTBP1,6
GO:0106056,regulation of calcineurin-mediated signaling,6/686,18/8727,0.333333333333333,4.24052478134111,4.01959303837237,0.00188434618105505,0.0381296934887806,0.0303038358090021,HOMER3/PPP3CA/PPP3CB/AKAP5/PPP3R1/PTBP1,6
GO:0045596,negative regulation of cell differentiation,38/686,298/8727,0.12751677852349,1.62221417809693,3.19208640975824,0.00192859248475737,0.038812923755742,0.0308468377567055,TREM2/LGALS1/NR1D1/H4C11/RTN4/FOXP1/LTF/PRTG/SORL1/ITGB3/HEY2/PAK1/SOX9/TNFAIP6/PTBP1/TRIB2/H4C8/SHOC2/PTK2B/MYC/LIMD1/SEMA5A/ZFP36L2/ACTL6A/H4C2/JAG1/ZFP36L1/BCL11A/ABCC8/ANP32B/SOX6/WWTR1/YWHAH/ANXA1/RARA/FZD7/VEGFA/H4C1,38
GO:0048589,developmental growth,29/686,210/8727,0.138095238095238,1.75678883798417,3.24231848893613,0.00196896815873911,0.0394112923881672,0.0313223953374556,SLIT2/RIMS2/APOE/PPP3CA/RTN4/NTN1/FOXP1/PLCB1/PPP3CB/BASP1/MYCBP2/SMO/NDRG4/PAK1/CLSTN3/SOX9/TNFAIP6/PLXNA3/VIM/PDLIM5/TBX2/ERBB4/SEMA5A/BCL11A/NRP2/ANXA1/EFNA5/NINJ1/VEGFA,29
GO:0017157,regulation of exocytosis,16/686,92/8727,0.173913043478261,2.21244771200406,3.41460437270215,0.00198395973786686,0.0394978651038762,0.0313911995979241,RIMS2/ATP13A2/S100A10/CADPS2/RAB3A/RPH3A/SCAMP5/PPP3CA/DOC2A/SYT5/RAB37/SEPTIN5/SV2B/STX1A/ANXA1/CACNB4,16
GO:0065004,protein-DNA complex assembly,20/686,127/8727,0.15748031496063,2.00339753449186,3.32690420179156,0.00204631145019464,0.040141168052616,0.0319024690352144,H2BC4/TSPYL1/H4C11/TSPYL4/NAP1L3/NAP1L2/H2AX/TSPYL2/H2BC7/H2BC6/SOX9/H1-2/H2BC14/H4C8/H2BC11/H2BC15/H4C2/TP53/H4C1/H3C1,20
GO:0030073,insulin secretion,15/686,84/8727,0.178571428571429,2.27170970428988,3.42066073899249,0.00207098977281655,0.040141168052616,0.0319024690352144,RIMS2/RAB3A/NR1D1/PPP3CB/RAB11FIP2/EPHA5/CACNG4/SLC9B2/GNAO1/ABCC8/STX1A/INHBB/KCNJ11/EFNA5/PRKACB,15
GO:0097529,myeloid leukocyte migration,15/686,84/8727,0.178571428571429,2.27170970428988,3.42066073899249,0.00207098977281655,0.040141168052616,0.0319024690352144,SLIT2/TREM2/MPP1/RTN4/CD200/PLCB1/CAMK1D/MMP14/TNFAIP6/IL17RC/MMP2/PTK2B/ANXA1/NINJ1/VEGFA,15
GO:0008284,positive regulation of cell population proliferation,45/686,371/8727,0.121293800539084,1.54304810102709,3.12205586299213,0.0021441756050426,0.040141168052616,0.0319024690352144,FGF17/CDCA7L/IGFBP5/SP1/PPP3CA/CDK4/RTN4/NMB/CCPG1/SPHK1/FOXP1/JCAD/LTF/SAPCD2/BIRC5/PRC1/CHRNB2/EGR3/HLA-E/ITGB3/PAK1/SOX9/HMGA2/F2R/CYBA/TBX2/LAMC1/MMP2/ERBB4/PTK2B/MYC/SEMA5A/ACTL6A/NRP2/RREB1/SHMT2/WWTR1/CDK2/TCIRG1/ANXA1/RARA/FZD7/VEGFA/IRAK1/GFAP,45
GO:0050770,regulation of axonogenesis,13/686,68/8727,0.191176470588235,2.43206568341622,3.46256675963554,0.00214983201603636,0.040141168052616,0.0319024690352144,SLIT2/AMIGO1/METRN/RTN4/NTN1/PAK1/PLXNA3/VIM/BRSK1/SEMA5A/BCL11A/EFNA5/VEGFA,13
GO:0051592,response to calcium ion,13/686,68/8727,0.191176470588235,2.43206568341622,3.46256675963554,0.00214983201603636,0.040141168052616,0.0319024690352144,PPP3CA/ANXA7/ADCY1/NRXN1/MICU1/KCNIP2/RASGRP2/CALM1/HOMER1/CALM2/INHBB/CLIC4/MICU3,13
GO:0042632,cholesterol homeostasis,10/686,45/8727,0.222222222222222,2.82701652089407,3.58883483518706,0.00215158082881285,0.040141168052616,0.0319024690352144,LIMA1/TTC39B/APOE/NR1D1/PCSK5/FABP3/LIPG/LCAT/OSBPL1A/GRAMD1B,10
GO:0045638,negative regulation of myeloid cell differentiation,10/686,45/8727,0.222222222222222,2.82701652089407,3.58883483518706,0.00215158082881285,0.040141168052616,0.0319024690352144,H4C11/LTF/TNFAIP6/H4C8/PTK2B/MYC/H4C2/ZFP36L1/RARA/H4C1,10
GO:0060322,head development,39/686,310/8727,0.125806451612903,1.60045612715132,3.14411263058469,0.00216569648351838,0.040141168052616,0.0319024690352144,ADGRG1/SLIT2/SLC1A1/KCNA2/AMIGO1/CA10/RTN4/FOXP1/PLCB1/PBX3/BASP1/TTBK2/SMO/SEZ6L2/NRXN1/CHRNB2/NCAPG2/PAK1/CNTN1/SEMA6B/RTN1/FAIM2/EPHA5/PLXNA3/BRINP1/CDK5R2/CNTNAP2/ERBB4/CALM1/SEMA5A/MAST1/CTNS/CALM2/NRP2/SOX6/CRISPLD1/INHBB/YWHAH/RARA,39
GO:0001823,mesonephros development,8/686,31/8727,0.258064516129032,3.28298692748989,3.71911097229491,0.00216897171311647,0.040141168052616,0.0319024690352144,SLIT2/CALB1/BASP1/SMO/HS3ST3A1/SOX9/MYC/VEGFA,8
GO:0048013,ephrin receptor signaling pathway,8/686,31/8727,0.258064516129032,3.28298692748989,3.71911097229491,0.00216897171311647,0.040141168052616,0.0319024690352144,EPHB6/EPHA6/PAK1/EPHA5/MMP2/KALRN/SRC/EFNA5,8
GO:0048754,branching morphogenesis of an epithelial tube,8/686,31/8727,0.258064516129032,3.28298692748989,3.71911097229491,0.00216897171311647,0.040141168052616,0.0319024690352144,SLIT2/SMO/HS3ST3A1/PAK1/SOX9/TBX2/MYC/VEGFA,8
GO:0050709,negative regulation of protein secretion,8/686,31/8727,0.258064516129032,3.28298692748989,3.71911097229491,0.00216897171311647,0.040141168052616,0.0319024690352144,APOE/CD200/EPHA5/F2R/GNAO1/ABCC8/INHBB/KCNJ11,8
GO:0071320,cellular response to cAMP,8/686,31/8727,0.258064516129032,3.28298692748989,3.71911097229491,0.00216897171311647,0.040141168052616,0.0319024690352144,IGFBP5/PDE2A/AHR/PDE4D/ZFP36L1/DMTN/CRTC1/INHBB,8
GO:0040017,positive regulation of locomotion,37/686,290/8727,0.127586206896552,1.62309741630642,3.15192268518335,0.00217887517649901,0.040141168052616,0.0319024690352144,SLIT2/TREM2/CAVIN1/IGFBP5/SP1/PPP3CA/RTN4/NTN1/SPHK1/FOXP1/CAMK1D/MMP14/MAPRE2/JCAD/SMO/PINK1/PREX1/ITGB3/PAK1/RHOC/RACK1/SEMA6B/SOX9/TNFAIP6/F2R/MMP2/PTK2B/PDPN/SEMA5A/PLK2/DMTN/SRC/NRP2/SEMA4A/RREB1/ANXA1/VEGFA,37
GO:0002752,cell surface pattern recognition receptor signaling pathway,9/686,38/8727,0.236842105263158,3.01300444990026,3.63217082559134,0.00222626975946242,0.0405367879217672,0.0322168906436929,TREM2/NR1D1/LTF/RAB11FIP2/CYBA/TNIP2/MASP1/NINJ1/IRAK1,9
GO:0014888,striated muscle adaptation,5/686,13/8727,0.384615384615385,4.89291320923974,4.10253458489502,0.00223319058494208,0.0405367879217672,0.0322168906436929,IGFBP5/PPP3CA/INPP5F/CAMK2B/LMNA,5
GO:0021952,central nervous system projection neuron axonogenesis,5/686,13/8727,0.384615384615385,4.89291320923974,4.10253458489502,0.00223319058494208,0.0405367879217672,0.0322168906436929,SLIT2/MYCBP2/CHRNB2/SPTBN4/SCN1B,5
GO:0031344,regulation of cell projection organization,45/686,372/8727,0.120967741935484,1.53890012226089,3.10256690856734,0.00226117106901964,0.0408444705784377,0.0324614235485211,SLIT2/TREM2/LIMA1/AVIL/DGKG/AMIGO1/METRN/APOE/RTN4/NTN1/INPP5F/CAMK1D/MYCBP2/CAMK2B/NRXN1/NDRG4/FSCN1/CHRNB2/STAU2/STX1B/PREX1/NPTN/PAK1/DPYSL3/PMP22/SEPTIN9/PLXNA3/VIM/PDLIM5/SHOC2/PTK2B/BRSK1/PDPN/SEMA5A/BCL11A/DMTN/SRC/HOMER1/RREB1/YWHAH/NEURL1/EFNA5/VEGFA/APBB1/SCN1B,45
GO:0048588,developmental cell growth,18/686,111/8727,0.162162162162162,2.06295800173351,3.29184502368023,0.00241524985961903,0.0430874162364406,0.0342440200167732,SLIT2/RIMS2/APOE/RTN4/NTN1/FOXP1/PPP3CB/PAK1/CLSTN3/SOX9/PLXNA3/VIM/PDLIM5/SEMA5A/BCL11A/NRP2/EFNA5/VEGFA,18
GO:0007622,rhythmic behavior,7/686,25/8727,0.28,3.56204081632653,3.74680542406027,0.00246442646884933,0.0430874162364406,0.0342440200167732,KCNA2/NR1D1/CHRNB2/BTBD9/GPR176/TP53/ADRB1,7
GO:0043114,regulation of vascular permeability,7/686,25/8727,0.28,3.56204081632653,3.74680542406027,0.00246442646884933,0.0430874162364406,0.0342440200167732,SLIT2/APOE/ADM/PDE2A/SRC/ABCC8/VEGFA,7
GO:0048512,circadian behavior,7/686,25/8727,0.28,3.56204081632653,3.74680542406027,0.00246442646884933,0.0430874162364406,0.0342440200167732,KCNA2/NR1D1/CHRNB2/BTBD9/GPR176/TP53/ADRB1,7
GO:0050850,positive regulation of calcium-mediated signaling,7/686,25/8727,0.28,3.56204081632653,3.74680542406027,0.00246442646884933,0.0430874162364406,0.0342440200167732,PCP4/TREM2/PPP3CA/PPP3CB/AKAP5/PPP3R1/PTBP1,7
GO:0051926,negative regulation of calcium ion transport,7/686,25/8727,0.28,3.56204081632653,3.74680542406027,0.00246442646884933,0.0430874162364406,0.0342440200167732,FKBP1B/PPP3CA/PPP3CB/UBQLN1/PPP3R1/CALM1/CALM2,7
GO:0071824,protein-DNA complex organization,21/686,138/8727,0.152173913043478,1.93589174800355,3.23674503850038,0.00246679239592909,0.0430874162364406,0.0342440200167732,H2BC4/TSPYL1/H4C11/TSPYL4/NAP1L3/NAP1L2/H2AX/TSPYL2/H2BC7/H2BC6/SOX9/H1-2/H2BC14/H4C8/H2BC11/MYC/H2BC15/H4C2/TP53/H4C1/H3C1,21
GO:0009611,response to wounding,31/686,233/8727,0.133047210300429,1.69256997710182,3.12968136708747,0.00253955830976438,0.0438121045053045,0.0348199709962591,ADGRG1/TREM2/S100A10/DGKG/RAB3A/APOE/PPP3CA/INPP5F/TNFRSF12A/DGKB/TNC/ITGB3/PAK1/DPYSL3/RHOC/C1QTNF1/ANXA5/F2R/MMP2/MAPK9/PDPN/ZFP36L2/ZFP36L1/DMTN/SRC/VASH1/RREB1/INHBB/ANXA1/FZD7/VEGFA,31
GO:0040007,growth,44/686,364/8727,0.120879120879121,1.53777272290392,3.06113895842533,0.00255543545574471,0.0438121045053045,0.0348199709962591,SLIT2/RIMS2/APOE/IGFBP5/CDKN2D/PPP3CA/RTN4/NTN1/NDRG3/SPHK1/FOXP1/PLCB1/MMP14/PPP3CB/BASP1/MYCBP2/SMO/TNC/TSPYL2/NDRG4/PAK1/CLSTN3/RACK1/SOX9/TNFAIP6/PLXNA3/CYBA/VIM/PDLIM5/TBX2/FHL1/ERBB4/RASGRP2/SEMA5A/SERTAD2/CDKN2C/BCL11A/TP53/MT2A/NRP2/ANXA1/EFNA5/NINJ1/VEGFA,44
GO:0007292,female gamete generation,10/686,46/8727,0.217391304347826,2.76555964000507,3.5066390218115,0.00255992515607144,0.0438121045053045,0.0348199709962591,SPIRE2/MCM8/PABPC1L/TDRD6/TRIP13/TNFAIP6/MMP2/TAF4B/MMP19/INHBB,10
GO:0055092,sterol homeostasis,10/686,46/8727,0.217391304347826,2.76555964000507,3.5066390218115,0.00255992515607144,0.0438121045053045,0.0348199709962591,LIMA1/TTC39B/APOE/NR1D1/PCSK5/FABP3/LIPG/LCAT/OSBPL1A/GRAMD1B,10
GO:0051703,biological process involved in intraspecies interaction between organisms,6/686,19/8727,0.315789473684211,4.01733926653368,3.84553143630309,0.0025733148595704,0.0438121045053045,0.0348199709962591,TREM2/LTF/NRXN1/CHRNB2/CNTNAP2/SEPTIN5,6
GO:0007169,cell surface receptor protein tyrosine kinase signaling pathway,38/686,303/8727,0.125412541254125,1.59544496723725,3.081189400522,0.00259490866048807,0.0438121045053045,0.0348199709962591,ADGRG1/EPHB6/FGF17/MAPKAPK2/APOE/IGFBP5/RTN4/EPHA6/PLCB1/MMP14/JCAD/NRXN1/NDRG4/SORL1/ITGB3/NPTN/PAK1/SHC3/SOX9/LOX/EPHA5/FLRT2/TBX2/SHOC2/MMP2/ERBB4/PTK2B/SHCBP1/MAP2K4/KALRN/SRC/NRP2/FRS3/GFRA2/IGFBP3/EFNA5/VEGFA/MVP,38
GO:0015850,organic hydroxy compound transport,17/686,103/8727,0.16504854368932,2.09967731891647,3.27902054115927,0.00260293356499244,0.0438121045053045,0.0348199709962591,TREM2/TTC39B/KCNA2/STARD4/APOE/NMB/STAR/LIPG/CHRNB2/ITGB3/LCAT/C1QTNF1/OSBPL1A/SLC2A13/EMB/STX1A/GRAMD1B,17
GO:0048863,stem cell differentiation,17/686,103/8727,0.16504854368932,2.09967731891647,3.27902054115927,0.00260293356499244,0.0438121045053045,0.0348199709962591,FBXL17/RBM24/SEMA6B/SOX9/HMGA2/PHF19/TBX2/ERBB4/SEMA5A/ZFP36L2/JAG1/FGF12/TP53/NRP2/SEMA4A/SOX6/GFAP,17
GO:2000147,positive regulation of cell motility,36/686,283/8727,0.127208480565371,1.61829214270261,3.08835676552147,0.00261526048695382,0.0438204053538008,0.0348265681526192,TREM2/CAVIN1/IGFBP5/SP1/PPP3CA/RTN4/NTN1/SPHK1/FOXP1/CAMK1D/MMP14/MAPRE2/JCAD/SMO/PINK1/PREX1/ITGB3/PAK1/RHOC/RACK1/SEMA6B/SOX9/TNFAIP6/F2R/MMP2/PTK2B/PDPN/SEMA5A/PLK2/DMTN/SRC/NRP2/SEMA4A/RREB1/ANXA1/VEGFA,36
GO:0055074,calcium ion homeostasis,15/686,86/8727,0.174418604651163,2.21887924605058,3.31774143374712,0.00263098384875976,0.0438852846484567,0.0348781314176959,ATP13A2/CALB1/STC2/MICU1/NPTN/ATP2B2/BAX/TSPOAP1/SLC25A23/SV2B/DMTN/ITPR1/ATP2B1/MICU3/CACNB4,15
GO:0019226,transmission of nerve impulse,8/686,32/8727,0.25,3.18039358600583,3.60902360770081,0.00269649435967189,0.0441826568653211,0.0351144700296669,KCNA2/NALF1/SPTBN4/CNTNAP2/CACNG4/FGF12/CNTNAP1/SCN1B,8
GO:0051279,regulation of release of sequestered calcium ion into cytosol,8/686,32/8727,0.25,3.18039358600583,3.60902360770081,0.00269649435967189,0.0441826568653211,0.0351144700296669,FKBP1B/ITGB3/JPH1/F2R/PTK2B/PDE4D/CALM1/CALM2,8
GO:0022898,regulation of transmembrane transporter activity,9/686,39/8727,0.230769230769231,2.93574792554384,3.53863550769711,0.00269653806415409,0.0441826568653211,0.0351144700296669,FKBP1B/UBQLN1/CACNB3/PRRT1/CALM1/CACNG4/FGF12/CALM2/SCN1B,9
GO:0097006,regulation of plasma lipoprotein particle levels,9/686,39/8727,0.230769230769231,2.93574792554384,3.53863550769711,0.00269653806415409,0.0441826568653211,0.0351144700296669,TREM2/NCEH1/APOE/PCSK5/LIPG/ITGB3/LCAT/ABCC8/PRKACB,9
GO:0045445,myoblast differentiation,11/686,54/8727,0.203703703703704,2.59143181081957,3.4262170557416,0.00274867972779619,0.0448385948547546,0.0356357812523371,PLCB1/RBM24/DPF3/PLEKHM3/SOX9/TBX2/ACTL6A/JAG1/BOC/ZFP36L1/IGFBP3,11
GO:0071326,cellular response to monosaccharide stimulus,13/686,70/8727,0.185714285714286,2.36257809246147,3.34303824042905,0.002813198216244,0.0454560645532452,0.036126519536546,TREM2/NCF1/NR1D1/PLCB1/PPP3CB/RACK1/RAB11FIP2/EPHA5/CYBA/CACNG4/SLC9B2/ABCC8/EFNA5,13
GO:0007548,sex differentiation,12/686,62/8727,0.193548387096774,2.46224019561742,3.37477567753292,0.00282335804678541,0.0454560645532452,0.036126519536546,ADGRG1/SLIT2/MMP14/BASP1/DNAAF11/SOX9/TNFAIP6/MMP2/MMP19/INHBB/RARA/VEGFA,12
GO:0048675,axon extension,12/686,62/8727,0.193548387096774,2.46224019561742,3.37477567753292,0.00282335804678541,0.0454560645532452,0.036126519536546,SLIT2/APOE/RTN4/NTN1/PPP3CB/PAK1/PLXNA3/VIM/SEMA5A/BCL11A/NRP2/VEGFA,12
GO:0050767,regulation of neurogenesis,24/686,168/8727,0.142857142857143,1.8173677634319,3.12446212266529,0.00298411012736131,0.047836189617398,0.0380181402801064,SLIT2/TREM2/S100A10/AMIGO1/METRN/NR1D1/RTN4/NTN1/PRTG/CAMK2B/STAU2/SORL1/HEY2/NPTN/PAK1/VIM/SEMA5A/BCL11A/ABCC8/YWHAH/NEURL1/EFNA5/VEGFA/GFAP,24
GO:1904064,positive regulation of cation transmembrane transport,10/686,47/8727,0.212765957446809,2.70671794553688,3.42661611083747,0.00302806349991161,0.0483315480179858,0.0384118297715375,AMIGO1/PPP3CA/PPP3CB/AKAP5/KCNIP2/CACNB3/PPP3R1/F2R/FHL1/SCN1B,10
GO:0010594,regulation of endothelial cell migration,16/686,96/8727,0.166666666666667,2.12026239067055,3.22358736944185,0.00310600869767646,0.0493628764270212,0.0392314851087032,SLIT2/PTPRM/APOE/SP1/FOXP1/JCAD/DNAJA4/ITGB3/PTK2B/SEMA5A/PLK2/NRP2/VASH1/SEMA4A/ANXA1/VEGFA,16
GO:1902003,regulation of amyloid-beta formation,7/686,26/8727,0.269230769230769,3.42503924646782,3.61689159491643,0.00314754911420949,0.0498092921791357,0.0395862770940783,APOE/SP1/RTN4/SORL1/LRRTM3/RTN1/SLC2A13,7
