ID,Description,setSize,enrichmentScore,NES,pvalue,p.adjust,qvalue,rank,leading_edge,core_enrichment,log2err
hsa05322,Systemic lupus erythematosus,70,0.757746368574135,2.51955016847244,1e-10,3.25e-08,1.4138662570892e-08,1630,"tags=64%, list=17%, signal=54%",8348/8970/8342/8344/3014/8359/8365/8334/8335/8343/720/8347/3021/8363/3012/6738/8341/8350/8366/9555/8339/3017/8349/317772/8361/714/8346/718/8329/6628/8968/3113/8331/8969/3013/8336/8332/8345/8368/81/8355/85235/8360/8356/8354,
hsa03082,ATP-dependent chromatin remodeling,86,0.628406891002354,2.19047671442231,2.44117761962099e-07,3.9669136318841e-05,1.72574933197173e-05,1476,"tags=47%, list=15%, signal=40%",86/8099/3014/8334/8335/8110/9274/3012/9219/3065/9555/317772/9112/4798/10467/27443/8329/54107/6599/6605/55257/8331/6760/6598/8969/3013/8336/80314/29117/65980/9031/8332/6603/6602/2186/71/8089/11177/10263/85235,0.674962860011025
hsa04925,Aldosterone synthesis and secretion,46,-0.72483191813178,-2.01684696645145,1.35201850431476e-05,0.000617666116599625,0.000268706855510011,671,"tags=33%, list=7%, signal=30%",814/5332/816/491/6770/801/3708/5138/805/5581/57118/23236/107/490/5567,0.593325476396405
hsa03030,DNA replication,20,0.778771692939299,2.00637831091452,0.000130955427090787,0.00283736758696706,0.00123435639697579,1821,"tags=75%, list=19%, signal=61%",5982/10714/10535/4171/2237/5981/54107/3978/57804/4172/4174/5426/5984/5983/5425,0.518848077743792
hsa04970,Salivary secretion,38,-0.73953722873599,-1.97965694742285,1.52040890239908e-05,0.000617666116599625,0.000268706855510011,1524,"tags=50%, list=16%, signal=42%",115/148/1131/477/808/108/280/2977/5332/153/2983/491/801/3708/805/23236/107/490/5567,0.593325476396405
hsa03010,Ribosome,104,0.553578681516806,1.96267140493948,5.64664913584132e-06,0.000577747428583329,0.000251340798275084,830,"tags=22%, list=9%, signal=20%",100169751/6210/6187/6203/10399/6223/6159/6132/6202/6170/6157/6156/6222/25873/2197/6205/6209/79590/6161/6230/55168/6147/6134,0.610526878385931
hsa04720,Long-term potentiation,39,-0.732605919608503,-1.95546240287956,2.87050994246467e-05,0.000896754573584208,0.0003901203176865,1275,"tags=46%, list=13%, signal=40%",5594/808/2911/5604/814/5532/5595/5332/2891/816/801/3708/805/5530/23236/107/5567/5534,0.575610261071129
hsa04022,cGMP-PKG signaling pathway,82,-0.642006061202575,-1.92740568987652,9.03251538522145e-06,0.000578620108485811,0.000251720445249656,1299,"tags=37%, list=13%, signal=32%",477/5594/808/4209/1386/108/5604/7416/10000/4659/2977/488/5532/5595/5332/153/2983/4985/491/801/3708/7419/5138/805/5581/5530/23236/107/490/5534,0.593325476396405
hsa04115,p53 signaling pathway,47,0.62354933437539,1.9145588004977,0.000192524034809645,0.0030749078607987,0.00133769491324357,1483,"tags=38%, list=15%, signal=33%",7157/1019/3486/3732/595/1017/581/894/10912/8795/10848/1643/55240/7057/891/1021/56475/8493,0.518848077743792
hsa05202,Transcriptional misregulation in cancer,103,0.536527429951469,1.8809208501198,1.79395416101739e-05,0.000647816780367393,0.000281823472780807,2275,"tags=50%, list=23%, signal=38%",1031/6667/7157/3486/4609/2521/5914/3021/26471/8091/581/894/8350/5090/10912/3065/5154/64332/84444/1643/8968/2130/5970/6760/5328/4804/2115/6688/25942/8355/1848/5546/3576/6935/8356/8354/5371/4149/4211/653604/8353/4086/890/51804/9611/8148/1647/3569/8842/5327/51426,0.575610261071129
hsa05171,Coronavirus disease,112,0.529553249800311,1.87716695328372,7.11073758256405e-06,0.000577747428583329,0.000251340798275084,1531,"tags=35%, list=16%, signal=30%",6210/6187/6203/6223/6159/720/6132/5648/3654/6202/6170/6157/6156/6222/7132/25873/6774/2197/6205/714/6209/718/6161/6230/3592/6147/6134/5970/4940/3551/834/2353/6142/6227/6194/8829/3576/6137/340061,0.610526878385931
hsa04924,Renin secretion,32,-0.735768767887903,-1.87657352307273,0.000159257761141607,0.00287548735394568,0.00125093985920939,663,"tags=41%, list=7%, signal=38%",5153/2977/5532/5332/153/2983/801/3708/805/5530/23236/5567/5534,0.518848077743792
hsa04911,Insulin secretion,39,-0.701785937993735,-1.87319809994119,0.000154796836212205,0.00287548735394568,0.00125093985920939,1705,"tags=49%, list=18%, signal=40%",3781/54795/115/1131/477/1386/108/27445/11069/5332/6804/5864/816/3767/9699/6833/23236/107/5567,0.518848077743792
hsa05168,Herpes simplex virus 1 infection,91,0.530404217488085,1.8720850141015,0.000117041272556347,0.00280556483209864,0.00122052106097858,1098,"tags=24%, list=11%, signal=22%",1978/7157/3690/56829/3133/3654/6428/581/7132/8892/3106/811/718/3592/3105/3113/3107/8772/5970/4940/3551/6427,0.538434096309916
hsa05330,Allograft rejection,10,0.859245933659323,1.87119660115439,0.00034578065246993,0.00432225815587412,0.00188033691108277,852,"tags=60%, list=9%, signal=55%",3133/3106/3592/3105/3113/3107,0.49849310876659
hsa04750,Inflammatory mediator regulation of TRP channels,50,-0.662771685336811,-1.86122739703045,0.000283643080423997,0.00384100004740829,0.00167097241861803,1625,"tags=38%, list=17%, signal=32%",5600/115/162514/8681/808/108/5608/5295/5332/6714/816/801/3708/805/5581/23236/107/5601/5567,0.49849310876659
hsa04613,Neutrophil extracellular trap formation,112,0.522946744086514,1.8537481295728,1.06822173874304e-05,0.000578620108485811,0.000251720445249656,1630,"tags=45%, list=17%, signal=38%",8348/8970/8342/8344/3690/3014/8359/8365/8334/8335/8343/8347/3021/8363/3012/8341/1535/653361/8350/8366/3065/9555/8339/3017/8349/317772/8361/8346/718/8329/8968/5970/8331/8969/3013/8336/834/8332/8345/837/8368/8355/71/85235/6404/5880/8360/79792/8356/8354,0.593325476396405
hsa04921,Oxytocin signaling pathway,85,-0.616136723976751,-1.84430896588132,3.03516932597732e-05,0.000896754573584208,0.0003901203176865,1275,"tags=38%, list=13%, signal=33%",5594/808/59283/55799/108/3760/5604/781/7226/3763/4659/814/2977/5532/5595/5332/2983/785/2775/6714/816/782/801/3708/805/57118/5530/23236/107/5567/784/5534,0.575610261071129
hsa04972,Pancreatic secretion,36,-0.70391013944702,-1.83759464441606,0.000575470474828991,0.00685427790208863,0.00298185607460777,1524,"tags=42%, list=16%, signal=35%",115/1131/477/108/9545/280/488/5332/8766/491/3708/7220/23236/107/490,0.477270815362862
hsa04261,Adrenergic signaling in cardiomyocytes,81,-0.608096013512105,-1.81413362064323,8.94717506169305e-05,0.0024231932458752,0.00105417574299982,1524,"tags=38%, list=16%, signal=33%",115/148/5529/477/5594/808/59283/1386/55799/108/781/5515/6330/11069/10000/488/5595/5332/153/785/816/491/782/801/6324/805/23236/107/490/5567/784,0.538434096309916
hsa03040,Spliceosome,104,0.511145642089845,1.81222826850985,0.000120855100459634,0.00280556483209864,0.00122052106097858,1611,"tags=40%, list=17%, signal=34%",55119/2521/3310/6428/26835/23450/6626/7307/26871/9775/27316/6434/6631/9343/7536/6628/57187/22938/6100/9939/26834/22916/25804/6427/51690/79228/9984/4670/10291/51639/83443/10992/54883/3183/10262/9129/3304/8175/7919/84844/22985/10772,0.538434096309916
hsa01523,Antifolate resistance,19,0.724806401038459,1.81094520188843,0.00218999751053641,0.0165523067656821,0.00720084554245762,1215,"tags=42%, list=13%, signal=37%",6472/2356/4363/6470/5970/3551/8714/7298,0.431707695803346
hsa04610,Complement and coagulation cascades,19,0.724063049802878,1.8090879219976,0.0022444066954037,0.016578004000141,0.00721202475867358,1178,"tags=37%, list=12%, signal=32%",2149/720/5648/714/718/5328/5329,0.431707695803346
hsa04612,Antigen processing and presentation,34,0.630714382268082,1.78281062270088,0.00166547659880585,0.0135319973652975,0.0058869029125582,1820,"tags=38%, list=19%, signal=31%",4261/3133/3310/8625/3106/811/3105/3113/3107/5721/3304/5720/567,0.45505986738723
hsa04082,Neuroactive ligand signaling,70,-0.604425679944257,-1.77941972223864,0.000309722956684421,0.00402639843689747,0.00175162735000801,1660,"tags=43%, list=17%, signal=36%",6538/57030/2905/115/148/1131/108/2911/2892/2917/2556/6539/2560/5332/6505/153/1141/2775/2562/2891/6529/2743/4985/10681/9177/23236/107/5567/8001/2774,0.49849310876659
hsa05031,Amphetamine addiction,33,-0.694121476117845,-1.77906282548398,0.000734472850756045,0.00745948989049108,0.00324514493885026,1259,"tags=39%, list=13%, signal=34%",808/1386/2892/814/5532/6804/2891/816/801/805/5530/5567/5534,0.477270815362862
hsa04981,Folate transport and metabolism,15,0.755428481596252,1.75867013571092,0.00288966998595916,0.0191734537541727,0.00834113824458002,1215,"tags=47%, list=13%, signal=41%",6472/2356/4363/6470/8714/4522/7298,0.431707695803346
hsa04724,Glutamatergic synapse,64,-0.610640281204198,-1.75546580583292,0.000705443587584669,0.00739577954725862,0.0032174286605352,1608,"tags=47%, list=17%, signal=39%",57030/2905/81539/115/8681/5594/108/2911/3760/2892/2917/50944/5532/5595/5332/6505/9456/2775/2891/9229/10681/2744/3708/7220/23154/5530/23236/107/5567/5534,0.477270815362862
hsa04728,Dopaminergic synapse,72,-0.591714203828881,-1.74924786818748,0.000636490943234012,0.0071330881569329,0.00310314850890154,1647,"tags=39%, list=17%, signal=33%",3800/5600/408/6323/3798/5529/808/1386/3760/2892/5515/2932/3763/10000/5532/5332/2775/2891/816/10681/801/3708/805/5530/23236/5601/5567/2774,0.477270815362862
hsa04020,Calcium signaling pathway,109,-0.560491836685991,-1.74824599758795,0.00021986428660713,0.00324799514305988,0.00141299407260369,1580,"tags=36%, list=16%, signal=30%",2905/777/115/148/5257/1131/2321/808/3706/108/2911/27006/7416/9630/2925/844/814/5153/2066/488/5532/8822/5332/2185/153/816/491/801/3708/7419/805/57118/5530/23236/107/490/5567/5534/2774,0.518848077743792
hsa00260,"Glycine, serine and threonine metabolism",18,0.701812965278845,1.74797302106625,0.00464147035365693,0.0269580211827269,0.0117277035409703,1451,"tags=50%, list=15%, signal=43%",6472/5224/5723/6470/51268/132158/2653/10993/501,0.407017918923954
hsa05203,Viral carcinogenesis,125,0.476640222415114,1.73138417325023,0.000231604449796042,0.00327267157320493,0.00142372920242753,873,"tags=28%, list=9%, signal=26%",8348/8970/8342/7157/9261/8344/8359/1019/8365/8343/3133/8347/8363/595/1017/8341/581/894/4893/8366/6774/3065/8339/3017/8349/8361/3106/5315/8346/718/3105/5829/22938/3107/5970,0.518848077743792
hsa00190,Oxidative phosphorylation,78,-0.588972512291361,-1.72910897709332,0.000590522403872251,0.00685427790208863,0.00298185607460777,2485,"tags=53%, list=26%, signal=39%",4702/155066/4707/4508/4519/4694/529/4705/4729/4722/4723/9167/54205/7388/521/513/4513/6391/509/7381/4514/4715/498/10632/55967/4711/1346/537/4725/4698/374291/527/4706/9377/7385/1345/4714/516/4719/535/51382,0.477270815362862
hsa04742,Taste transduction,28,-0.69650718313538,-1.72571441163734,0.00183472916861626,0.0145435848731777,0.00632697966439964,1924,"tags=46%, list=20%, signal=37%",2550/773/9568/1131/6326/50840/2911/2556/5153/5332/9177/23236/5567,0.45505986738723
hsa04723,Retrograde endocannabinoid signaling,83,-0.582397187816764,-1.72561210501694,0.000198686354082377,0.0030749078607987,0.00133769491324357,1625,"tags=42%, list=17%, signal=35%",5600/57030/115/22999/57406/5594/222236/108/2911/3760/4715/2892/55967/2556/4711/11343/3763/4725/4698/374291/2560/4706/5595/5332/2775/2562/2891/10681/4714/4719/3708/23236/107/5601/5567,0.518848077743792
hsa03430,Mismatch repair,12,0.751700430611429,1.72305523736633,0.0109813774784067,0.051723879427278,0.0225017377870704,1821,"tags=67%, list=19%, signal=54%",5982/10714/5981/3978/57804/5984/5983/5425,0.380730400722792
hsa05144,Malaria,22,0.646523370344236,1.71679109919643,0.00828274477184198,0.0414137238592099,0.0180164513061375,2301,"tags=64%, list=24%, signal=49%",2995/3592/7057/7412/975/3576/7040/6383/7059/7058/7043/3569/7042/6347,0.380730400722792
hsa04330,Notch signaling pathway,43,0.566549382006928,1.71495179127832,0.00232375860156351,0.016782701011292,0.0073010752808254,1092,"tags=30%, list=11%, signal=27%",3955/182/23493/10683/3065/84441/4854/388585/51107/9612/22938/4242/7090,0.431707695803346
hsa04922,Glucagon signaling pathway,55,-0.616774488463288,-1.71357015411549,0.000705325078537302,0.00739577954725862,0.0032174286605352,1259,"tags=35%, list=13%, signal=30%",808/1386/108/5837/1375/126129/10000/5532/5332/5213/816/3945/801/3708/805/5530/23236/5567/5534,0.477270815362862
hsa05332,Graft-versus-host disease,12,0.74530571829032,1.70839721389363,0.0132391706669563,0.0578548018787911,0.0251689083652319,852,"tags=42%, list=9%, signal=38%",3133/3106/3105/3113/3107,0.380730400722792
hsa04935,"Growth hormone synthesis, secretion and action",67,-0.58270404279587,-1.70502027336142,0.000775559518896243,0.00763808617094785,0.0033228407094901,1275,"tags=30%, list=13%, signal=26%",5594/1386/6752/108/5747/5604/5608/2932/6750/5295/10000/5595/5332/3708/23236/107/5601/53358/5567/6416,0.477270815362862
hsa05120,Epithelial cell signaling in Helicobacter pylori infection,39,-0.63825584712244,-1.70362438940289,0.00289076687370604,0.0191734537541727,0.00834113824458002,782,"tags=21%, list=8%, signal=19%",537/527/6714/535/51382/5601/5058/6416,0.431707695803346
hsa04961,Endocrine and other factor-regulated calcium reabsorption,28,-0.681529748375139,-1.68860528248414,0.0028446485272011,0.0191734537541727,0.00834113824458002,1601,"tags=50%, list=17%, signal=42%",26052/115/160/1213/1212/477/5332/793/8766/491/1759/23236/490/5567,0.431707695803346
hsa04625,C-type lectin receptor signaling pathway,58,-0.59313301350252,-1.68656555822477,0.00145099414920434,0.0124098183813529,0.00539871491261545,708,"tags=24%, list=7%, signal=23%",5295/10000/5532/5595/6714/1960/801/3708/22808/805/5530/5601/5534/5058,0.45505986738723
hsa04114,Oocyte meiosis,75,-0.569859778310559,-1.68415177794302,0.00116477122720164,0.0108157328240152,0.00470523067248221,1275,"tags=25%, list=13%, signal=22%",5594/808/108/5604/5515/29945/5532/5595/816/801/3708/805/8945/5530/107/7534/7533/5567/5534,0.45505986738723
hsa00532,Glycosaminoglycan biosynthesis - chondroitin sulfate / dermatan sulfate,13,0.718273668386114,1.68268863268062,0.0196666871359993,0.0742538788682943,0.0323030934738062,913,"tags=46%, list=9%, signal=42%",92126/50515/113189/79586/54480/22856,0.352487857583619
hsa04740,Olfactory transduction,20,-0.716209192682894,-1.67563232461666,0.00598947052537907,0.0329928461143762,0.0143530682604471,663,"tags=40%, list=7%, signal=37%",5153/83988/816/801/5138/805/5567/2774,0.407017918923954
hsa04024,cAMP signaling pathway,93,-0.547363740251548,-1.67309270174328,0.00127806492377155,0.0115380861173821,0.00501948019469411,1299,"tags=33%, list=13%, signal=29%",477/5594/808/6752/108/5604/10846/2892/610/5143/6750/11069/5295/5141/10000/4659/814/488/5595/153/2891/816/491/801/5144/805/107/5601/490/5567/5058,0.45505986738723
hsa04713,Circadian entrainment,52,-0.598506628144265,-1.67295760508969,0.00195935604755775,0.0151616837013397,0.006595874764918,1275,"tags=38%, list=13%, signal=34%",5594/808/108/3760/2892/3763/2977/5595/5332/2983/2775/2891/816/10681/801/3708/805/23236/107/5567,0.431707695803346
hsa04971,Gastric acid secretion,39,-0.623669893060264,-1.6646917463334,0.00466726741434649,0.0269580211827269,0.0117277035409703,1524,"tags=38%, list=16%, signal=33%",115/1131/477/808/6752/108/6750/5332/816/801/3708/805/23236/107/5567,0.407017918923954
hsa05034,Alcoholism,100,0.474505377957218,1.65739048659473,0.000801025685186475,0.00765686316722366,0.00333100937454975,1046,"tags=35%, list=11%, signal=32%",8348/8970/8342/8344/59345/3014/2771/8359/8365/8334/8335/8343/8347/3021/8363/3012/8341/4893/8350/8366/3065/9555/8339/3017/8349/317772/8361/8346/2787/8329/8968/8331/8969/3013/8336,0.477270815362862
hsa05206,MicroRNAs in cancer,101,0.466191558456214,1.64757036561371,0.00136361482079043,0.0119776977501862,0.00521072698049279,1052,"tags=30%, list=11%, signal=27%",7422/7431/7157/3690/4609/10018/4082/3371/6624/595/113130/8091/894/4893/6774/3065/5154/960/4854/4363/5598/6093/5962/1398/7057/2064/7430/3551/3162/5328,0.45505986738723
hsa04929,GnRH secretion,35,-0.638141059047272,-1.64694703292809,0.00886715775192814,0.0430123323787559,0.0187119031966241,1924,"tags=54%, list=20%, signal=44%",2550/776/5291/9568/3781/408/5594/3760/5604/610/3763/5295/10000/5595/5332/3708/7220/3767/23236,0.380730400722792
hsa04517,IgSF CAM signaling,181,-0.497808353097451,-1.64673112177533,0.000158532737985774,0.00287548735394568,0.00125093985920939,1275,"tags=28%, list=13%, signal=24%",5594/91768/2037/57180/5747/5604/137970/998/117178/90249/2932/6586/253559/4133/5921/5295/10000/10580/9901/84623/8497/4008/8655/4629/5595/26047/6714/8777/50855/1272/9693/23136/22865/6709/2036/25945/26050/51678/57524/9353/51807/80059/7277/3737/8506/5601/8541/57731/5058/6334,0.518848077743792
hsa04518,Integrin signaling,79,0.486262478590489,1.64220060311933,0.00323389107821939,0.021020292008426,0.00914457894919241,1783,"tags=38%, list=18%, signal=31%",7422/3690/3371/595/341640/894/3915/10979/5154/255743/718/3987/83706/5829/7057/2064/7412/81/71/2335/3910/3696/1299/3675/5880/7423/56034/7040/60/7059,0.431707695803346
hsa04912,GnRH signaling pathway,51,-0.592137557526834,-1.64208740322506,0.00480315453611487,0.0269580211827269,0.0117277035409703,1275,"tags=37%, list=13%, signal=33%",5594/808/108/5604/5608/998/5595/5332/2185/6714/816/801/3708/805/23236/107/5601/5567/6416,0.407017918923954
hsa05219,Bladder cancer,25,0.610839777800056,1.63962692524053,0.0190375071949637,0.0742538788682943,0.0323030934738062,951,"tags=36%, list=10%, signal=33%",7422/4313/7157/1019/4609/595/4893/7057/2064,0.352487857583619
hsa04110,Cell cycle,107,0.45745225399527,1.6368137483679,0.00160781851896564,0.013398487658047,0.00582882141407345,1148,"tags=29%, list=12%, signal=26%",1031/1663/7157/9212/1019/9319/4609/7465/157570/595/1017/113130/1875/894/10912/3065/10926/81620/10403/5347/4171/9700/8243/5518/891/23594/10274/4087/4172/4174/1021,0.45505986738723
hsa03410,Base excision repair,31,0.566685564180078,1.63539135282328,0.0196781708858981,0.0742538788682943,0.0323030934738062,1587,"tags=45%, list=16%, signal=38%",5982/11232/328/10714/2237/5981/54107/3978/57804/54840/5426/5984/4595/5983,0.352487857583619
hsa04260,Cardiac muscle contraction,43,-0.605918217869643,-1.6335676844678,0.00816012757488294,0.0414137238592099,0.0180164513061375,1380,"tags=37%, list=14%, signal=32%",7381/477/59283/55799/4514/781/1346/84679/488/9377/785/7385/1345/782/10479/784,0.380730400722792
hsa04064,NF-kappa B signaling pathway,43,0.538602869110008,1.63035736072263,0.00703414266039291,0.0381016060771283,0.016575561591802,1052,"tags=26%, list=11%, signal=23%",8837/7706/3654/7132/10912/10848/5970/9020/3551/7412/5328,0.407017918923954
hsa05222,Small cell lung cancer,57,0.512893932235378,1.62011606223023,0.00481096993414819,0.0269580211827269,0.0117277035409703,2360,"tags=47%, list=24%, signal=36%",7157/1019/4609/9618/595/1017/581/10912/3915/1643/5970/3551/1021/2335/3910/1030/3675/1163/6502/4149/1164/3911/4792/1647/51426/1870/7709,0.407017918923954
hsa05033,Nicotine addiction,11,-0.782136694282071,-1.60701876899138,0.0133041548957088,0.0578548018787911,0.0251689083652319,1833,"tags=82%, list=19%, signal=66%",773/57030/2905/2892/2556/2560/1141/2562/2891,0.380730400722792
hsa05165,Human papillomavirus infection,169,0.426557554235251,1.6002576465481,0.000180991979199501,0.0030749078607987,0.00133769491324357,1008,"tags=21%, list=10%, signal=19%",1978/7422/3955/182/7157/3690/23493/8324/1019/3133/3371/10312/595/1017/28227/581/894/4893/7132/3915/3065/84441/3106/4854/5315/388585/3105/5829/7855/3107/8772/5970/7057/5518/4242/3551,0.518848077743792
hsa04070,Phosphatidylinositol signaling system,67,-0.544958423095952,-1.59457476055846,0.00458925414025022,0.0269580211827269,0.0117277035409703,1809,"tags=40%, list=19%, signal=33%",5291/160851/8821/23262/1609/3705/79837/8776/5728/808/3706/9162/3631/9677/8396/5295/8395/3632/5332/55529/8867/1607/801/3708/22876/805/23236,0.407017918923954
hsa04930,Type II diabetes mellitus,22,-0.651152986214276,-1.59124555844433,0.0204997553463493,0.0743504768502945,0.0323451170514225,1919,"tags=55%, list=20%, signal=44%",776/773/5291/777/5590/5594/5295/5595/3767/5581/6833/5601,0.352487857583619
hsa05032,Morphine addiction,50,-0.564728870454871,-1.58589883792413,0.0115723736305706,0.0529721328159922,0.0230447726629474,1924,"tags=48%, list=20%, signal=39%",2550/5139/773/9568/2868/408/115/108/3760/10846/5143/2556/3763/5141/5153/2560/2775/2562/10681/27115/5144/5138/107/5567,0.380730400722792
hsa04721,Synaptic vesicle cycle,37,-0.595879459730443,-1.58492366655525,0.0151960008839267,0.062515193509825,0.027196345433521,1660,"tags=54%, list=17%, signal=45%",6538/57030/26052/22999/160/1213/1212/6812/23025/10497/6539/527/6804/6505/5864/6529/535/1759/112755/51382,0.380730400722792
hsa05150,Staphylococcus aureus infection,20,0.607421011335759,1.56492121347922,0.0298094168502822,0.0968806047634173,0.0421465286281203,821,"tags=25%, list=8%, signal=23%",720/5648/714/718/3113,0.352487857583619
hsa05017,Spinocerebellar ataxia,77,-0.527911081578359,-1.56362577245822,0.00772380228179261,0.0398450117711523,0.0173340054327859,1184,"tags=22%, list=12%, signal=20%",9706/2911/2892/25814/7416/55102/5295/10000/488/5332/2259/2891/3708/7419/6310/23236/5601,0.407017918923954
hsa03420,Nucleotide excision repair,46,0.514753226839973,1.56143049109292,0.00907575941928031,0.0433767913421485,0.0188704558829116,1587,"tags=35%, list=16%, signal=29%",5982/10714/57654/5441/8451/1643/5981/54107/3978/5437/57804/5435/5426/5984/5436/5983,0.380730400722792
hsa05416,Viral myocarditis,29,0.563030468120154,1.55377636503755,0.0217985448723167,0.0761777105753004,0.0331400290845306,1962,"tags=41%, list=20%, signal=33%",3133/595/1605/3106/3105/3113/3107/1981/71/5880/60/6641,0.352487857583619
hsa04913,Ovarian steroidogenesis,23,-0.64124547600745,-1.54901577063899,0.0249062088114491,0.08431789441376,0.0366813002401309,1524,"tags=26%, list=16%, signal=22%",115/8681/108/6770/107/5567,0.352487857583619
hsa05146,Amoebiasis,43,-0.573339711704011,-1.54573537754769,0.0201994079095115,0.0743504768502945,0.0323451170514225,780,"tags=16%, list=8%, signal=15%",9630/5295/5332/23236/107/5567/2774,0.352487857583619
hsa05216,Thyroid cancer,21,0.590714659846758,1.54415537804433,0.0327344127090244,0.103288195441096,0.0449340597814771,761,"tags=33%, list=8%, signal=31%",7157/4609/595/581/4893/10912/1643,0.321775918075361
hsa04623,Cytosolic DNA-sensing pathway,37,0.523811047647843,1.53755420679261,0.0276253828276068,0.0925592723605383,0.0402665944527059,2252,"tags=51%, list=23%, signal=40%",5441/8772/5970/1777/5437/3551/9533/834/5435/1687/340061/79792/3428/3665/4793/29800/55718/4792/3569,0.352487857583619
hsa04012,ErbB signaling pathway,50,-0.547006490208631,-1.53612999537297,0.0181686797954247,0.0721143186524384,0.0313723082448188,1275,"tags=30%, list=13%, signal=26%",5594/10718/5747/5604/2932/5295/10000/2066/5595/6714/816/5601/53358/5058/6416,0.352487857583619
hsa04727,GABAergic synapse,47,-0.556686439046075,-1.53097348762746,0.0193300996358969,0.0742538788682943,0.0323030934738062,1988,"tags=49%, list=21%, signal=39%",5334/2550/776/773/9568/6538/81539/115/11345/108/2556/3763/6539/2560/2775/6714/2562/6529/10681/2744/23710/107/5567,0.352487857583619
hsa04927,Cortisol synthesis and secretion,28,-0.617856407992943,-1.53084380665843,0.0163647293153724,0.0664817128437004,0.0289219232317544,573,"tags=25%, list=6%, signal=24%",5332/6770/3708/57552/23236/107/5567,0.352487857583619
hsa05415,Diabetic cardiomyopathy,118,-0.482531674183188,-1.52547703869479,0.00718160159181246,0.0382626314317877,0.0166456133811832,1625,"tags=31%, list=17%, signal=26%",5600/513/4513/6391/509/5164/7381/5590/5728/4514/4715/498/55967/1375/2932/4711/1346/7416/4725/4698/5295/10000/374291/5524/488/4706/5332/9377/7385/816/1345/4714/516/4719/7419/23236/5601,0.407017918923954
hsa05169,Epstein-Barr virus infection,108,0.433500005920156,1.52038622872639,0.00258858738941084,0.0182889326425766,0.00795633992046653,1008,"tags=26%, list=10%, signal=23%",7431/7157/1019/4609/10018/3133/3654/595/1017/581/894/10912/6774/3065/960/3106/811/9612/1643/3105/3113/22938/3107/8772/5970/4940/9020/3551,0.431707695803346
hsa05142,Chagas disease,60,-0.527448355336905,-1.50915770632275,0.0122962317859019,0.0555038240335848,0.0241461489047699,780,"tags=18%, list=8%, signal=17%",9630/5295/10000/5595/5332/2775/23236/107/5601/2774/6416,0.380730400722792
hsa05217,Basal cell carcinoma,29,0.544288513230347,1.5020548185294,0.0349481819386785,0.10921306855837,0.0475115915285691,2275,"tags=48%, list=23%, signal=37%",7157/8324/6608/581/10912/1643/7855/2535/8321/5727/6934/8312/1647/51426,0.321775918075361
hsa04270,Vascular smooth muscle contraction,63,-0.5193543059765,-1.48956665541524,0.0205893628200815,0.0743504768502945,0.0323451170514225,1591,"tags=33%, list=16%, signal=28%",9826/115/148/8681/5594/808/108/5604/4659/2977/4629/5595/5332/2983/801/3708/805/5581/23236/107/5567,0.352487857583619
hsa04976,Bile secretion,28,-0.598403472975252,-1.48264586825734,0.0246113801708568,0.0841968269002995,0.0366286315410196,73,"tags=11%, list=1%, signal=11%",57552/107/5567,0.352487857583619
hsa04360,Axon guidance,125,-0.469898718179126,-1.48241390691319,0.00768599005724243,0.0398450117711523,0.0173340054327859,1119,"tags=26%, list=12%, signal=23%",5747/137970/998/10154/56920/90249/2932/6586/25791/10505/5921/5295/9901/5532/5595/6714/64218/50855/1946/816/59277/659/2051/7220/2044/9353/27289/10501/5530/285220/5534/5058,0.407017918923954
hsa05208,Chemical carcinogenesis - reactive oxygen species,130,-0.461885452229582,-1.47958813113432,0.013682673806579,0.0585114340412917,0.0254545668445793,1625,"tags=29%, list=17%, signal=25%",5600/513/4513/6391/509/7381/5594/5728/2952/4514/5747/5604/4715/253152/2947/498/55967/2941/4711/1346/7416/4725/4698/5295/10000/374291/4706/5595/9377/6714/7385/1345/4714/516/4719/7419/5601/6416,0.380730400722792
hsa04664,Fc epsilon RI signaling pathway,39,-0.553403641874182,-1.47713796235756,0.0386329866270431,0.118450194847066,0.0515300718892024,1394,"tags=23%, list=14%, signal=20%",8681/5594/5604/5608/5295/10000/5595/5601/6416,0.282013350011725
hsa00240,Pyrimidine metabolism,35,0.501296920161687,1.47684287490674,0.0413542031641979,0.12218287298513,0.053153920402428,1264,"tags=26%, list=13%, signal=22%",30833/51251/7083/4833/1723/1841/790/7298/6240,0.321775918075361
hsa04725,Cholinergic synapse,56,-0.526732445145257,-1.47632641385731,0.0198771921893588,0.0742538788682943,0.0323030934738062,1369,"tags=36%, list=14%, signal=31%",1131/5594/108/3760/5604/56479/3763/5295/10000/814/5595/5332/1141/2775/816/10681/3708/23236/107/5567,0.352487857583619
hsa04915,Estrogen signaling pathway,66,-0.502514156230962,-1.46899437626898,0.0208319915938629,0.0743999699780817,0.032366648332449,1284,"tags=35%, list=13%, signal=30%",3312/5594/808/1386/108/8648/2911/3760/5604/3763/5295/10000/5595/5332/2775/6714/801/3708/805/23236/107/53358/5567,0.352487857583619
hsa04916,Melanogenesis,44,-0.54720981324264,-1.46870860879853,0.0499243570347958,0.14486978603847,0.0630235391235461,1275,"tags=32%, list=13%, signal=28%",5594/808/108/5604/2932/5595/5332/2775/816/801/805/23236/107/5567,0.248911114434702
hsa04726,Serotonergic synapse,43,-0.543605798085049,-1.4655721492634,0.0398100191815363,0.119798668833327,0.0521167063100445,1394,"tags=37%, list=14%, signal=32%",8681/5594/3760/5604/3763/2560/5595/5332/2775/2562/10681/3708/7220/9177/23236/5567,0.321775918075361
hsa04010,MAPK signaling pathway,167,-0.448214853219559,-1.46127315732451,0.00862663894422997,0.0424796614677991,0.0184801722959672,1284,"tags=24%, list=13%, signal=21%",3312/5594/59283/1386/55799/8491/5604/5608/998/1849/8649/5923/781/27006/9344/4293/84451/5921/10000/23542/1850/2066/5532/5595/8822/785/10235/9693/1946/5871/782/22808/51701/5530/5601/5567/784/5534/5058/6416,0.380730400722792
hsa04650,Natural killer cell mediated cytotoxicity,51,-0.526004288458668,-1.45868980128185,0.0397307663114792,0.119798668833327,0.0521167063100445,708,"tags=16%, list=7%, signal=15%",5295/5532/5595/2185/5530/53358/5534/5058,0.321775918075361
hsa04140,Autophagy - animal,106,-0.474886781366838,-1.45416379839579,0.0147103295584768,0.0612930398269869,0.0266646648633235,1343,"tags=21%, list=14%, signal=18%",11345/5594/5728/65082/9706/7405/5604/5515/1612/55054/55102/5295/84557/10000/5595/10133/10325/3708/22808/23710/5601/5567,0.380730400722792
hsa00562,Inositol phosphate metabolism,54,-0.514392386594816,-1.4506513243036,0.0286002960134463,0.0948479204527557,0.0412622382409944,1809,"tags=35%, list=19%, signal=29%",5291/8821/23262/3705/79837/8776/5728/3706/9651/3631/9677/8396/8395/3632/5332/27124/8867/22876/23236,0.352487857583619
hsa05012,Parkinson disease,153,-0.447450714544591,-1.4496823860529,0.0115189872866348,0.0529721328159922,0.0230447726629474,1166,"tags=21%, list=12%, signal=19%",64116/4514/4715/498/55967/7295/4711/1346/7416/4725/7345/4698/374291/4706/9377/7385/816/65018/1345/4714/516/801/4719/3708/7419/805/51807/7277/5601/5567/5413/2774,0.380730400722792
hsa05224,Breast cancer,77,0.433874779837048,1.44773447456906,0.0217737543869589,0.0761777105753004,0.0331400290845306,1148,"tags=26%, list=12%, signal=23%",6667/182/7157/23493/8324/1019/4609/10683/595/581/4893/10912/4854/388585/1643/7855/2064/2246/2353/1021,0.352487857583619
hsa05162,Measles,69,0.436625862197478,1.44664828042756,0.0181949973215383,0.0721143186524384,0.0313723082448188,1148,"tags=25%, list=12%, signal=22%",10399/7157/1019/3654/3310/595/1017/581/894/6774/3592/8772/5970/4940/3551/2353/1021,0.352487857583619
hsa04151,PI3K-Akt signaling pathway,173,0.380623641219529,1.44502820882714,0.00394145124523261,0.0246340702827038,0.010716701768455,1590,"tags=25%, list=16%, signal=21%",1978/7422/2149/7157/3690/59345/1019/4609/10018/3371/595/1017/28227/894/4893/3915/5154/23533/7184/2787/5585/5970/7057/5518/2064/2246/3551/92579/4804/1021/2786/6194/1435/2335/3910/3696/1299/3675/285/2783/7423/56034/1942,0.407017918923954
hsa04926,Relaxin signaling pathway,69,-0.496364818792332,-1.43974663448976,0.030387078440311,0.097780202901991,0.0425378859982956,708,"tags=19%, list=7%, signal=18%",5295/10000/5595/5332/2775/6714/10681/23236/107/5601/53358/5567/6416,0.352487857583619
hsa04640,Hematopoietic cell lineage,34,0.506152870167761,1.43071846625827,0.0412644655407202,0.12218287298513,0.053153920402428,3313,"tags=56%, list=34%, signal=37%",3690/960/928/3113/951/1435/3675/290/920/3569/929/3570/1441/3566/3676/2323/3672/945/1436,0.321775918075361
hsa05022,Pathways of neurodegeneration - multiple diseases,267,-0.420621512560879,-1.42554239560327,0.00377079348121871,0.024029566301884,0.0104537209128374,1693,"tags=27%, list=17%, signal=23%",89953/10381/4744/3800/5600/513/2905/4513/6391/25981/509/4747/84134/3798/4741/7381/1131/5594/808/9706/56171/4514/2911/5604/4715/2892/5608/498/55967/2932/4711/1346/7416/10120/1768/4725/7345/4698/55102/84557/374291/488/4706/5532/5595/5332/6804/10121/10133/9377/7385/2891/816/65018/1345/4714/516/801/4719/3708/84516/7419/805/51807/6310/7277/5530/23236/5601/5534/5413,0.431707695803346
hsa05020,Prion disease,150,-0.444483949063593,-1.42478482657087,0.0142781523600997,0.0602649287926287,0.0262173997863942,1693,"tags=29%, list=17%, signal=24%",89953/10381/3800/5600/513/2905/4513/6391/509/3798/7381/3312/5594/1386/4514/4715/498/55967/2932/4711/1346/7416/4725/4698/5295/374291/4706/5532/5595/9377/7385/1345/4714/516/4719/3708/7419/51807/7277/5530/5601/5567/5534,0.380730400722792
hsa04310,Wnt signaling pathway,93,-0.462061588007169,-1.41235491831342,0.0320150066453693,0.102008599605343,0.0443773898199747,581,"tags=12%, list=6%, signal=11%",5532/5332/1951/816/8945/51701/5530/23236/5601/5567/5534,0.321775918075361
hsa04660,T cell receptor signaling pathway,66,-0.477046369362964,-1.39454466132819,0.045643153526971,0.13363986393032,0.0581381212963299,1101,"tags=18%, list=11%, signal=16%",5604/998/5515/2932/5295/10000/5532/5595/5530/5601/5534/5058,0.248911114434702
hsa05417,Lipid and atherosclerosis,107,-0.450863303219363,-1.39041673901326,0.0379591154151161,0.117492500094407,0.0511134404137021,1284,"tags=21%, list=13%, signal=19%",3312/5594/808/5747/5608/998/2932/5295/10000/5532/5595/5332/6714/142678/816/801/3708/805/5530/23236/5601/5534/6416,0.321775918075361
hsa04014,Ras signaling pathway,122,-0.440363110769026,-1.38888686349676,0.0296848231076263,0.0968806047634173,0.0421465286281203,1440,"tags=23%, list=15%, signal=20%",4303/8681/2321/5594/808/9462/5604/998/5923/27006/5921/5295/10000/253959/5595/8822/10235/1946/10681/801/8036/22808/805/9771/5601/53358/5567/5058,0.352487857583619
hsa05010,Alzheimer disease,215,-0.41272307575357,-1.3784466472304,0.0133511081258749,0.0578548018787911,0.0251689083652319,1693,"tags=25%, list=17%, signal=21%",89953/10381/3800/513/2905/4513/6391/509/3798/7381/1131/3416/5594/808/9706/64116/4514/5604/4715/498/55967/2932/4711/1346/7416/4725/4698/55102/5295/10000/374291/488/4706/5532/5595/5332/9377/7385/1345/4714/516/322/801/4719/3708/7419/805/51807/57142/7277/5530/23236/5601/5534,0.380730400722792
hsa05014,Amyotrophic lateral sclerosis,216,-0.405047091594243,-1.34276418892997,0.0225031386384107,0.0778034048668455,0.0338472642547331,1763,"tags=30%, list=18%, signal=25%",81929/3084/5071/89953/10381/4744/3800/5600/513/2905/4513/6391/25981/509/4747/84134/3798/4741/7381/10762/10718/9706/5217/56171/4514/4715/5608/498/55967/4711/1346/7416/311/10120/1768/4725/4698/55102/84557/374291/2066/4706/5532/310/10121/10133/9377/5903/9782/7385/2891/29978/65018/1345/4714/400916/516/4719/84516/51807/7277/5530/29979/5534,0.352487857583619
hsa05200,Pathways in cancer,271,0.335843418747838,1.32922164010145,0.00413780885376289,0.0253733561787347,0.0110383175785289,1085,"tags=19%, list=11%, signal=17%",7422/2149/6667/4313/182/7157/59345/2771/23493/8324/1019/4609/9618/10018/10683/5914/595/1017/332/6608/581/894/4893/10912/3915/6774/3065/5154/5898/7184/367/1495/4854/2787/388585/1643/3592/6093/7855/3601/8772/5970/9138/1398/2064/2034/2246/3551/3162/4087/2353,0.407017918923954
