Gene_ID,n_datasets
ENSG00000002746,2
ENSG00000006432,2
ENSG00000006740,2
ENSG00000011677,2
ENSG00000012223,2
ENSG00000013573,2
ENSG00000041982,2
ENSG00000054803,2
ENSG00000055163,2
ENSG00000066032,2
ENSG00000071575,2
ENSG00000072858,2
ENSG00000074706,2
ENSG00000078295,2
ENSG00000080224,2
ENSG00000089558,2
ENSG00000104327,2
ENSG00000104722,2
ENSG00000105613,2
ENSG00000107242,2
ENSG00000107758,2
ENSG00000108924,2
ENSG00000116299,2
ENSG00000117155,2
ENSG00000117600,2
ENSG00000118733,2
ENSG00000122912,2
ENSG00000125814,2
ENSG00000128739,2
ENSG00000133958,2
ENSG00000134668,2
ENSG00000136531,2
ENSG00000138772,2
ENSG00000140015,2
ENSG00000144290,2
ENSG00000144619,2
ENSG00000148935,2
ENSG00000149305,2
ENSG00000149575,2
ENSG00000150551,2
ENSG00000151150,2
ENSG00000151948,2
ENSG00000152413,2
ENSG00000152822,2
ENSG00000152969,2
ENSG00000153976,2
ENSG00000154027,2
ENSG00000155816,2
ENSG00000155966,2
ENSG00000157445,2
ENSG00000162493,2
ENSG00000162989,2
ENSG00000164604,2
ENSG00000166111,2
ENSG00000166483,2
ENSG00000167281,2
ENSG00000169891,2
ENSG00000170011,2
ENSG00000170439,2
ENSG00000172031,2
ENSG00000172260,2
ENSG00000173267,2
ENSG00000175874,2
ENSG00000176014,2
ENSG00000177098,2
ENSG00000177425,2
ENSG00000177432,2
ENSG00000177570,2
ENSG00000182621,2
ENSG00000183317,2
ENSG00000183775,2
ENSG00000184640,2
ENSG00000186479,2
ENSG00000196277,2
ENSG00000196581,2
ENSG00000196972,2
ENSG00000197147,2
ENSG00000198216,2
ENSG00000198673,2
ENSG00000198963,2
ENSG00000204071,2
ENSG00000243232,2
ENSG00000260230,2
ENSG00000275482,2
ENSG00000001460,1
ENSG00000001461,1
ENSG00000002586,1
ENSG00000003147,1
ENSG00000004142,1
ENSG00000004660,1
ENSG00000004700,1
ENSG00000004864,1
ENSG00000005059,1
ENSG00000005075,1
ENSG00000005189,1
ENSG00000005379,1
ENSG00000005810,1
ENSG00000006071,1
ENSG00000006116,1
ENSG00000006327,1
ENSG00000006468,1
ENSG00000006534,1
ENSG00000006756,1
ENSG00000007516,1
ENSG00000007968,1
ENSG00000008086,1
ENSG00000008118,1
ENSG00000008277,1
ENSG00000008282,1
ENSG00000008311,1
ENSG00000008853,1
ENSG00000010278,1
ENSG00000010292,1
ENSG00000010810,1
ENSG00000011028,1
ENSG00000011083,1
ENSG00000011304,1
ENSG00000011347,1
ENSG00000011426,1
ENSG00000012124,1
ENSG00000013016,1
ENSG00000013364,1
ENSG00000013810,1
ENSG00000014641,1
ENSG00000014919,1
ENSG00000018408,1
ENSG00000019505,1
ENSG00000020129,1
ENSG00000022267,1
ENSG00000022355,1
ENSG00000022567,1
ENSG00000023171,1
ENSG00000023228,1
ENSG00000023445,1
ENSG00000023516,1
ENSG00000024862,1
ENSG00000026025,1
ENSG00000026559,1
ENSG00000026950,1
ENSG00000027697,1
ENSG00000028277,1
ENSG00000031081,1
ENSG00000036530,1
ENSG00000037897,1
ENSG00000038295,1
ENSG00000038427,1
ENSG00000038945,1
ENSG00000039560,1
ENSG00000040341,1
ENSG00000046653,1
ENSG00000046889,1
ENSG00000047056,1
ENSG00000047579,1
ENSG00000047597,1
ENSG00000047849,1
ENSG00000048991,1
ENSG00000049239,1
ENSG00000049246,1
ENSG00000049541,1
ENSG00000050405,1
ENSG00000050748,1
ENSG00000051128,1
ENSG00000053524,1
ENSG00000053900,1
ENSG00000054277,1
ENSG00000054392,1
ENSG00000054654,1
ENSG00000054967,1
ENSG00000056487,1
ENSG00000058091,1
ENSG00000058262,1
ENSG00000058335,1
ENSG00000059691,1
ENSG00000061918,1
ENSG00000062524,1
ENSG00000063245,1
ENSG00000063854,1
ENSG00000064102,1
ENSG00000064300,1
ENSG00000064393,1
ENSG00000065154,1
ENSG00000065308,1
ENSG00000065320,1
ENSG00000065328,1
ENSG00000065361,1
ENSG00000065559,1
ENSG00000065609,1
ENSG00000065621,1
ENSG00000065809,1
ENSG00000066279,1
ENSG00000066322,1
ENSG00000066468,1
ENSG00000066827,1
ENSG00000067191,1
ENSG00000067606,1
ENSG00000067715,1
ENSG00000067840,1
ENSG00000067955,1
ENSG00000068366,1
ENSG00000068400,1
ENSG00000068489,1
ENSG00000068831,1
ENSG00000069275,1
ENSG00000069424,1
ENSG00000069493,1
ENSG00000069966,1
ENSG00000070214,1
ENSG00000070729,1
ENSG00000070831,1
ENSG00000070961,1
ENSG00000071539,1
ENSG00000072071,1
ENSG00000072110,1
ENSG00000072133,1
ENSG00000072182,1
ENSG00000072201,1
ENSG00000072315,1
ENSG00000072506,1
ENSG00000072657,1
ENSG00000072694,1
ENSG00000072786,1
ENSG00000072864,1
ENSG00000073060,1
ENSG00000073111,1
ENSG00000073150,1
ENSG00000073737,1
ENSG00000073792,1
ENSG00000073921,1
ENSG00000074211,1
ENSG00000074410,1
ENSG00000074527,1
ENSG00000074590,1
ENSG00000075188,1
ENSG00000075218,1
ENSG00000075461,1
ENSG00000075618,1
ENSG00000075702,1
ENSG00000076604,1
ENSG00000076706,1
ENSG00000076770,1
ENSG00000077264,1
ENSG00000077522,1
ENSG00000078725,1
ENSG00000079308,1
ENSG00000079841,1
ENSG00000080503,1
ENSG00000080709,1
ENSG00000080822,1
ENSG00000080839,1
ENSG00000081189,1
ENSG00000081320,1
ENSG00000083642,1
ENSG00000083720,1
ENSG00000084444,1
ENSG00000084453,1
ENSG00000084731,1
ENSG00000085433,1
ENSG00000085832,1
ENSG00000086015,1
ENSG00000086061,1
ENSG00000086062,1
ENSG00000086205,1
ENSG00000087095,1
ENSG00000087245,1
ENSG00000087253,1
ENSG00000088179,1
ENSG00000088325,1
ENSG00000088367,1
ENSG00000088538,1
ENSG00000088882,1
ENSG00000088899,1
ENSG00000089127,1
ENSG00000089157,1
ENSG00000089159,1
ENSG00000089199,1
ENSG00000089289,1
ENSG00000089847,1
ENSG00000090238,1
ENSG00000090539,1
ENSG00000090776,1
ENSG00000090932,1
ENSG00000090975,1
ENSG00000091483,1
ENSG00000091513,1
ENSG00000091536,1
ENSG00000091622,1
ENSG00000091656,1
ENSG00000091972,1
ENSG00000091986,1
ENSG00000092096,1
ENSG00000092421,1
ENSG00000092607,1
ENSG00000092929,1
ENSG00000093009,1
ENSG00000093072,1
ENSG00000095015,1
ENSG00000095319,1
ENSG00000095739,1
ENSG00000096060,1
ENSG00000096063,1
ENSG00000096080,1
ENSG00000096092,1
ENSG00000096654,1
ENSG00000096872,1
ENSG00000097007,1
ENSG00000099139,1
ENSG00000099194,1
ENSG00000099203,1
ENSG00000099331,1
ENSG00000099364,1
ENSG00000099365,1
ENSG00000099814,1
ENSG00000100060,1
ENSG00000100075,1
ENSG00000100077,1
ENSG00000100106,1
ENSG00000100139,1
ENSG00000100285,1
ENSG00000100297,1
ENSG00000100321,1
ENSG00000100336,1
ENSG00000100346,1
ENSG00000100441,1
ENSG00000100479,1
ENSG00000100591,1
ENSG00000100744,1
ENSG00000100842,1
ENSG00000100985,1
ENSG00000101003,1
ENSG00000101104,1
ENSG00000101115,1
ENSG00000101198,1
ENSG00000101203,1
ENSG00000101265,1
ENSG00000101298,1
ENSG00000101311,1
ENSG00000101346,1
ENSG00000101384,1
ENSG00000101670,1
ENSG00000101868,1
ENSG00000101871,1
ENSG00000101966,1
ENSG00000102007,1
ENSG00000102265,1
ENSG00000102317,1
ENSG00000102359,1
ENSG00000102387,1
ENSG00000102468,1
ENSG00000102547,1
ENSG00000102678,1
ENSG00000102699,1
ENSG00000102760,1
ENSG00000102780,1
ENSG00000102837,1
ENSG00000102904,1
ENSG00000102981,1
ENSG00000103034,1
ENSG00000103154,1
ENSG00000103187,1
ENSG00000103335,1
ENSG00000103460,1
ENSG00000103591,1
ENSG00000103657,1
ENSG00000103852,1
ENSG00000103966,1
ENSG00000104059,1
ENSG00000104112,1
ENSG00000104267,1
ENSG00000104369,1
ENSG00000104415,1
ENSG00000104419,1
ENSG00000104435,1
ENSG00000104723,1
ENSG00000104888,1
ENSG00000104889,1
ENSG00000104998,1
ENSG00000105186,1
ENSG00000105223,1
ENSG00000105376,1
ENSG00000105402,1
ENSG00000105409,1
ENSG00000105483,1
ENSG00000105559,1
ENSG00000105607,1
ENSG00000105612,1
ENSG00000105649,1
ENSG00000105662,1
ENSG00000105695,1
ENSG00000105696,1
ENSG00000105711,1
ENSG00000105723,1
ENSG00000105784,1
ENSG00000105810,1
ENSG00000105854,1
ENSG00000105855,1
ENSG00000105877,1
ENSG00000105894,1
ENSG00000105926,1
ENSG00000105939,1
ENSG00000105974,1
ENSG00000106003,1
ENSG00000106069,1
ENSG00000106077,1
ENSG00000106089,1
ENSG00000106144,1
ENSG00000106268,1
ENSG00000106278,1
ENSG00000106462,1
ENSG00000106546,1
ENSG00000106624,1
ENSG00000106723,1
ENSG00000106785,1
ENSG00000107105,1
ENSG00000107159,1
ENSG00000107165,1
ENSG00000107186,1
ENSG00000107282,1
ENSG00000107518,1
ENSG00000107560,1
ENSG00000107679,1
ENSG00000107731,1
ENSG00000107864,1
ENSG00000107954,1
ENSG00000108018,1
ENSG00000108061,1
ENSG00000108176,1
ENSG00000108231,1
ENSG00000108262,1
ENSG00000108309,1
ENSG00000108352,1
ENSG00000108395,1
ENSG00000108406,1
ENSG00000108509,1
ENSG00000108518,1
ENSG00000108679,1
ENSG00000108684,1
ENSG00000108784,1
ENSG00000108797,1
ENSG00000108840,1
ENSG00000108846,1
ENSG00000109436,1
ENSG00000109519,1
ENSG00000109670,1
ENSG00000109674,1
ENSG00000109686,1
ENSG00000110047,1
ENSG00000110092,1
ENSG00000110148,1
ENSG00000110318,1
ENSG00000110422,1
ENSG00000110427,1
ENSG00000110446,1
ENSG00000110492,1
ENSG00000110514,1
ENSG00000110693,1
ENSG00000110719,1
ENSG00000110900,1
ENSG00000110925,1
ENSG00000110931,1
ENSG00000110955,1
ENSG00000111052,1
ENSG00000111247,1
ENSG00000111328,1
ENSG00000111331,1
ENSG00000111348,1
ENSG00000111602,1
ENSG00000111665,1
ENSG00000111783,1
ENSG00000111816,1
ENSG00000111880,1
ENSG00000111913,1
ENSG00000112029,1
ENSG00000112053,1
ENSG00000112137,1
ENSG00000112183,1
ENSG00000112208,1
ENSG00000112293,1
ENSG00000112312,1
ENSG00000112367,1
ENSG00000112473,1
ENSG00000112531,1
ENSG00000112559,1
ENSG00000112562,1
ENSG00000112655,1
ENSG00000112715,1
ENSG00000112742,1
ENSG00000112773,1
ENSG00000112796,1
ENSG00000112812,1
ENSG00000112902,1
ENSG00000112984,1
ENSG00000112996,1
ENSG00000113048,1
ENSG00000113083,1
ENSG00000113100,1
ENSG00000113140,1
ENSG00000113163,1
ENSG00000113205,1
ENSG00000113231,1
ENSG00000113319,1
ENSG00000113368,1
ENSG00000113369,1
ENSG00000113555,1
ENSG00000113638,1
ENSG00000113739,1
ENSG00000113810,1
ENSG00000113966,1
ENSG00000114115,1
ENSG00000114200,1
ENSG00000114251,1
ENSG00000114268,1
ENSG00000114279,1
ENSG00000114315,1
ENSG00000114423,1
ENSG00000114450,1
ENSG00000114480,1
ENSG00000114573,1
ENSG00000114626,1
ENSG00000114757,1
ENSG00000114796,1
ENSG00000114812,1
ENSG00000114861,1
ENSG00000114993,1
ENSG00000115129,1
ENSG00000115155,1
ENSG00000115183,1
ENSG00000115194,1
ENSG00000115239,1
ENSG00000115310,1
ENSG00000115414,1
ENSG00000115457,1
ENSG00000115461,1
ENSG00000115648,1
ENSG00000115756,1
ENSG00000115761,1
ENSG00000115825,1
ENSG00000115935,1
ENSG00000115963,1
ENSG00000115977,1
ENSG00000116161,1
ENSG00000116212,1
ENSG00000116254,1
ENSG00000116329,1
ENSG00000116396,1
ENSG00000116473,1
ENSG00000116544,1
ENSG00000116574,1
ENSG00000116663,1
ENSG00000116675,1
ENSG00000116679,1
ENSG00000116688,1
ENSG00000116717,1
ENSG00000116729,1
ENSG00000116745,1
ENSG00000116774,1
ENSG00000116815,1
ENSG00000116833,1
ENSG00000116962,1
ENSG00000116983,1
ENSG00000116985,1
ENSG00000116991,1
ENSG00000117020,1
ENSG00000117228,1
ENSG00000117266,1
ENSG00000117318,1
ENSG00000117399,1
ENSG00000117411,1
ENSG00000117724,1
ENSG00000118156,1
ENSG00000118276,1
ENSG00000118292,1
ENSG00000118322,1
ENSG00000118363,1
ENSG00000118402,1
ENSG00000118432,1
ENSG00000118473,1
ENSG00000118503,1
ENSG00000118515,1
ENSG00000118690,1
ENSG00000118705,1
ENSG00000118707,1
ENSG00000119125,1
ENSG00000119231,1
ENSG00000119280,1
ENSG00000119392,1
ENSG00000119403,1
ENSG00000119421,1
ENSG00000119699,1
ENSG00000119771,1
ENSG00000119782,1
ENSG00000119801,1
ENSG00000119865,1
ENSG00000119866,1
ENSG00000119878,1
ENSG00000119888,1
ENSG00000119986,1
ENSG00000120053,1
ENSG00000120159,1
ENSG00000120251,1
ENSG00000120265,1
ENSG00000120322,1
ENSG00000120458,1
ENSG00000120526,1
ENSG00000120645,1
ENSG00000120690,1
ENSG00000120708,1
ENSG00000120820,1
ENSG00000120875,1
ENSG00000120907,1
ENSG00000121005,1
ENSG00000121060,1
ENSG00000121068,1
ENSG00000121152,1
ENSG00000121351,1
ENSG00000121621,1
ENSG00000121690,1
ENSG00000121871,1
ENSG00000121905,1
ENSG00000121957,1
ENSG00000121966,1
ENSG00000122490,1
ENSG00000122642,1
ENSG00000122643,1
ENSG00000122694,1
ENSG00000122779,1
ENSG00000122786,1
ENSG00000122873,1
ENSG00000122952,1
ENSG00000123080,1
ENSG00000123091,1
ENSG00000123119,1
ENSG00000123131,1
ENSG00000123136,1
ENSG00000123146,1
ENSG00000123219,1
ENSG00000123342,1
ENSG00000123360,1
ENSG00000123374,1
ENSG00000123427,1
ENSG00000123485,1
ENSG00000123570,1
ENSG00000123610,1
ENSG00000123975,1
ENSG00000123989,1
ENSG00000124067,1
ENSG00000124126,1
ENSG00000124134,1
ENSG00000124140,1
ENSG00000124191,1
ENSG00000124313,1
ENSG00000124507,1
ENSG00000124575,1
ENSG00000124588,1
ENSG00000124613,1
ENSG00000124635,1
ENSG00000124702,1
ENSG00000124749,1
ENSG00000124766,1
ENSG00000124782,1
ENSG00000124783,1
ENSG00000124785,1
ENSG00000125148,1
ENSG00000125246,1
ENSG00000125347,1
ENSG00000125351,1
ENSG00000125355,1
ENSG00000125356,1
ENSG00000125388,1
ENSG00000125458,1
ENSG00000125648,1
ENSG00000125744,1
ENSG00000125820,1
ENSG00000125841,1
ENSG00000125844,1
ENSG00000125845,1
ENSG00000125885,1
ENSG00000125895,1
ENSG00000126368,1
ENSG00000126391,1
ENSG00000126709,1
ENSG00000126733,1
ENSG00000126787,1
ENSG00000126860,1
ENSG00000126950,1
ENSG00000127022,1
ENSG00000127220,1
ENSG00000127241,1
ENSG00000127445,1
ENSG00000127586,1
ENSG00000127824,1
ENSG00000127946,1
ENSG00000127954,1
ENSG00000128245,1
ENSG00000128283,1
ENSG00000128394,1
ENSG00000128513,1
ENSG00000128567,1
ENSG00000128594,1
ENSG00000128595,1
ENSG00000128602,1
ENSG00000128655,1
ENSG00000128656,1
ENSG00000128683,1
ENSG00000128872,1
ENSG00000128881,1
ENSG00000128965,1
ENSG00000129038,1
ENSG00000129159,1
ENSG00000129167,1
ENSG00000129295,1
ENSG00000129355,1
ENSG00000129473,1
ENSG00000129493,1
ENSG00000129521,1
ENSG00000129534,1
ENSG00000129538,1
ENSG00000129566,1
ENSG00000129625,1
ENSG00000129675,1
ENSG00000129682,1
ENSG00000129990,1
ENSG00000129993,1
ENSG00000130052,1
ENSG00000130147,1
ENSG00000130202,1
ENSG00000130208,1
ENSG00000130222,1
ENSG00000130300,1
ENSG00000130303,1
ENSG00000130368,1
ENSG00000130508,1
ENSG00000130511,1
ENSG00000130540,1
ENSG00000130558,1
ENSG00000130643,1
ENSG00000130649,1
ENSG00000130707,1
ENSG00000130822,1
ENSG00000130827,1
ENSG00000130956,1
ENSG00000130958,1
ENSG00000130997,1
ENSG00000131080,1
ENSG00000131089,1
ENSG00000131351,1
ENSG00000131378,1
ENSG00000131398,1
ENSG00000131437,1
ENSG00000131725,1
ENSG00000131747,1
ENSG00000131759,1
ENSG00000132199,1
ENSG00000132294,1
ENSG00000132359,1
ENSG00000132432,1
ENSG00000132478,1
ENSG00000132535,1
ENSG00000132561,1
ENSG00000132563,1
ENSG00000132639,1
ENSG00000132646,1
ENSG00000132670,1
ENSG00000132688,1
ENSG00000132692,1
ENSG00000132780,1
ENSG00000132842,1
ENSG00000132846,1
ENSG00000132879,1
ENSG00000132938,1
ENSG00000133026,1
ENSG00000133056,1
ENSG00000133134,1
ENSG00000133138,1
ENSG00000133318,1
ENSG00000133639,1
ENSG00000133739,1
ENSG00000133794,1
ENSG00000133805,1
ENSG00000133816,1
ENSG00000133874,1
ENSG00000133985,1
ENSG00000134121,1
ENSG00000134287,1
ENSG00000134343,1
ENSG00000134376,1
ENSG00000134504,1
ENSG00000134533,1
ENSG00000134539,1
ENSG00000134690,1
ENSG00000134802,1
ENSG00000134851,1
ENSG00000134853,1
ENSG00000134871,1
ENSG00000134873,1
ENSG00000134909,1
ENSG00000135002,1
ENSG00000135018,1
ENSG00000135046,1
ENSG00000135312,1
ENSG00000135362,1
ENSG00000135365,1
ENSG00000135423,1
ENSG00000135426,1
ENSG00000135446,1
ENSG00000135451,1
ENSG00000135476,1
ENSG00000135540,1
ENSG00000135547,1
ENSG00000135638,1
ENSG00000135750,1
ENSG00000135862,1
ENSG00000135905,1
ENSG00000135940,1
ENSG00000135951,1
ENSG00000136003,1
ENSG00000136099,1
ENSG00000136108,1
ENSG00000136213,1
ENSG00000136231,1
ENSG00000136237,1
ENSG00000136240,1
ENSG00000136451,1
ENSG00000136514,1
ENSG00000136518,1
ENSG00000136541,1
ENSG00000136643,1
ENSG00000136720,1
ENSG00000136732,1
ENSG00000136824,1
ENSG00000136830,1
ENSG00000136859,1
ENSG00000136867,1
ENSG00000136895,1
ENSG00000136938,1
ENSG00000136997,1
ENSG00000137040,1
ENSG00000137218,1
ENSG00000137261,1
ENSG00000137404,1
ENSG00000137494,1
ENSG00000137501,1
ENSG00000137628,1
ENSG00000137727,1
ENSG00000137766,1
ENSG00000137804,1
ENSG00000137807,1
ENSG00000137812,1
ENSG00000137825,1
ENSG00000137831,1
ENSG00000137959,1
ENSG00000137965,1
ENSG00000138080,1
ENSG00000138092,1
ENSG00000138101,1
ENSG00000138134,1
ENSG00000138175,1
ENSG00000138190,1
ENSG00000138207,1
ENSG00000138231,1
ENSG00000138311,1
ENSG00000138376,1
ENSG00000138378,1
ENSG00000138411,1
ENSG00000138413,1
ENSG00000138496,1
ENSG00000138670,1
ENSG00000138757,1
ENSG00000138785,1
ENSG00000138814,1
ENSG00000138823,1
ENSG00000138829,1
ENSG00000138944,1
ENSG00000139112,1
ENSG00000139146,1
ENSG00000139182,1
ENSG00000139190,1
ENSG00000139220,1
ENSG00000139263,1
ENSG00000139289,1
ENSG00000139292,1
ENSG00000139350,1
ENSG00000139352,1
ENSG00000139354,1
ENSG00000139405,1
ENSG00000139433,1
ENSG00000139505,1
ENSG00000139508,1
ENSG00000139734,1
ENSG00000139832,1
ENSG00000139880,1
ENSG00000139970,1
ENSG00000139973,1
ENSG00000140044,1
ENSG00000140262,1
ENSG00000140403,1
ENSG00000140455,1
ENSG00000140474,1
ENSG00000140678,1
ENSG00000140682,1
ENSG00000140807,1
ENSG00000140853,1
ENSG00000140854,1
ENSG00000140905,1
ENSG00000140931,1
ENSG00000140988,1
ENSG00000141384,1
ENSG00000141404,1
ENSG00000141433,1
ENSG00000141447,1
ENSG00000141485,1
ENSG00000141510,1
ENSG00000141526,1
ENSG00000141540,1
ENSG00000141668,1
ENSG00000141682,1
ENSG00000141756,1
ENSG00000141837,1
ENSG00000142173,1
ENSG00000142599,1
ENSG00000142657,1
ENSG00000142694,1
ENSG00000142700,1
ENSG00000142798,1
ENSG00000142864,1
ENSG00000142875,1
ENSG00000142945,1
ENSG00000142949,1
ENSG00000143013,1
ENSG00000143158,1
ENSG00000143164,1
ENSG00000143384,1
ENSG00000143493,1
ENSG00000143499,1
ENSG00000143507,1
ENSG00000143570,1
ENSG00000143603,1
ENSG00000143674,1
ENSG00000143842,1
ENSG00000143869,1
ENSG00000143933,1
ENSG00000143995,1
ENSG00000144191,1
ENSG00000144233,1
ENSG00000144331,1
ENSG00000144354,1
ENSG00000144366,1
ENSG00000144395,1
ENSG00000144406,1
ENSG00000144460,1
ENSG00000144485,1
ENSG00000144554,1
ENSG00000144567,1
ENSG00000144579,1
ENSG00000144583,1
ENSG00000144635,1
ENSG00000144645,1
ENSG00000144647,1
ENSG00000144671,1
ENSG00000144711,1
ENSG00000144791,1
ENSG00000144834,1
ENSG00000144857,1
ENSG00000144959,1
ENSG00000145029,1
ENSG00000145087,1
ENSG00000145147,1
ENSG00000145198,1
ENSG00000145242,1
ENSG00000145335,1
ENSG00000145362,1
ENSG00000145428,1
ENSG00000145451,1
ENSG00000145632,1
ENSG00000145703,1
ENSG00000145743,1
ENSG00000145808,1
ENSG00000145864,1
ENSG00000145908,1
ENSG00000145990,1
ENSG00000146112,1
ENSG00000146143,1
ENSG00000146147,1
ENSG00000146151,1
ENSG00000146263,1
ENSG00000146267,1
ENSG00000146425,1
ENSG00000146453,1
ENSG00000146469,1
ENSG00000146535,1
ENSG00000146592,1
ENSG00000146648,1
ENSG00000146670,1
ENSG00000146802,1
ENSG00000146842,1
ENSG00000146918,1
ENSG00000146966,1
ENSG00000147036,1
ENSG00000147044,1
ENSG00000147065,1
ENSG00000147416,1
ENSG00000147475,1
ENSG00000147488,1
ENSG00000147655,1
ENSG00000147676,1
ENSG00000147724,1
ENSG00000148082,1
ENSG00000148143,1
ENSG00000148180,1
ENSG00000148481,1
ENSG00000148482,1
ENSG00000148541,1
ENSG00000148690,1
ENSG00000148773,1
ENSG00000148848,1
ENSG00000148908,1
ENSG00000148925,1
ENSG00000148926,1
ENSG00000149257,1
ENSG00000149262,1
ENSG00000149269,1
ENSG00000149313,1
ENSG00000149483,1
ENSG00000149646,1
ENSG00000149926,1
ENSG00000149970,1
ENSG00000149972,1
ENSG00000150394,1
ENSG00000150457,1
ENSG00000150627,1
ENSG00000150656,1
ENSG00000150995,1
ENSG00000151025,1
ENSG00000151090,1
ENSG00000151229,1
ENSG00000151491,1
ENSG00000151572,1
ENSG00000151623,1
ENSG00000151690,1
ENSG00000151725,1
ENSG00000151729,1
ENSG00000151778,1
ENSG00000151917,1
ENSG00000151952,1
ENSG00000152034,1
ENSG00000152242,1
ENSG00000152495,1
ENSG00000152503,1
ENSG00000152518,1
ENSG00000152558,1
ENSG00000152782,1
ENSG00000152932,1
ENSG00000152952,1
ENSG00000152954,1
ENSG00000153094,1
ENSG00000153233,1
ENSG00000153237,1
ENSG00000153292,1
ENSG00000153922,1
ENSG00000153933,1
ENSG00000154040,1
ENSG00000154114,1
ENSG00000154122,1
ENSG00000154133,1
ENSG00000154222,1
ENSG00000154330,1
ENSG00000154553,1
ENSG00000154640,1
ENSG00000154743,1
ENSG00000154822,1
ENSG00000154917,1
ENSG00000154920,1
ENSG00000154975,1
ENSG00000155052,1
ENSG00000155093,1
ENSG00000155097,1
ENSG00000155158,1
ENSG00000155189,1
ENSG00000155368,1
ENSG00000155542,1
ENSG00000155561,1
ENSG00000155760,1
ENSG00000155858,1
ENSG00000155926,1
ENSG00000155970,1
ENSG00000155980,1
ENSG00000156017,1
ENSG00000156042,1
ENSG00000156097,1
ENSG00000156140,1
ENSG00000156345,1
ENSG00000156411,1
ENSG00000156486,1
ENSG00000156642,1
ENSG00000156687,1
ENSG00000156735,1
ENSG00000156983,1
ENSG00000157064,1
ENSG00000157077,1
ENSG00000157087,1
ENSG00000157150,1
ENSG00000157152,1
ENSG00000157214,1
ENSG00000157227,1
ENSG00000157470,1
ENSG00000157502,1
ENSG00000157510,1
ENSG00000157542,1
ENSG00000157557,1
ENSG00000157570,1
ENSG00000157578,1
ENSG00000157593,1
ENSG00000157680,1
ENSG00000157782,1
ENSG00000157881,1
ENSG00000158008,1
ENSG00000158106,1
ENSG00000158220,1
ENSG00000158246,1
ENSG00000158301,1
ENSG00000158352,1
ENSG00000158373,1
ENSG00000158406,1
ENSG00000158445,1
ENSG00000158480,1
ENSG00000158517,1
ENSG00000158560,1
ENSG00000158710,1
ENSG00000158711,1
ENSG00000158747,1
ENSG00000158748,1
ENSG00000158792,1
ENSG00000158806,1
ENSG00000158828,1
ENSG00000158856,1
ENSG00000158859,1
ENSG00000159082,1
ENSG00000159086,1
ENSG00000159216,1
ENSG00000159228,1
ENSG00000159263,1
ENSG00000159363,1
ENSG00000159388,1
ENSG00000159399,1
ENSG00000159674,1
ENSG00000159753,1
ENSG00000160014,1
ENSG00000160051,1
ENSG00000160145,1
ENSG00000160191,1
ENSG00000160307,1
ENSG00000160321,1
ENSG00000160408,1
ENSG00000160445,1
ENSG00000160460,1
ENSG00000160469,1
ENSG00000160753,1
ENSG00000160767,1
ENSG00000160783,1
ENSG00000160862,1
ENSG00000160957,1
ENSG00000160963,1
ENSG00000161082,1
ENSG00000161638,1
ENSG00000161681,1
ENSG00000161682,1
ENSG00000161847,1
ENSG00000161921,1
ENSG00000162104,1
ENSG00000162222,1
ENSG00000162227,1
ENSG00000162337,1
ENSG00000162368,1
ENSG00000162409,1
ENSG00000162426,1
ENSG00000162490,1
ENSG00000162522,1
ENSG00000162545,1
ENSG00000162572,1
ENSG00000162576,1
ENSG00000162607,1
ENSG00000162621,1
ENSG00000162641,1
ENSG00000162692,1
ENSG00000162782,1
ENSG00000162817,1
ENSG00000162852,1
ENSG00000162873,1
ENSG00000162878,1
ENSG00000162889,1
ENSG00000162931,1
ENSG00000162946,1
ENSG00000162951,1
ENSG00000162999,1
ENSG00000163013,1
ENSG00000163032,1
ENSG00000163046,1
ENSG00000163053,1
ENSG00000163064,1
ENSG00000163075,1
ENSG00000163082,1
ENSG00000163110,1
ENSG00000163273,1
ENSG00000163285,1
ENSG00000163399,1
ENSG00000163412,1
ENSG00000163472,1
ENSG00000163507,1
ENSG00000163531,1
ENSG00000163545,1
ENSG00000163565,1
ENSG00000163576,1
ENSG00000163590,1
ENSG00000163624,1
ENSG00000163633,1
ENSG00000163638,1
ENSG00000163661,1
ENSG00000163673,1
ENSG00000163702,1
ENSG00000163703,1
ENSG00000163734,1
ENSG00000163793,1
ENSG00000163840,1
ENSG00000163848,1
ENSG00000163873,1
ENSG00000163995,1
ENSG00000164038,1
ENSG00000164045,1
ENSG00000164056,1
ENSG00000164070,1
ENSG00000164074,1
ENSG00000164099,1
ENSG00000164100,1
ENSG00000164104,1
ENSG00000164106,1
ENSG00000164109,1
ENSG00000164111,1
ENSG00000164112,1
ENSG00000164116,1
ENSG00000164124,1
ENSG00000164136,1
ENSG00000164171,1
ENSG00000164181,1
ENSG00000164188,1
ENSG00000164211,1
ENSG00000164236,1
ENSG00000164241,1
ENSG00000164283,1
ENSG00000164294,1
ENSG00000164300,1
ENSG00000164308,1
ENSG00000164418,1
ENSG00000164434,1
ENSG00000164543,1
ENSG00000164574,1
ENSG00000164600,1
ENSG00000164620,1
ENSG00000164649,1
ENSG00000164675,1
ENSG00000164692,1
ENSG00000164715,1
ENSG00000164742,1
ENSG00000164754,1
ENSG00000164776,1
ENSG00000164794,1
ENSG00000164830,1
ENSG00000164850,1
ENSG00000164885,1
ENSG00000164889,1
ENSG00000164898,1
ENSG00000164919,1
ENSG00000164933,1
ENSG00000164938,1
ENSG00000164951,1
ENSG00000164961,1
ENSG00000164970,1
ENSG00000164985,1
ENSG00000165023,1
ENSG00000165029,1
ENSG00000165209,1
ENSG00000165244,1
ENSG00000165300,1
ENSG00000165355,1
ENSG00000165379,1
ENSG00000165434,1
ENSG00000165521,1
ENSG00000165568,1
ENSG00000165704,1
ENSG00000165730,1
ENSG00000165757,1
ENSG00000165802,1
ENSG00000165805,1
ENSG00000165813,1
ENSG00000165832,1
ENSG00000165868,1
ENSG00000165891,1
ENSG00000166073,1
ENSG00000166105,1
ENSG00000166159,1
ENSG00000166171,1
ENSG00000166188,1
ENSG00000166200,1
ENSG00000166206,1
ENSG00000166257,1
ENSG00000166263,1
ENSG00000166313,1
ENSG00000166352,1
ENSG00000166394,1
ENSG00000166401,1
ENSG00000166435,1
ENSG00000166446,1
ENSG00000166448,1
ENSG00000166450,1
ENSG00000166451,1
ENSG00000166452,1
ENSG00000166501,1
ENSG00000166508,1
ENSG00000166510,1
ENSG00000166526,1
ENSG00000166682,1
ENSG00000166710,1
ENSG00000166793,1
ENSG00000166825,1
ENSG00000166881,1
ENSG00000166900,1
ENSG00000166922,1
ENSG00000166963,1
ENSG00000167074,1
ENSG00000167182,1
ENSG00000167244,1
ENSG00000167371,1
ENSG00000167393,1
ENSG00000167513,1
ENSG00000167535,1
ENSG00000167549,1
ENSG00000167588,1
ENSG00000167680,1
ENSG00000167733,1
ENSG00000167772,1
ENSG00000167778,1
ENSG00000167900,1
ENSG00000167964,1
ENSG00000167971,1
ENSG00000167977,1
ENSG00000167995,1
ENSG00000168135,1
ENSG00000168209,1
ENSG00000168268,1
ENSG00000168314,1
ENSG00000168385,1
ENSG00000168389,1
ENSG00000168411,1
ENSG00000168461,1
ENSG00000168490,1
ENSG00000168491,1
ENSG00000168539,1
ENSG00000168743,1
ENSG00000168769,1
ENSG00000168824,1
ENSG00000168828,1
ENSG00000168887,1
ENSG00000168894,1
ENSG00000169035,1
ENSG00000169064,1
ENSG00000169085,1
ENSG00000169105,1
ENSG00000169213,1
ENSG00000169223,1
ENSG00000169247,1
ENSG00000169255,1
ENSG00000169282,1
ENSG00000169291,1
ENSG00000169507,1
ENSG00000169604,1
ENSG00000169607,1
ENSG00000169641,1
ENSG00000169752,1
ENSG00000169756,1
ENSG00000169884,1
ENSG00000170027,1
ENSG00000170144,1
ENSG00000170290,1
ENSG00000170312,1
ENSG00000170324,1
ENSG00000170365,1
ENSG00000170419,1
ENSG00000170500,1
ENSG00000170571,1
ENSG00000170579,1
ENSG00000170624,1
ENSG00000170653,1
ENSG00000170681,1
ENSG00000170734,1
ENSG00000170889,1
ENSG00000170961,1
ENSG00000171126,1
ENSG00000171160,1
ENSG00000171206,1
ENSG00000171241,1
ENSG00000171243,1
ENSG00000171310,1
ENSG00000171316,1
ENSG00000171320,1
ENSG00000171368,1
ENSG00000171388,1
ENSG00000171408,1
ENSG00000171435,1
ENSG00000171444,1
ENSG00000171450,1
ENSG00000171451,1
ENSG00000171492,1
ENSG00000171497,1
ENSG00000171502,1
ENSG00000171509,1
ENSG00000171680,1
ENSG00000171714,1
ENSG00000171798,1
ENSG00000171811,1
ENSG00000171813,1
ENSG00000171817,1
ENSG00000171848,1
ENSG00000171873,1
ENSG00000171940,1
ENSG00000171992,1
ENSG00000172005,1
ENSG00000172006,1
ENSG00000172037,1
ENSG00000172123,1
ENSG00000172183,1
ENSG00000172201,1
ENSG00000172348,1
ENSG00000172375,1
ENSG00000172461,1
ENSG00000172465,1
ENSG00000172469,1
ENSG00000172548,1
ENSG00000172602,1
ENSG00000172638,1
ENSG00000172794,1
ENSG00000172803,1
ENSG00000172824,1
ENSG00000172878,1
ENSG00000172995,1
ENSG00000173065,1
ENSG00000173110,1
ENSG00000173193,1
ENSG00000173207,1
ENSG00000173258,1
ENSG00000173457,1
ENSG00000173482,1
ENSG00000173535,1
ENSG00000173546,1
ENSG00000173597,1
ENSG00000173611,1
ENSG00000173660,1
ENSG00000173705,1
ENSG00000173786,1
ENSG00000173821,1
ENSG00000173868,1
ENSG00000173894,1
ENSG00000173898,1
ENSG00000174080,1
ENSG00000174145,1
ENSG00000174173,1
ENSG00000174428,1
ENSG00000174469,1
ENSG00000174473,1
ENSG00000174482,1
ENSG00000174514,1
ENSG00000174516,1
ENSG00000174607,1
ENSG00000174705,1
ENSG00000174807,1
ENSG00000174928,1
ENSG00000174938,1
ENSG00000174996,1
ENSG00000175063,1
ENSG00000175077,1
ENSG00000175130,1
ENSG00000175182,1
ENSG00000175183,1
ENSG00000175267,1
ENSG00000175287,1
ENSG00000175305,1
ENSG00000175395,1
ENSG00000175471,1
ENSG00000175697,1
ENSG00000175764,1
ENSG00000175826,1
ENSG00000176142,1
ENSG00000176182,1
ENSG00000176194,1
ENSG00000176204,1
ENSG00000176381,1
ENSG00000176406,1
ENSG00000176407,1
ENSG00000176454,1
ENSG00000176490,1
ENSG00000176769,1
ENSG00000176771,1
ENSG00000176788,1
ENSG00000176884,1
ENSG00000176887,1
ENSG00000176890,1
ENSG00000176920,1
ENSG00000176971,1
ENSG00000177076,1
ENSG00000177181,1
ENSG00000177301,1
ENSG00000177380,1
ENSG00000177409,1
ENSG00000177426,1
ENSG00000177469,1
ENSG00000177511,1
ENSG00000177602,1
ENSG00000177674,1
ENSG00000177707,1
ENSG00000177721,1
ENSG00000177875,1
ENSG00000177917,1
ENSG00000178038,1
ENSG00000178171,1
ENSG00000178187,1
ENSG00000178233,1
ENSG00000178235,1
ENSG00000178295,1
ENSG00000178385,1
ENSG00000178394,1
ENSG00000178718,1
ENSG00000178741,1
ENSG00000178904,1
ENSG00000178947,1
ENSG00000178951,1
ENSG00000178965,1
ENSG00000178974,1
ENSG00000178999,1
ENSG00000179241,1
ENSG00000179314,1
ENSG00000179455,1
ENSG00000179542,1
ENSG00000179603,1
ENSG00000179841,1
ENSG00000179869,1
ENSG00000179909,1
ENSG00000179912,1
ENSG00000180044,1
ENSG00000180155,1
ENSG00000180182,1
ENSG00000180440,1
ENSG00000180573,1
ENSG00000180596,1
ENSG00000180900,1
ENSG00000181026,1
ENSG00000181104,1
ENSG00000181215,1
ENSG00000181234,1
ENSG00000181240,1
ENSG00000181381,1
ENSG00000181418,1
ENSG00000181449,1
ENSG00000181652,1
ENSG00000181722,1
ENSG00000182004,1
ENSG00000182013,1
ENSG00000182022,1
ENSG00000182158,1
ENSG00000182168,1
ENSG00000182179,1
ENSG00000182185,1
ENSG00000182199,1
ENSG00000182287,1
ENSG00000182348,1
ENSG00000182359,1
ENSG00000182379,1
ENSG00000182389,1
ENSG00000182481,1
ENSG00000182568,1
ENSG00000182628,1
ENSG00000182674,1
ENSG00000182718,1
ENSG00000182890,1
ENSG00000182957,1
ENSG00000182963,1
ENSG00000182968,1
ENSG00000183049,1
ENSG00000183060,1
ENSG00000183090,1
ENSG00000183114,1
ENSG00000183166,1
ENSG00000183186,1
ENSG00000183248,1
ENSG00000183255,1
ENSG00000183287,1
ENSG00000183307,1
ENSG00000183454,1
ENSG00000183598,1
ENSG00000183605,1
ENSG00000183628,1
ENSG00000183662,1
ENSG00000183723,1
ENSG00000183741,1
ENSG00000183785,1
ENSG00000183807,1
ENSG00000183826,1
ENSG00000183828,1
ENSG00000183850,1
ENSG00000183853,1
ENSG00000183889,1
ENSG00000184156,1
ENSG00000184185,1
ENSG00000184205,1
ENSG00000184221,1
ENSG00000184260,1
ENSG00000184261,1
ENSG00000184305,1
ENSG00000184307,1
ENSG00000184349,1
ENSG00000184357,1
ENSG00000184384,1
ENSG00000184388,1
ENSG00000184432,1
ENSG00000184445,1
ENSG00000184611,1
ENSG00000184613,1
ENSG00000184635,1
ENSG00000184678,1
ENSG00000184702,1
ENSG00000184719,1
ENSG00000184730,1
ENSG00000184831,1
ENSG00000184845,1
ENSG00000184999,1
ENSG00000185046,1
ENSG00000185070,1
ENSG00000185130,1
ENSG00000185164,1
ENSG00000185261,1
ENSG00000185274,1
ENSG00000185352,1
ENSG00000185475,1
ENSG00000185480,1
ENSG00000185518,1
ENSG00000185591,1
ENSG00000185650,1
ENSG00000185737,1
ENSG00000185742,1
ENSG00000185760,1
ENSG00000185774,1
ENSG00000185818,1
ENSG00000185924,1
ENSG00000185933,1
ENSG00000185946,1
ENSG00000186007,1
ENSG00000186026,1
ENSG00000186094,1
ENSG00000186106,1
ENSG00000186160,1
ENSG00000186185,1
ENSG00000186193,1
ENSG00000186212,1
ENSG00000186288,1
ENSG00000186310,1
ENSG00000186417,1
ENSG00000186453,1
ENSG00000186470,1
ENSG00000186472,1
ENSG00000186487,1
ENSG00000186522,1
ENSG00000186591,1
ENSG00000186642,1
ENSG00000186675,1
ENSG00000186732,1
ENSG00000186787,1
ENSG00000186862,1
ENSG00000186918,1
ENSG00000186976,1
ENSG00000187079,1
ENSG00000187094,1
ENSG00000187147,1
ENSG00000187189,1
ENSG00000187239,1
ENSG00000187240,1
ENSG00000187243,1
ENSG00000187474,1
ENSG00000187486,1
ENSG00000187498,1
ENSG00000187546,1
ENSG00000187664,1
ENSG00000187672,1
ENSG00000187699,1
ENSG00000187775,1
ENSG00000187840,1
ENSG00000187857,1
ENSG00000188015,1
ENSG00000188158,1
ENSG00000188191,1
ENSG00000188211,1
ENSG00000188312,1
ENSG00000188342,1
ENSG00000188343,1
ENSG00000188486,1
ENSG00000188610,1
ENSG00000188626,1
ENSG00000188643,1
ENSG00000188690,1
ENSG00000188848,1
ENSG00000188906,1
ENSG00000188981,1
ENSG00000189056,1
ENSG00000189184,1
ENSG00000189195,1
ENSG00000189227,1
ENSG00000189241,1
ENSG00000189403,1
ENSG00000189431,1
ENSG00000196189,1
ENSG00000196227,1
ENSG00000196247,1
ENSG00000196290,1
ENSG00000196353,1
ENSG00000196417,1
ENSG00000196428,1
ENSG00000196517,1
ENSG00000196531,1
ENSG00000196576,1
ENSG00000196584,1
ENSG00000196586,1
ENSG00000196664,1
ENSG00000196730,1
ENSG00000196747,1
ENSG00000196787,1
ENSG00000196821,1
ENSG00000196865,1
ENSG00000196866,1
ENSG00000196872,1
ENSG00000196876,1
ENSG00000196911,1
ENSG00000196924,1
ENSG00000196935,1
ENSG00000197070,1
ENSG00000197077,1
ENSG00000197093,1
ENSG00000197122,1
ENSG00000197153,1
ENSG00000197299,1
ENSG00000197324,1
ENSG00000197409,1
ENSG00000197451,1
ENSG00000197454,1
ENSG00000197457,1
ENSG00000197530,1
ENSG00000197584,1
ENSG00000197646,1
ENSG00000197696,1
ENSG00000197747,1
ENSG00000197748,1
ENSG00000197860,1
ENSG00000197872,1
ENSG00000197885,1
ENSG00000197892,1
ENSG00000197903,1
ENSG00000197905,1
ENSG00000197928,1
ENSG00000197971,1
ENSG00000197980,1
ENSG00000197993,1
ENSG00000198010,1
ENSG00000198108,1
ENSG00000198142,1
ENSG00000198300,1
ENSG00000198346,1
ENSG00000198353,1
ENSG00000198354,1
ENSG00000198467,1
ENSG00000198513,1
ENSG00000198521,1
ENSG00000198556,1
ENSG00000198604,1
ENSG00000198625,1
ENSG00000198668,1
ENSG00000198780,1
ENSG00000198794,1
ENSG00000198805,1
ENSG00000198825,1
ENSG00000198826,1
ENSG00000198853,1
ENSG00000198855,1
ENSG00000198901,1
ENSG00000198932,1
ENSG00000198933,1
ENSG00000198944,1
ENSG00000198961,1
ENSG00000203685,1
ENSG00000203737,1
ENSG00000203814,1
ENSG00000203852,1
ENSG00000204065,1
ENSG00000204116,1
ENSG00000204131,1
ENSG00000204138,1
ENSG00000204262,1
ENSG00000204314,1
ENSG00000204347,1
ENSG00000204410,1
ENSG00000204469,1
ENSG00000204580,1
ENSG00000204592,1
ENSG00000204713,1
ENSG00000204843,1
ENSG00000204851,1
ENSG00000205090,1
ENSG00000205208,1
ENSG00000205279,1
ENSG00000205309,1
ENSG00000205336,1
ENSG00000205358,1
ENSG00000205413,1
ENSG00000205581,1
ENSG00000205592,1
ENSG00000205593,1
ENSG00000205683,1
ENSG00000205710,1
ENSG00000205795,1
ENSG00000205927,1
ENSG00000205929,1
ENSG00000206052,1
ENSG00000206053,1
ENSG00000206505,1
ENSG00000206527,1
ENSG00000213023,1
ENSG00000213347,1
ENSG00000213398,1
ENSG00000213420,1
ENSG00000213424,1
ENSG00000213619,1
ENSG00000213719,1
ENSG00000213799,1
ENSG00000213977,1
ENSG00000214128,1
ENSG00000214194,1
ENSG00000214216,1
ENSG00000214595,1
ENSG00000214654,1
ENSG00000214842,1
ENSG00000215077,1
ENSG00000215218,1
ENSG00000215251,1
ENSG00000215784,1
ENSG00000215788,1
ENSG00000216937,1
ENSG00000220205,1
ENSG00000221823,1
ENSG00000221937,1
ENSG00000223572,1
ENSG00000223752,1
ENSG00000223953,1
ENSG00000224501,1
ENSG00000224740,1
ENSG00000228474,1
ENSG00000228727,1
ENSG00000229006,1
ENSG00000229474,1
ENSG00000229496,1
ENSG00000231555,1
ENSG00000231631,1
ENSG00000232859,1
ENSG00000233076,1
ENSG00000233641,1
ENSG00000233904,1
ENSG00000234465,1
ENSG00000234906,1
ENSG00000235631,1
ENSG00000235711,1
ENSG00000235961,1
ENSG00000236271,1
ENSG00000236884,1
ENSG00000237071,1
ENSG00000237172,1
ENSG00000237649,1
ENSG00000237724,1
ENSG00000239713,1
ENSG00000240184,1
ENSG00000240445,1
ENSG00000241973,1
ENSG00000242173,1
ENSG00000242866,1
ENSG00000244509,1
ENSG00000246705,1
ENSG00000248496,1
ENSG00000248905,1
ENSG00000249242,1
ENSG00000249751,1
ENSG00000250067,1
ENSG00000250366,1
ENSG00000250510,1
ENSG00000251322,1
ENSG00000251493,1
ENSG00000253767,1
ENSG00000253846,1
ENSG00000253910,1
ENSG00000253953,1
ENSG00000254726,1
ENSG00000256463,1
ENSG00000257315,1
ENSG00000258644,1
ENSG00000258659,1
ENSG00000258674,1
ENSG00000258677,1
ENSG00000258986,1
ENSG00000259024,1
ENSG00000259164,1
ENSG00000259571,1
ENSG00000259823,1
ENSG00000260916,1
ENSG00000261739,1
ENSG00000262209,1
ENSG00000263620,1
ENSG00000263874,1
ENSG00000265972,1
ENSG00000267221,1
ENSG00000267673,1
ENSG00000267909,1
ENSG00000268089,1
ENSG00000268182,1
ENSG00000269955,1
ENSG00000270882,1
ENSG00000271425,1
ENSG00000272031,1
ENSG00000272398,1
ENSG00000272674,1
ENSG00000272772,1
ENSG00000273173,1
ENSG00000273238,1
ENSG00000273564,1
ENSG00000273645,1
ENSG00000273703,1
ENSG00000273820,1
ENSG00000273983,1
ENSG00000274290,1
ENSG00000274618,1
ENSG00000274641,1
ENSG00000274750,1
ENSG00000274843,1
ENSG00000274997,1
ENSG00000275035,1
ENSG00000275126,1
ENSG00000275221,1
ENSG00000275379,1
ENSG00000275713,1
ENSG00000276043,1
ENSG00000276256,1
ENSG00000276368,1
ENSG00000276410,1
ENSG00000276725,1
ENSG00000276761,1
ENSG00000276879,1
ENSG00000276903,1
ENSG00000276914,1
ENSG00000277015,1
ENSG00000277140,1
ENSG00000277200,1
ENSG00000277224,1
ENSG00000277443,1
ENSG00000277445,1
ENSG00000277531,1
ENSG00000277775,1
ENSG00000277956,1
ENSG00000278195,1
ENSG00000278463,1
ENSG00000278545,1
ENSG00000278550,1
ENSG00000278588,1
ENSG00000278637,1
ENSG00000278677,1
ENSG00000278705,1
ENSG00000280987,1
ENSG00000281289,1
ENSG00000281758,1
ENSG00000282318,1
ENSG00000282725,1
ENSG00000282936,1
