Gene_ID,log2FC,P.Value,FDR,Gene_Symbol,Gene_Description,Significance
ENSG00000003147,-1.59388739735076,1.26219905741453e-07,1.43635416331397e-05,ICA1,islet cell autoantigen 1,Down
ENSG00000004660,-1.29883516842933,1.48974498073246e-06,0.000106616197533801,CAMKK1,calcium/calmodulin dependent protein kinase kinase 1,Down
ENSG00000005379,-1.18136105493401,3.21718868077212e-05,0.00119792966760515,TSPOAP1,TSPO associated protein 1,Down
ENSG00000005810,-1.49970076682487,6.5050066856111e-13,7.32030085687436e-10,MYCBP2,MYC binding protein 2,Down
ENSG00000006071,-1.80239234027316,5.66879921284808e-06,0.000310343775285002,ABCC8,ATP binding cassette subfamily C member 8,Down
ENSG00000006327,3.2887215687056,7.04634970249676e-06,0.000367863040138594,TNFRSF12A,TNF receptor superfamily member 12A,Up
ENSG00000006534,1.23913970957524,0.00178274241034512,0.0226829335828836,ALDH3B1,aldehyde dehydrogenase 3 family member B1,Up
ENSG00000008300,-1.23919216718688,0.00208263951909924,0.0252571621423748,CELSR3,cadherin EGF LAG seven-pass G-type receptor 3,Down
ENSG00000008517,1.49537950007215,0.00383008906484218,0.0387137146194826,IL32,interleukin 32,Up
ENSG00000011028,3.24690660757765,3.96908297071515e-09,9.5711600779531e-07,MRC2,mannose receptor C type 2,Up
ENSG00000011304,1.38384900162766,0.000242185124880902,0.00537905908946003,PTBP1,polypyrimidine tract binding protein 1,Up
ENSG00000012223,4.06500775493476,0.000527539388944241,0.00941530475042984,LTF,lactotransferrin,Up
ENSG00000013364,1.61317082434761,8.38951115665685e-05,0.00238676879198372,MVP,major vault protein,Up
ENSG00000013573,2.28502186039197,1.72559475686101e-06,0.000118086646604651,DDX11,DEAD/H-box helicase 11,Up
ENSG00000018236,-1.86354843165323,0.00112459034450055,0.0163647284613528,CNTN1,contactin 1,Down
ENSG00000018408,2.36615512945861,5.5121307007034e-05,0.00176109967623735,WWTR1,WW domain containing transcription regulator 1,Up
ENSG00000020129,-1.22683665192852,1.6712033983934e-06,0.000115924650570926,NCDN,neurochondrin,Down
ENSG00000022267,-1.22846737340863,0.00389358422701749,0.0392380308967494,FHL1,four and a half LIM domains 1,Down
ENSG00000022567,-1.62681462851976,0.00523095796319907,0.0490547613437779,SLC45A4,solute carrier family 45 member 4,Down
ENSG00000023171,-1.59183157566654,2.37582036851513e-05,0.000947334987886663,GRAMD1B,GRAM domain containing 1B,Down
ENSG00000023228,-1.00229311956942,0.000111031926733057,0.00296710119776359,NDUFS1,NADH:ubiquinone oxidoreductase core subunit S1,Down
ENSG00000026025,2.33650198632431,4.06948594636097e-08,6.24481116132484e-06,VIM,vimentin,Up
ENSG00000026950,1.75160838633095,4.05338078938372e-06,0.000235934716292404,BTN3A1,butyrophilin subfamily 3 member A1,Up
ENSG00000031081,1.13957822693899,0.00319268680028518,0.0341092108789961,ARHGAP31,Rho GTPase activating protein 31,Up
ENSG00000033627,-1.00041753799043,0.000105772298821682,0.00287973613566128,ATP6V0A1,ATPase H+ transporting V0 subunit a1,Down
ENSG00000036530,-1.90436091635495,1.15091302810879e-05,0.000557397431297107,CYP46A1,cytochrome P450 family 46 subfamily A member 1,Down
ENSG00000040341,-1.22323941802197,2.68299662075463e-11,1.81155931833353e-08,STAU2,staufen double-stranded RNA binding protein 2,Down
ENSG00000040531,1.05147292663267,0.00250341423540074,0.0288739583836254,CTNS,"cystinosin, lysosomal cystine transporter",Up
ENSG00000041982,4.73272583346946,0.000931016360843927,0.014286869246405,TNC,tenascin C,Up
ENSG00000042493,1.48803043120956,0.00253275064262346,0.029083558399649,CAPG,"capping actin protein, gelsolin like",Up
ENSG00000043591,-1.59040880271502,0.00251307858190229,0.0289232498608027,ADRB1,adrenoceptor beta 1,Down
ENSG00000047056,-1.0520249759,0.000284854789805775,0.00601043606490185,WDR37,WD repeat domain 37,Down
ENSG00000048540,-1.8062680652499,0.00224084465241197,0.0266689478726539,LMO3,LIM domain only 3,Down
ENSG00000048991,-1.68580981671361,4.34939209448937e-09,1.02443356123229e-06,R3HDM1,R3H domain containing 1,Down
ENSG00000049541,1.12584641024681,6.28661367206566e-05,0.00192358982690879,RFC2,replication factor C subunit 2,Up
ENSG00000050405,2.01802372293861,4.1802359800624e-07,3.64977844879931e-05,LIMA1,LIM domain and actin binding 1,Up
ENSG00000050748,-1.1787338726871,7.91175718543418e-08,1.05434574702733e-05,MAPK9,mitogen-activated protein kinase 9,Down
ENSG00000051128,1.02254427489761,0.000541583534173229,0.00960623123311114,HOMER3,homer scaffold protein 3,Up
ENSG00000051523,1.40386359461172,0.00385226048920172,0.0388989972429063,CYBA,cytochrome b-245 alpha chain,Up
ENSG00000054277,-1.45719686442446,0.00447483001142239,0.043661925198156,OPN3,opsin 3,Down
ENSG00000054803,-3.56698779676658,1.45709297946717e-07,1.62169645011467e-05,CBLN4,cerebellin 4 precursor,Down
ENSG00000054967,1.24950773620874,0.000727570985612643,0.0118852241004594,RELT,RELT TNF receptor,Up
ENSG00000058404,-1.98653680040988,0.00058469727812661,0.0101924510032122,CAMK2B,calcium/calmodulin dependent protein kinase II beta,Down
ENSG00000058866,1.14902313647218,0.000796838835724516,0.0127695945066739,DGKG,diacylglycerol kinase gamma,Up
ENSG00000059804,1.41297039875121,0.00287174614500418,0.0316485799310145,SLC2A3,solute carrier family 2 member 3,Up
ENSG00000061918,-1.83789995042594,0.00204691761148623,0.0251287049322819,GUCY1B1,guanylate cyclase 1 soluble subunit beta 1,Down
ENSG00000063854,-1.18571979747457,2.96978628001901e-07,2.81102761159183e-05,HAGH,hydroxyacylglutathione hydrolase,Down
ENSG00000064692,1.30641235883286,0.0026157612227723,0.02966677454002,SNCAIP,synuclein alpha interacting protein,Up
ENSG00000065154,-1.09394689324178,1.77393407104727e-07,1.89120044963861e-05,OAT,ornithine aminotransferase,Down
ENSG00000065320,1.82891435855754,1.52452868668565e-05,0.000662679250590226,NTN1,netrin 1,Up
ENSG00000065559,-1.31544821869705,4.02201006955298e-17,2.03674589922163e-13,MAP2K4,mitogen-activated protein kinase kinase 4,Down
ENSG00000065911,1.67637645759562,0.00486060525461038,0.0463106397165512,MTHFD2,"methylenetetrahydrofolate dehydrogenase (NADP+ dependent) 2, methenyltetrahydrofolate cyclohydrolase",Up
ENSG00000067182,1.17046785067176,0.00449804364352862,0.0437619462263764,TNFRSF1A,TNF receptor superfamily member 1A,Up
ENSG00000067191,-1.08748677822099,0.00029261579572936,0.00611054181267414,CACNB1,calcium voltage-gated channel auxiliary subunit beta 1,Down
ENSG00000067840,-1.29558578859135,0.00400844372826228,0.04023539948448,PDZD4,PDZ domain containing 4,Down
ENSG00000068383,-1.02630081705642,0.00444000800765455,0.0434057925690399,INPP5A,inositol polyphosphate-5-phosphatase A,Down
ENSG00000068400,-1.62256635427296,0.000115597595691992,0.00304888658637629,GRIPAP1,GRIP1 associated protein 1,Down
ENSG00000068831,-1.43133800045581,0.00147580701770829,0.0196568942208389,RASGRP2,RAS guanyl releasing protein 2,Down
ENSG00000069424,-1.73601918818388,0.0002366721750996,0.00526816657012912,KCNAB2,potassium voltage-gated channel subfamily A regulatory beta subunit 2,Down
ENSG00000069966,-1.34158977456989,0.00038794765936852,0.00755602671939302,GNB5,G protein subunit beta 5,Down
ENSG00000070182,-1.84835814855665,0.00171302069050879,0.022017098418113,SPTB,"spectrin beta, erythrocytic",Down
ENSG00000070961,-2.14258296515698,2.83662415715944e-08,4.78822157728514e-06,ATP2B1,ATPase plasma membrane Ca2+ transporting 1,Down
ENSG00000071246,1.00549946092156,0.00255882191362858,0.0292173036541491,VASH1,vasohibin 1,Up
ENSG00000071539,1.72452623497612,0.000234420742629326,0.00522954467257668,TRIP13,thyroid hormone receptor interactor 13,Up
ENSG00000071575,1.86834421133298,0.00221201054534567,0.0264813744719397,TRIB2,tribbles pseudokinase 2,Up
ENSG00000074527,-1.92506157842095,0.000451287954233299,0.00835583985461582,NTN4,netrin 4,Down
ENSG00000074590,-1.65137168541283,0.000288347148205153,0.00604941382540797,NUAK1,NUAK family kinase 1,Down
ENSG00000074706,-3.03505477671975,0.00117211269119255,0.0168246618824723,IPCEF1,interaction protein for cytohesin exchange factors 1,Down
ENSG00000075420,1.13893286122982,0.00299607876779619,0.0324885286512204,FNDC3B,fibronectin type III domain containing 3B,Up
ENSG00000075461,2.24102943357914,0.00134612284589298,0.0185238209010925,CACNG4,calcium voltage-gated channel auxiliary subunit gamma 4,Up
ENSG00000075618,1.33463437156524,0.00105399479819981,0.015698322523776,FSCN1,fascin actin-bundling protein 1,Up
ENSG00000075945,-1.04337152574217,4.10012594566827e-07,3.6109630937155e-05,KIFAP3,kinesin associated protein 3,Down
ENSG00000076604,1.60189840936492,0.000419975733286892,0.00793097324064719,TRAF4,TNF receptor associated factor 4,Up
ENSG00000078725,-2.6112840213928,0.00528347905231776,0.0494100423286004,BRINP1,BMP/retinoic acid inducible neural specific 1,Down
ENSG00000079308,1.49354235692764,2.37283463859465e-14,4.80641384393732e-11,TNS1,tensin 1,Up
ENSG00000080224,-2.56368193969604,8.50143225791341e-09,1.87179360669885e-06,EPHA6,EPH receptor A6,Down
ENSG00000081803,-1.86102746167735,0.000514257037599438,0.00923114513072092,CADPS2,calcium dependent secretion activator 2,Down
ENSG00000082397,-1.46849743011561,0.000951474557098,0.0145215943851815,EPB41L3,erythrocyte membrane protein band 4.1 like 3,Down
ENSG00000084444,-1.52684198175583,1.12150505463561e-08,2.22717709673519e-06,FAM234B,family with sequence similarity 234 member B,Down
ENSG00000084731,-1.21553786703724,3.24051924080521e-06,0.000198908962853789,KIF3C,kinesin family member 3C,Down
ENSG00000085117,1.34143659017177,0.000832087168113474,0.0131883862889722,CD82,CD82 molecule,Up
ENSG00000086015,1.17713617940066,1.95988519564426e-05,0.00081351300251988,MAST2,microtubule associated serine/threonine kinase 2,Up
ENSG00000086300,-1.53949352414277,0.00206780217571138,0.025179295318779,SNX10,sorting nexin 10,Down
ENSG00000087088,1.06601358327761,0.00382442152353248,0.0386950461441928,BAX,"BCL2 associated X, apoptosis regulator",Up
ENSG00000087095,-1.89855567688259,2.13263427403098e-07,2.15993199273858e-05,NLK,nemo like kinase,Down
ENSG00000087245,3.24482493595966,6.83713044951943e-06,0.000358789933641103,MMP2,matrix metallopeptidase 2,Up
ENSG00000087258,-1.19992932667834,0.0014662622742179,0.019589419617235,GNAO1,G protein subunit alpha o1,Down
ENSG00000088367,-1.42948502827955,0.000243524629377914,0.00539697471846721,EPB41L1,erythrocyte membrane protein band 4.1 like 1,Down
ENSG00000089169,-1.98885570881687,0.00368608197786268,0.0378334329532786,RPH3A,rabphilin 3A,Down
ENSG00000089558,-3.41420240556628,3.75689911691413e-07,3.39731020143806e-05,KCNH4,potassium voltage-gated channel subfamily H member 4,Down
ENSG00000089685,1.83705095689305,0.00279654319024319,0.0310223323447788,BIRC5,baculoviral IAP repeat containing 5,Up
ENSG00000089818,-1.18986466752753,0.00202728193193441,0.0250089054891982,NECAP1,NECAP endocytosis associated 1,Down
ENSG00000089847,-2.01750877202431,0.000144070768000692,0.00361000795648989,ANKRD24,ankyrin repeat domain 24,Down
ENSG00000090924,1.15760017262252,0.00464790995113124,0.0447897545052875,PLEKHG2,pleckstrin homology and RhoGEF domain containing G2,Up
ENSG00000090932,3.43278313317087,0.000618327396059875,0.0105250754072175,DLL3,delta like canonical Notch ligand 3,Up
ENSG00000091622,-1.3762725257399,2.15839866564299e-10,8.74410467425288e-08,PITPNM3,PITPNM family member 3,Down
ENSG00000091972,-1.29949965363601,1.55195518115301e-10,7.25068682809288e-08,CD200,CD200 molecule,Down
ENSG00000091986,2.46619768563881,0.000424111316476748,0.00796920113780427,CCDC80,coiled-coil domain containing 80,Up
ENSG00000095970,1.62973427674253,0.00313488942354021,0.0335974997727056,TREM2,triggering receptor expressed on myeloid cells 2,Up
ENSG00000099139,2.08963700094347,1.99072427714734e-05,0.000819595751176759,PCSK5,proprotein convertase subtilisin/kexin type 5,Up
ENSG00000099203,1.07389091636333,0.000228408821730297,0.00514072121440989,TMED1,transmembrane p24 trafficking protein 1,Up
ENSG00000099331,1.09613897187248,8.17137427837195e-05,0.00233784403082913,MYO9B,myosin IXB,Up
ENSG00000099364,-1.15379198046085,0.000125485246546011,0.00326713258873522,FBXL19,F-box and leucine rich repeat protein 19,Down
ENSG00000099365,-1.70945210130303,2.70269407567482e-05,0.00104476662589445,STX1B,syntaxin 1B,Down
ENSG00000100097,1.23994422870619,0.000895799330762684,0.0138302677164092,LGALS1,galectin 1,Up
ENSG00000100441,1.11972186730098,0.000227207253828497,0.00512506696386418,KHNYN,KH and NYN domain containing,Up
ENSG00000100504,1.69884834266243,0.000411137130678284,0.00779774692792071,PYGL,glycogen phosphorylase L,Up
ENSG00000100744,-1.39731008355391,1.27618997079672e-05,0.000590194156357497,GSKIP,GSK3B interacting protein,Down
ENSG00000101079,-1.06999511885038,0.00148086594495459,0.0196568942208389,NDRG3,NDRG family member 3,Down
ENSG00000101104,1.66936808779521,2.90168006664041e-05,0.00110898927226166,PABPC1L,poly(A) binding protein cytoplasmic 1 like,Up
ENSG00000101198,2.13160193511493,0.000438849262355231,0.00817034067855474,NKAIN4,sodium/potassium transporting ATPase interacting 4,Up
ENSG00000101333,-1.86163476692281,0.00335250045694065,0.0351200507775302,PLCB4,phospholipase C beta 4,Down
ENSG00000101346,1.26627166569014,4.64788255443248e-05,0.00155358925779842,POFUT1,protein O-fucosyltransferase 1,Up
ENSG00000101384,1.54200622686075,2.33276212999971e-05,0.000937548208437979,JAG1,jagged canonical Notch ligand 1,Up
ENSG00000101670,1.38025285416255,0.000497273126858305,0.00900578634683822,LIPG,"lipase G, endothelial type",Up
ENSG00000101745,-1.01722041859327,2.77063531888975e-05,0.00106291645870134,ANKRD12,ankyrin repeat domain 12,Down
ENSG00000102003,-1.94267940639163,0.00058770718347256,0.0102273167598111,SYP,synaptophysin,Down
ENSG00000102317,1.02945497788199,5.93189122075378e-07,5.00651619031619e-05,RBM3,RNA binding motif protein 3,Up
ENSG00000102466,-1.16798550369275,0.00193584164196752,0.024175344204497,FGF14,fibroblast growth factor 14,Down
ENSG00000102547,-1.45903573538165,0.00117280917150725,0.0168246618824723,CAB39L,calcium binding protein 39 like,Down
ENSG00000102981,-1.32786313217333,0.00116528311890768,0.0168246618824723,PARD6A,par-6 family cell polarity regulator alpha,Down
ENSG00000103021,-1.02914955810914,0.000263038988924212,0.00569243350389833,CCDC113,coiled-coil domain containing 113 [Source:HGNC Symbol;Acc:HGNC:25002],Down
ENSG00000103034,-1.17048408519772,3.45332549366076e-06,0.000205736944704683,NDRG4,NDRG family member 4,Down
ENSG00000103154,-2.27697004200072,0.000183572035631588,0.00433384050554015,NECAB2,N-terminal EF-hand calcium binding protein 2,Down
ENSG00000103187,1.02483082612697,1.80652767028561e-05,0.000765544445382957,COTL1,coactosin like F-actin binding protein 1,Up
ENSG00000103202,1.01359317750594,0.00165683198167401,0.0215963890738666,NME4,NME/NM23 nucleoside diphosphate kinase 4,Up
ENSG00000103260,1.1207895793076,0.00465848679792286,0.0448490059784817,METRN,"meteorin, glial cell differentiation regulator",Up
ENSG00000103335,1.15062888098026,0.000936291039733268,0.0143460751140976,PIEZO1,piezo type mechanosensitive ion channel component 1 (Er blood group),Up
ENSG00000103657,-1.04959175813545,2.01134453068901e-09,5.82025640194808e-07,HERC1,HECT and RLD domain containing E3 ubiquitin protein ligase family member 1,Down
ENSG00000104112,-1.05666979880274,1.49481635562793e-06,0.000106616197533801,SCG3,secretogranin III,Down
ENSG00000104327,-4.73475469425426,0.00217428821884507,0.0260605811603111,CALB1,calbindin 1,Down
ENSG00000104369,-1.71986616904263,0.000427632160006056,0.00801273632656584,JPH1,junctophilin 1,Down
ENSG00000104381,-1.40444119615717,0.00128933113988534,0.0180363892054678,GDAP1,ganglioside induced differentiation associated protein 1,Down
ENSG00000104419,1.5287110329332,3.20299842087784e-05,0.00119704678991331,NDRG1,N-myc downstream regulated 1,Up
ENSG00000104490,-1.97944275738034,0.00116974488790535,0.0168246618824723,NCALD,neurocalcin delta,Down
ENSG00000104723,-1.53380087555171,5.64481049738742e-05,0.00178101684478317,TUSC3,tumor suppressor candidate 3,Down
ENSG00000105255,-1.07358323884409,0.000267935637329312,0.00577372794653462,FSD1,fibronectin type III and SPRY domain containing 1,Down
ENSG00000105376,-1.39416915384624,3.5407821291443e-05,0.0012538825665725,ICAM5,intercellular adhesion molecule 5,Down
ENSG00000105613,-1.79549076003846,0.00269177773667521,0.0301908360100183,MAST1,microtubule associated serine/threonine kinase 1,Down
ENSG00000105649,-2.39497381035417,0.00138130939099425,0.0189308545493772,RAB3A,"RAB3A, member RAS oncogene family",Down
ENSG00000105662,-1.34443773100686,0.00357793963912873,0.0371284555994834,CRTC1,CREB regulated transcription coactivator 1,Down
ENSG00000105711,-1.97615852567129,1.85738451940865e-05,0.000777338446800447,SCN1B,sodium voltage-gated channel beta subunit 1,Down
ENSG00000105877,2.7076789262716,3.19156734674459e-05,0.00119704678991331,DNAH11,dynein axonemal heavy chain 11,Up
ENSG00000105926,-1.11734486200992,5.94786460497697e-05,0.00185353762212944,PALS2,"protein associated with LIN7 2, MAGUK p55 family member",Down
ENSG00000105939,1.35674573126,0.000177193370972032,0.00424945149330635,ZC3HAV1,"zinc finger CCCH-type containing, antiviral 1",Up
ENSG00000106003,2.74396013526964,2.01392538182846e-07,2.08133023134272e-05,LFNG,LFNG O-fucosylpeptide 3-beta-N-acetylglucosaminyltransferase,Up
ENSG00000106025,2.47309520524237,0.000675817011764661,0.0112834981653518,TSPAN12,tetraspanin 12,Up
ENSG00000106089,-1.44238429093824,0.00324768885241912,0.0344064777168419,STX1A,syntaxin 1A,Down
ENSG00000106546,1.15847247192142,0.00014702833903904,0.00365872977343341,AHR,aryl hydrocarbon receptor,Up
ENSG00000106638,1.05227128104666,0.00215039331939968,0.0259275994510476,TBL2,transducin beta like 2,Up
ENSG00000106686,-1.0295815769201,0.00178668939194515,0.0227046300647685,SPATA6L,spermatogenesis associated 6 like,Down
ENSG00000106688,-1.03880262822316,0.00282123821834591,0.0311937780299207,SLC1A1,solute carrier family 1 member 1,Down
ENSG00000107242,-3.92238656737795,0.00484567651316993,0.0462142100529678,PIP5K1B,phosphatidylinositol-4-phosphate 5-kinase type 1 beta,Down
ENSG00000107560,-1.29140649031692,8.30977662879466e-12,7.01345147470269e-09,RAB11FIP2,RAB11 family interacting protein 2,Down
ENSG00000107745,-1.04026891529828,0.00140589045851322,0.0191099279234743,MICU1,mitochondrial calcium uptake 1,Down
ENSG00000107758,-2.0529645955995,0.00365361117409104,0.0376437171629645,PPP3CB,protein phosphatase 3 catalytic subunit beta,Down
ENSG00000107954,-1.71405818625178,3.56178666362786e-07,3.24988966929937e-05,NEURL1,neuralized E3 ubiquitin protein ligase 1,Down
ENSG00000108061,-1.30243827530904,0.000138478466573517,0.00352389424486578,SHOC2,SHOC2 leucine rich repeat scaffold protein,Down
ENSG00000108309,-2.00388799037076,1.00998779577028e-06,7.80851633248962e-05,RUNDC3A,RUN domain containing 3A,Down
ENSG00000108352,-1.54289702995893,9.4607871495662e-08,1.18610740452361e-05,RAPGEFL1,Rap guanine nucleotide exchange factor like 1,Down
ENSG00000108395,-1.18215360095394,0.000892600306716181,0.0138103353417985,TRIM37,tripartite motif containing 37,Down
ENSG00000108406,1.10969431191359,5.35965035540842e-06,0.000296625895079653,DHX40,DEAH-box helicase 40,Up
ENSG00000108797,-1.37221958609099,3.04574978883671e-07,2.83003246434295e-05,CNTNAP1,contactin associated protein 1,Down
ENSG00000108924,-2.2658936900794,0.0018291528352776,0.0230705602935137,HLF,"HLF transcription factor, PAR bZIP family member",Down
ENSG00000108960,-1.30330831607284,0.00294587626282599,0.0321640348084011,MMD,monocyte to macrophage differentiation associated,Down
ENSG00000109099,1.42389662251136,0.00259821842664638,0.0295671418259264,PMP22,peripheral myelin protein 22,Up
ENSG00000109738,-1.39470542396264,0.000571859742612114,0.0100377737836664,GLRB,glycine receptor beta,Down
ENSG00000110013,-1.38209056458157,0.00417236369263218,0.0415513269213163,SIAE,sialic acid acetylesterase,Down
ENSG00000110427,-1.58188408073208,4.16814199730752e-06,0.000238502498015427,KIAA1549L,KIAA1549 like,Down
ENSG00000110446,1.39632435877038,0.00103966474444053,0.0155076944502116,SLC15A3,solute carrier family 15 member 3,Up
ENSG00000110693,1.24120213178756,7.13058932545774e-06,0.000368963841417036,SOX6,SRY-box transcription factor 6,Up
ENSG00000110719,1.44817882040616,0.00138986733916853,0.0189967292997286,TCIRG1,"T cell immune regulator 1, ATPase H+ transporting V0 subunit a3",Up
ENSG00000111110,-1.84987076810416,9.80755313362437e-05,0.00270656398194408,PPM1H,"protein phosphatase, Mg2+/Mn2+ dependent 1H",Down
ENSG00000111145,1.61885226721636,0.000975114315952653,0.0148065334212421,ELK3,ETS transcription factor ELK3,Up
ENSG00000111218,-1.74244720003198,0.000531009711454687,0.00945178621724617,PRMT8,protein arginine methyltransferase 8,Down
ENSG00000111328,1.12027936010659,1.44994668866791e-05,0.000641634594456036,CDK2AP1,cyclin dependent kinase 2 associated protein 1,Up
ENSG00000111665,1.85880411503598,0.000873966376549898,0.0135968225218086,CDCA3,cell division cycle associated 3,Up
ENSG00000111783,1.13059564318924,0.00330857595006223,0.0348329077154161,RFX4,regulatory factor X4,Up
ENSG00000111880,-1.13768302627289,0.00254156396727629,0.0291187328739528,RNGTT,RNA guanylyltransferase and 5'-phosphatase,Down
ENSG00000112183,-1.20962466326881,0.000644795006029215,0.0109023102188045,RBM24,RNA binding motif protein 24,Down
ENSG00000112578,1.53592933208808,0.00448296637114817,0.0436992140586994,BYSL,bystin like,Up
ENSG00000112715,3.984231941874,8.93746632050646e-09,1.91978081158054e-06,VEGFA,vascular endothelial growth factor A,Up
ENSG00000112902,1.56753768284461,3.24243477434959e-07,2.98539812678297e-05,SEMA5A,semaphorin 5A,Up
ENSG00000113083,3.15940710979236,0.000143656861266636,0.00361000795648989,LOX,lysyl oxidase,Up
ENSG00000113212,1.20482913433685,0.00177548697326768,0.022619034044346,PCDHB7,protocadherin beta 7,Up
ENSG00000113369,1.36132283081814,7.31892692076943e-05,0.00216111054966626,ARRDC3,arrestin domain containing 3,Up
ENSG00000113448,-1.06715737979179,3.86223688263051e-05,0.00133961421737266,PDE4D,phosphodiesterase 4D,Down
ENSG00000113657,1.08986757470418,0.00288144858106684,0.0317209904663532,DPYSL3,dihydropyrimidinase like 3,Up
ENSG00000113739,3.04161212648637,7.42834281537524e-05,0.00218070307345277,STC2,stanniocalcin 2,Up
ENSG00000114268,1.48376721960935,0.000110954898881521,0.00296710119776359,PFKFB4,"6-phosphofructo-2-kinase/fructose-2,6-biphosphatase 4",Up
ENSG00000114279,-1.57361601327824,2.26367289513219e-07,2.26994842395038e-05,FGF12,fibroblast growth factor 12,Down
ENSG00000114861,-1.72949203406053,3.70166206877458e-09,9.14400815428023e-07,FOXP1,forkhead box P1,Down
ENSG00000115310,-1.10260188486314,4.75545169256812e-06,0.000267573415235166,RTN4,reticulon 4,Down
ENSG00000115461,2.29967226238731,0.00148068839546921,0.0196568942208389,IGFBP5,insulin like growth factor binding protein 5,Up
ENSG00000116157,1.2918823190685,0.0010946307796568,0.0160672761396581,GPX7,glutathione peroxidase 7,Up
ENSG00000116212,1.14561149736469,0.00256543419964073,0.0292598170877943,LRRC42,leucine rich repeat containing 42,Up
ENSG00000116329,-1.11529711626244,0.000443398090679277,0.00822479095677604,OPRD1,opioid receptor delta 1,Down
ENSG00000116396,-1.60417230268083,2.84537258767904e-06,0.000177888478814897,KCNC4,potassium voltage-gated channel subfamily C member 4,Down
ENSG00000117009,-1.90142431557394,0.00514078698168138,0.0484121315596793,KMO,kynurenine 3-monooxygenase,Down
ENSG00000118257,1.45122643981681,0.000794411616250413,0.0127695945066739,NRP2,neuropilin 2,Up
ENSG00000118276,-1.3700967930933,0.00245437692705278,0.0284741460678013,B4GALT6,"beta-1,4-galactosyltransferase 6",Down
ENSG00000118894,1.13553952710441,0.003395079856298,0.0354854167023593,EEF2KMT,eukaryotic elongation factor 2 lysine methyltransferase,Up
ENSG00000119403,1.75713793569722,1.21788426352683e-07,1.40167407056815e-05,PHF19,PHD finger protein 19,Up
ENSG00000119408,1.59122678967914,0.000150560274846304,0.00371920600888626,NEK6,NIMA related kinase 6,Up
ENSG00000119782,-1.22064745192653,0.000859486616023178,0.0134648870811597,FKBP1B,FKBP prolyl isomerase 1B,Down
ENSG00000119801,-1.40129860469538,7.77558158203485e-07,6.30008722102792e-05,YPEL5,yippee like 5,Down
ENSG00000119865,-1.12028933707389,2.6487926148113e-05,0.00103180660010803,CNRIP1,cannabinoid receptor interacting protein 1,Down
ENSG00000119866,-1.75694741224285,0.000978248230108686,0.0148097131159055,BCL11A,BCL11 transcription factor A,Down
ENSG00000119986,-1.98116548877232,0.000433989902481845,0.00810968585301868,AVPI1,arginine vasopressin induced 1,Down
ENSG00000120049,-1.7031217972551,0.00372950624743276,0.038038710245719,KCNIP2,potassium voltage-gated channel interacting protein 2,Down
ENSG00000120251,-1.232775177166,0.00095204765716435,0.0145215943851815,GRIA2,glutamate ionotropic receptor AMPA type subunit 2,Down
ENSG00000120875,2.71549035125725,2.60197282607862e-05,0.00101748188349515,DUSP4,dual specificity phosphatase 4,Up
ENSG00000120899,-1.17738334494168,0.00266306335970507,0.0299350784762408,PTK2B,protein tyrosine kinase 2 beta,Down
ENSG00000121005,1.80509044405587,1.14494822761335e-08,2.23000685562846e-06,CRISPLD1,cysteine rich secretory protein LCCL domain containing 1,Up
ENSG00000121060,1.03143133020448,0.000893144712566947,0.0138103353417985,TRIM25,tripartite motif containing 25,Up
ENSG00000121068,1.90977858291992,7.14029550925544e-06,0.000368963841417036,TBX2,T-box transcription factor 2,Up
ENSG00000121769,-1.9061323009912,0.00263917409841308,0.0297988353051591,FABP3,fatty acid binding protein 3,Down
ENSG00000121871,-1.20736021859847,0.000704404749614887,0.011619236651628,SLITRK3,SLIT and NTRK like family member 3,Down
ENSG00000121964,-1.05296539440721,0.00415863305801958,0.0414553500114393,GTDC1,glycosyltransferase like domain containing 1,Down
ENSG00000122642,1.26815295703614,0.000699760547050092,0.011580351013927,FKBP9,FKBP prolyl isomerase 9,Up
ENSG00000122643,1.16579446149402,7.52960983532704e-05,0.00220404301769342,NT5C3A,"5'-nucleotidase, cytosolic IIIA",Up
ENSG00000122786,1.4691184134328,3.45177715585826e-05,0.00123970209342314,CALD1,caldesmon 1,Up
ENSG00000122873,-1.48993358449127,4.39669039000274e-08,6.57733182754992e-06,CISD1,CDGSH iron sulfur domain 1,Down
ENSG00000122912,-2.17507193793707,9.27379750806519e-06,0.000464975352285566,SLC25A16,solute carrier family 25 member 16,Down
ENSG00000123080,2.18977041449022,1.27422568854281e-06,9.48923365703057e-05,CDKN2C,cyclin dependent kinase inhibitor 2C,Up
ENSG00000123342,2.27176611658043,0.000487877170307243,0.00886542164441983,MMP19,matrix metallopeptidase 19,Up
ENSG00000123374,1.85051506791822,0.00212932355595616,0.0257348317120811,CDK2,cyclin dependent kinase 2,Up
ENSG00000123427,2.11589449931001,5.03540301531524e-05,0.00163456928651002,EEF1AKMT3,EEF1A lysine methyltransferase 3,Up
ENSG00000123610,2.2555364733834,0.000111547307828834,0.00297302929918534,TNFAIP6,TNF alpha induced protein 6,Up
ENSG00000123989,1.20718979894522,0.00139549136818727,0.0190418424999461,CHPF,chondroitin polymerizing factor,Up
ENSG00000124126,1.23321878501652,6.81319633593536e-06,0.000358789933641103,PREX1,"phosphatidylinositol-3,4,5-trisphosphate dependent Rac exchange factor 1",Up
ENSG00000124191,-2.0381862654796,0.000488438514769576,0.00886542164441983,TOX2,TOX high mobility group box family member 2,Down
ENSG00000124635,4.01966600556747,1.05645822899239e-08,2.13996178864699e-06,H2BC11,H2B clustered histone 11,Up
ENSG00000124782,1.09699450856447,0.000676252309080625,0.0112834981653518,RREB1,ras responsive element binding protein 1,Up
ENSG00000125148,2.02477023032998,7.91028577296029e-06,0.000406677026946913,MT2A,metallothionein 2A,Up
ENSG00000125398,1.49963342091524,0.00304624071549657,0.0328916055080483,SOX9,SRY-box transcription factor 9,Up
ENSG00000125458,1.77128736099479,8.03534451593188e-07,6.40802907538253e-05,NT5C,"5', 3'-nucleotidase, cytosolic",Up
ENSG00000125648,-1.20055049319393,0.000182981405815027,0.00432998990209017,SLC25A23,solute carrier family 25 member 23,Down
ENSG00000125844,1.02413354551088,0.0036140543060502,0.0373354038001241,RRBP1,ribosome binding protein 1,Up
ENSG00000125885,1.23291771953878,0.00453473242902921,0.0440342953415224,MCM8,minichromosome maintenance 8 homologous recombination repair factor,Up
ENSG00000126368,-1.25334342252278,0.00170010512729397,0.0219346047506157,NR1D1,nuclear receptor subfamily 1 group D member 1,Down
ENSG00000126391,1.14018623468688,0.000422716309949989,0.00795775239251578,FRMD8,FERM domain containing 8,Up
ENSG00000126733,-1.73418544449432,4.54727252383359e-08,6.67460523498357e-06,DACH2,dachshund family transcription factor 2,Down
ENSG00000127241,1.71290660483538,0.000869955113168386,0.0135848057669229,MASP1,MBL associated serine protease 1,Up
ENSG00000127824,-2.02712178480072,1.68255565105905e-06,0.000115924650570926,TUBA4A,tubulin alpha 4a,Down
ENSG00000127863,1.38792592621069,0.00327476088177528,0.0346208540820668,TNFRSF19,TNF receptor superfamily member 19,Up
ENSG00000128045,-1.6123768532332,0.00128605317146599,0.018015417040951,RASL11B,RAS like family 11 member B,Down
ENSG00000128228,1.20011232382539,0.00216189897261594,0.0260044094948388,SDF2L1,stromal cell derived factor 2 like 1,Up
ENSG00000128245,-1.45694156287123,8.20497366234225e-08,1.06538427246413e-05,YWHAH,tyrosine 3-monooxygenase/tryptophan 5-monooxygenase activation protein eta,Down
ENSG00000128602,1.74203947444835,0.00360131617149973,0.0372946116410524,SMO,"smoothened, frizzled class receptor",Up
ENSG00000128654,-1.02669637051204,0.0017028265316872,0.0219417647747175,MTX2,metaxin 2,Down
ENSG00000128791,1.03590579685372,0.00276671292743135,0.0307588018979415,TWSG1,twisted gastrulation BMP signaling modulator 1,Up
ENSG00000128872,-1.27332190005207,8.14480229925542e-08,1.06538427246413e-05,TMOD2,tropomodulin 2,Down
ENSG00000128881,-1.13634395482852,0.00132913495624388,0.0184151557275486,TTBK2,tau tubulin kinase 2,Down
ENSG00000129235,1.00440702776896,0.000409345355002201,0.00779774692792071,TXNDC17,thioredoxin domain containing 17,Up
ENSG00000129295,-2.00415427098026,8.79122121516972e-25,8.90374884672389e-21,DNAAF11,dynein axonemal assembly factor 11,Down
ENSG00000129355,-1.35112960943214,1.45077332277283e-05,0.000641634594456036,CDKN2D,cyclin dependent kinase inhibitor 2D,Down
ENSG00000129566,1.11713520173329,0.00142132164699438,0.0192448471133143,TEP1,telomerase associated protein 1,Up
ENSG00000129625,-1.05977411575924,1.0602251329931e-07,1.29373013818724e-05,REEP5,receptor accessory protein 5,Down
ENSG00000129990,-2.18723719152383,1.17652421587764e-07,1.40167407056815e-05,SYT5,synaptotagmin 5,Down
ENSG00000129993,-1.91381502039307,0.000365101342316871,0.0072500296910649,CBFA2T3,CBFA2/RUNX1 partner transcriptional co-repressor 3,Down
ENSG00000130203,1.14653239119949,0.00322785150284104,0.0342816213041555,APOE,apolipoprotein E,Up
ENSG00000130222,1.80445933043602,0.00529338676205101,0.0494570305590891,GADD45G,growth arrest and DNA damage inducible gamma,Up
ENSG00000130368,-1.94274713059236,3.68150166819896e-05,0.00129018162268232,MAS1,"MAS1 proto-oncogene, G protein-coupled receptor",Down
ENSG00000130508,1.98665158412826,0.000290086677441486,0.0060702435312549,PXDN,peroxidasin,Up
ENSG00000130822,-1.55072434525567,0.000278352256723001,0.00594175326782099,PNCK,pregnancy up-regulated nonubiquitous CaM kinase,Down
ENSG00000130827,1.12213078401417,0.000857128680741582,0.0134589136101562,PLXNA3,plexin A3,Up
ENSG00000130830,-1.00121686149003,0.00311704259436739,0.0334776324451251,MPP1,MAGUK p55 scaffold protein 1,Down
ENSG00000131089,-1.16953671746124,1.49746450088895e-05,0.000656550669480662,ARHGEF9,Cdc42 guanine nucleotide exchange factor 9,Down
ENSG00000131095,1.63415529731754,0.00211459041573621,0.0255873019481199,GFAP,glial fibrillary acidic protein,Up
ENSG00000131351,1.51587321655617,0.000303616479894219,0.00628840022161278,HAUS8,HAUS augmin like complex subunit 8,Up
ENSG00000131437,-1.38029505505766,1.77359546425752e-06,0.000120556878268458,KIF3A,kinesin family member 3A,Down
ENSG00000131470,1.44441134636106,0.00161608233752361,0.021284371800311,PSMC3IP,PSMC3 interacting protein,Up
ENSG00000131669,1.330066887991,0.00187342561268445,0.0235263703935206,NINJ1,ninjurin 1,Up
ENSG00000131759,1.06565278198191,0.00162890367291929,0.0213698658022365,RARA,retinoic acid receptor alpha,Up
ENSG00000131969,-1.52819831766524,0.00345817700937438,0.0359593601139053,ABHD12B,abhydrolase domain containing 12B,Down
ENSG00000132294,-1.28577637834857,1.93090397174982e-08,3.45631275273918e-06,EFR3A,EFR3 homolog A,Down
ENSG00000132432,3.17252768860932,3.02643511831394e-07,2.83003246434295e-05,SEC61G,SEC61 translocon subunit gamma,Up
ENSG00000132478,1.09584246649961,1.06904293636647e-06,8.14080215001474e-05,UNK,unk zinc finger,Up
ENSG00000132530,1.78209569052816,0.000295186755682114,0.00615154621717788,XAF1,XIAP associated factor 1,Up
ENSG00000132561,1.09416605269402,0.000383432541415979,0.00749692042366995,MATN2,matrilin 2,Up
ENSG00000132692,1.99649475869517,0.00165591248444946,0.0215963890738666,BCAN,brevican,Up
ENSG00000132879,-1.17223456853263,0.00513324551631749,0.0484121315596793,FBXO44,F-box protein 44,Down
ENSG00000133392,-2.17575628399849,0.00361631428988169,0.0373354038001241,MYH11,myosin heavy chain 11,Down
ENSG00000133740,1.14133380429049,0.0036869666592502,0.0378334329532786,E2F5,E2F transcription factor 5,Up
ENSG00000133985,-1.42316442661161,1.05703379092796e-11,8.23510633424491e-09,TTC9,tetratricopeptide repeat domain 9,Down
ENSG00000134121,-1.52113265261517,1.07553948805886e-07,1.2967933256024e-05,CHL1,cell adhesion molecule L1 like,Down
ENSG00000134504,-1.17168045448168,3.27034777517685e-05,0.00120205986430446,KCTD1,potassium channel tetramerization domain containing 1,Down
ENSG00000134531,2.06395047917208,0.00375364718233178,0.0382079785554334,EMP1,epithelial membrane protein 1,Up
ENSG00000134668,3.95323419151218,3.11901779591444e-09,8.00295512779699e-07,SPOCD1,SPOC domain containing 1,Up
ENSG00000135002,-1.05676056212131,0.00055806794006298,0.00982976016862237,RFK,riboflavin kinase,Down
ENSG00000135018,-1.00812342223734,1.43407707150998e-08,2.68969121856538e-06,UBQLN1,ubiquilin 1,Down
ENSG00000135046,2.18364882874574,0.00108684554077157,0.016022666138187,ANXA1,annexin A1,Up
ENSG00000135407,1.62121493855861,0.00298605952636692,0.032449367900262,AVIL,advillin,Up
ENSG00000135446,1.80556435190259,0.000233293075088062,0.00521649788269476,CDK4,cyclin dependent kinase 4,Up
ENSG00000135451,2.52248460167388,0.00271208303858083,0.0303513558173996,TROAP,trophinin associated protein,Up
ENSG00000135472,-1.57332477989399,0.00121821125660169,0.0172801731188542,FAIM2,Fas apoptotic inhibitory molecule 2,Down
ENSG00000135547,1.36127401891812,0.000154658209785164,0.00380188919588384,HEY2,hes related family bHLH transcription factor with YRPW motif 2,Up
ENSG00000135862,1.97353628139373,0.0053624614951013,0.0499182077411636,LAMC1,laminin subunit gamma 1,Up
ENSG00000136237,-1.15461767905089,1.88334199630202e-06,0.000127163251590312,RAPGEF5,Rap guanine nucleotide exchange factor 5,Down
ENSG00000136267,-2.52010208802123,0.000275479755780526,0.00590205949287841,DGKB,diacylglycerol kinase beta,Down
ENSG00000136518,1.72332921392191,5.20762767385993e-08,7.22504836724019e-06,ACTL6A,actin like 6A,Up
ENSG00000136643,-1.15394019763509,2.48314072110201e-07,2.44167468187584e-05,RPS6KC1,ribosomal protein S6 kinase C1,Down
ENSG00000136830,1.45622291348488,0.000275639231845526,0.00590205949287841,NIBAN2,niban apoptosis regulator 2,Up
ENSG00000136895,-1.25161431970135,1.61021575435304e-06,0.000113251841389497,GARNL3,GTPase activating Rap/RanGAP domain like 3,Down
ENSG00000136938,1.16951638750894,0.000193003143816781,0.0045353499781354,ANP32B,acidic nuclear phosphoprotein 32 family member B,Up
ENSG00000136997,2.3321940013985,0.000308484492369475,0.00635089235267657,MYC,"MYC proto-oncogene, bHLH transcription factor",Up
ENSG00000137218,-1.45367922544551,0.00102863399126513,0.0153884860613489,FRS3,fibroblast growth factor receptor substrate 3,Down
ENSG00000137494,-1.55141401510166,9.69764140666394e-10,3.16831329569975e-07,ANKRD42,ankyrin repeat domain 42,Down
ENSG00000137642,-1.02278637022971,0.00156489955865604,0.0206910555869121,SORL1,sortilin related receptor 1,Down
ENSG00000138101,-1.128499838432,1.26140719606305e-05,0.000587262841729269,DTNB,dystrobrevin beta,Down
ENSG00000138190,-1.46625173037063,2.7146352531027e-05,0.00104539261762069,EXOC6,exocyst complex component 6,Down
ENSG00000138279,-1.20093396255497,0.00291996715467997,0.0320058737474012,ANXA7,annexin A7,Down
ENSG00000138400,-1.00784764946765,0.00243653766816569,0.0282996026412639,MDH1B,malate dehydrogenase 1B,Down
ENSG00000138641,-1.13622085362509,0.00167120068771821,0.0216937634281574,HERC3,HECT and RLD domain containing E3 ubiquitin protein ligase 3,Down
ENSG00000138814,-1.5244485585582,1.56214708836671e-07,1.70122857107291e-05,PPP3CA,protein phosphatase 3 catalytic subunit alpha,Down
ENSG00000138829,4.16171318578725,2.61956071311075e-06,0.00016581819313991,FBN2,fibrillin 2,Up
ENSG00000139112,-1.41528750994857,1.20974314928093e-06,9.07576193771649e-05,GABARAPL1,GABA type A receptor associated protein like 1,Down
ENSG00000139182,-1.53265751840026,4.58725310314609e-05,0.0015435116089257,CLSTN3,calsyntenin 3,Down
ENSG00000139508,-3.32843344202133,3.97504998398949e-06,0.000234065733940963,SLC46A3,solute carrier family 46 member 3,Down
ENSG00000139722,1.04977338314364,0.000830781305983179,0.0131883276912189,VPS37B,VPS37B subunit of ESCRT-I,Up
ENSG00000139734,2.55554038257587,2.22689040703744e-05,0.000898605144286354,DIAPH3,diaphanous related formin 3,Up
ENSG00000139832,1.87633601466363,6.90191652977564e-05,0.00206812457436591,RAB20,"RAB20, member RAS oncogene family",Up
ENSG00000139970,-1.71802236924046,7.65941498264528e-05,0.0022291538777078,RTN1,reticulon 1,Down
ENSG00000140323,-1.17568171948289,0.00170842668441751,0.0219859535702421,DISP2,dispatched RND transporter family member 2,Down
ENSG00000140403,-1.2276767646471,3.51159759256564e-05,0.0012534080027182,DNAJA4,DnaJ heat shock protein family (Hsp40) member A4,Down
ENSG00000140682,1.75064305373754,0.000319993036437414,0.00654725146068309,TGFB1I1,transforming growth factor beta 1 induced transcript 1,Up
ENSG00000140853,2.07163063818352,0.000487144486331056,0.00886542164441983,NLRC5,NLR family CARD domain containing 5,Up
ENSG00000140931,2.33256583535188,0.00381571616988622,0.03869114455007,CMTM3,CKLF like MARVEL transmembrane domain containing 3,Up
ENSG00000140988,1.17161887231574,1.65431848722917e-06,0.000115551294059704,RPS2,ribosomal protein S2,Up
ENSG00000141384,-1.08896273235333,0.00088994173359096,0.0138029554024644,TAF4B,TATA-box binding protein associated factor 4b,Down
ENSG00000141404,-2.16127180093796,5.28526559948437e-14,7.6470242845111e-11,GNAL,G protein subunit alpha L,Down
ENSG00000141447,-1.3382467447394,0.00322894425380352,0.0342816213041555,OSBPL1A,oxysterol binding protein like 1A,Down
ENSG00000141510,1.79657269344743,2.69481566284744e-05,0.00104476662589445,TP53,tumor protein p53,Up
ENSG00000141756,1.8064585430572,8.99639807006385e-07,7.11839997293802e-05,FKBP10,FKBP prolyl isomerase 10,Up
ENSG00000142227,2.60498548946967,0.000301883945976838,0.00626532910830618,EMP3,epithelial membrane protein 3 (MAM blood group),Up
ENSG00000142609,-1.06285608185521,0.00108398859858514,0.0160038433330471,CFAP74,cilia and flagella associated protein 74,Down
ENSG00000142657,1.03026111278541,0.00180206348229864,0.0228713019407527,PGD,phosphogluconate dehydrogenase,Up
ENSG00000142686,-1.07563697929145,0.000229386674011877,0.00515128211616916,C1orf216,chromosome 1 open reading frame 216,Down
ENSG00000142875,-1.35990657419623,1.02714555492355e-08,2.12304697556443e-06,PRKACB,protein kinase cAMP-activated catalytic subunit beta,Down
ENSG00000143570,1.16102519612076,0.000264639983984932,0.00571486941961491,SLC39A1,solute carrier family 39 member 1,Up
ENSG00000143933,-1.14701705156597,1.38880970795251e-05,0.000630756265566952,CALM2,calmodulin 2,Down
ENSG00000144057,-2.28113501349333,0.00181125884155672,0.0229019095471741,ST6GAL2,"ST6 beta-galactoside alpha-2,6-sialyltransferase 2",Down
ENSG00000144191,2.31208133728216,1.01462086293327e-05,0.000501272199989666,CNGA3,cyclic nucleotide gated channel subunit alpha 3,Up
ENSG00000144579,1.2953501030999,1.5083581818255e-05,0.000658476364893477,CTDSP1,CTD small phosphatase 1,Up
ENSG00000144791,1.64291795090063,0.000452462548917522,0.008362300539118,LIMD1,LIM domain containing 1,Up
ENSG00000144834,-1.39983160735207,0.000102178759139795,0.00280421633685878,TAGLN3,transgelin 3,Down
ENSG00000144857,1.95556725645018,0.00148007324765855,0.0196568942208389,BOC,"BOC cell adhesion associated, oncogene regulated",Up
ENSG00000144959,-1.56346918731062,1.76001448155637e-07,1.89120044963861e-05,NCEH1,neutral cholesterol ester hydrolase 1,Down
ENSG00000145012,1.33385000223055,0.000224100883458804,0.00508899943423939,LPP,LIM domain containing preferred translocation partner in lipoma,Up
ENSG00000145147,-2.76406374880424,2.49988368280016e-05,0.000989016482007813,SLIT2,slit guidance ligand 2,Down
ENSG00000145242,-1.62747395685416,5.08983198852871e-05,0.00164695905366833,EPHA5,EPH receptor A5,Down
ENSG00000145428,-1.53921829423666,8.96384709645292e-05,0.00254302082332984,RNF175,ring finger protein 175,Down
ENSG00000145451,-2.71424471763295,5.82858376956377e-09,1.31181992040315e-06,GLRA3,glycine receptor alpha 3,Down
ENSG00000145526,-1.75085312564078,0.00263814000885221,0.0297988353051591,CDH18,cadherin 18,Down
ENSG00000145632,-1.37140421973984,0.000253551181131844,0.00558253557065938,PLK2,polo like kinase 2,Down
ENSG00000145743,-1.40806795524435,1.41519599886509e-10,7.16655253825282e-08,FBXL17,F-box and leucine rich repeat protein 17,Down
ENSG00000145990,-1.09542173445093,3.21536852068516e-08,5.25246006088698e-06,GFOD1,Gfo/Idh/MocA-like oxidoreductase domain containing 1,Down
ENSG00000146112,1.5408727378621,0.000278666350929598,0.00594175326782099,PPP1R18,protein phosphatase 1 regulatory subunit 18,Up
ENSG00000146151,-1.74566074794351,5.59213645517592e-05,0.00176991118806318,HMGCLL1,3-hydroxy-3-methylglutaryl-CoA lyase like 1,Down
ENSG00000146267,-1.29303114002369,1.68080370531603e-05,0.000715259660816838,FAXC,"failed axon connections homolog, metaxin like GST domain containing",Down
ENSG00000146670,1.29150103150638,0.00291616268494023,0.0319988035461264,CDCA5,cell division cycle associated 5,Up
ENSG00000146674,1.94521253107888,0.000284136414002377,0.00600779457414629,IGFBP3,insulin like growth factor binding protein 3,Up
ENSG00000146858,1.34450521784079,0.000473578511092949,0.00868913616005324,ZC3HAV1L,"zinc finger CCCH-type containing, antiviral 1 like",Up
ENSG00000146859,1.68679691479337,0.000513724496657188,0.00923114513072092,TMEM140,transmembrane protein 140,Up
ENSG00000146918,2.28011400843572,0.00109007842720232,0.016023678244855,NCAPG2,non-SMC condensin II complex subunit G2,Up
ENSG00000146966,1.4584641232728,0.000334650792442357,0.0068196040761694,DENND2A,DENN domain containing 2A,Up
ENSG00000147465,-1.70545899920717,0.000181113260759061,0.00430590400227176,STAR,steroidogenic acute regulatory protein,Down
ENSG00000147724,-1.36392903478726,8.75684936768818e-06,0.000441458573231026,FAM135B,family with sequence similarity 135 member B,Down
ENSG00000148082,-1.03564409291636,2.88783695754172e-08,4.79475618130861e-06,SHC3,SHC adaptor protein 3,Down
ENSG00000148690,-1.22900728046884,0.000166117440639441,0.00405406611758135,FRA10AC1,FRA10A associated CGG repeat 1,Down
ENSG00000148848,2.23849177463461,1.90422734635749e-05,0.000793663150778134,ADAM12,ADAM metallopeptidase domain 12,Up
ENSG00000148925,-1.72527800822112,3.53051469208799e-14,5.95950880024453e-11,BTBD10,BTB domain containing 10,Down
ENSG00000148926,4.89452169737263,1.83259654200249e-07,1.91345750282487e-05,ADM,adrenomedullin,Up
ENSG00000149257,2.32569012246288,6.05950132740908e-08,8.29332830324313e-06,SERPINH1,serpin family H member 1,Up
ENSG00000149269,-1.68913747574553,1.7948367368104e-11,1.29843617645827e-08,PAK1,p21 (RAC1) activated kinase 1,Down
ENSG00000149305,-2.19559447618832,9.93937582391062e-07,7.74353833419744e-05,HTR3B,5-hydroxytryptamine receptor 3B,Down
ENSG00000149313,-1.10504662556532,2.61736359291718e-06,0.00016581819313991,AASDHPPT,aminoadipate-semialdehyde dehydrogenase-phosphopantetheinyl transferase,Down
ENSG00000149926,-1.33149132437289,1.2845972627537e-06,9.49664312202151e-05,TLCD3B,TLC domain containing 3B,Down
ENSG00000149927,-1.37131385925674,0.00185230056583855,0.0233044722121899,DOC2A,double C2 domain alpha,Down
ENSG00000149948,2.066961939831,0.00345498399741047,0.0359593601139053,HMGA2,high mobility group AT-hook 2,Up
ENSG00000150394,-1.50115630159656,1.40290352261123e-05,0.000634115916941099,CDH8,cadherin 8,Down
ENSG00000150551,2.16655928454691,1.44356755869492e-06,0.00010443180167473,LYPD1,LY6/PLAUR domain containing 1,Up
ENSG00000150627,-1.885847884882,1.57499121463313e-10,7.25068682809288e-08,WDR17,WD repeat domain 17,Down
ENSG00000150893,1.45290338687009,0.00313815509330366,0.0335974997727056,FREM2,FRAS1 related extracellular matrix 2,Up
ENSG00000150995,-1.08365544673572,0.000103700740855695,0.00283094637031396,ITPR1,"inositol 1,4,5-trisphosphate receptor type 1",Down
ENSG00000151229,-1.2661572150261,4.835738951554e-05,0.0015974966160095,SLC2A13,solute carrier family 2 member 13,Down
ENSG00000151322,1.29768346466034,0.000203727616506803,0.00474334091949632,NPAS3,neuronal PAS domain protein 3,Up
ENSG00000151623,-1.63725137765182,2.04524853230594e-06,0.000135387432256174,NR3C2,nuclear receptor subfamily 3 group C member 2,Down
ENSG00000151690,-1.12467104506236,1.25488367662714e-05,0.000587262841729269,MFSD6,major facilitator superfamily domain containing 6,Down
ENSG00000151778,-1.31273753996509,5.22835400931895e-06,0.00029094928245265,SERP2,stress associated endoplasmic reticulum protein family member 2,Down
ENSG00000151917,-1.57587081276273,4.16745502539099e-06,0.000238502498015427,BEND6,BEN domain containing 6,Down
ENSG00000151948,-2.55868215377487,0.00363197834705789,0.0374589375753588,GLT1D1,glycosyltransferase 1 domain containing 1,Down
ENSG00000152413,-2.16212388377184,0.00226967981269165,0.0268230071679592,HOMER1,homer scaffold protein 1,Down
ENSG00000152503,-1.10419303374432,0.000258925431003706,0.00567618347447085,TRIM36,tripartite motif containing 36,Down
ENSG00000152518,1.64154432235909,5.02619615131539e-07,4.35088159149763e-05,ZFP36L2,ZFP36 ring finger protein like 2,Up
ENSG00000152782,-1.64885365065492,0.000399364284455537,0.00766053309273803,PANK1,pantothenate kinase 1,Down
ENSG00000152952,1.98809113562379,5.00266728415326e-05,0.00162916444546316,PLOD2,"procollagen-lysine,2-oxoglutarate 5-dioxygenase 2",Up
ENSG00000152954,-2.24040667951448,0.00449415681479008,0.0437619462263764,NRSN1,neurensin 1,Down
ENSG00000152969,-2.65375950159171,0.00194095730903457,0.0242093788496332,JAKMIP1,janus kinase and microtubule interacting protein 1,Down
ENSG00000153012,-1.57607768515286,0.00112402774901036,0.0163647284613528,LGI2,leucine rich repeat LGI family member 2,Down
ENSG00000153094,1.07997211904208,0.000609171616526469,0.0104469653466207,BCL2L11,BCL2 like 11,Up
ENSG00000153237,-1.22744734715497,1.19139175874053e-06,9.00478786009261e-05,CCDC148,coiled-coil domain containing 148,Down
ENSG00000153930,1.47049711879438,0.00134486932379349,0.0185238209010925,ANKFN1,ankyrin repeat and fibronectin type III domain containing 1,Up
ENSG00000153976,4.41522100401251,2.11206345954881e-05,0.000862539464447998,HS3ST3A1,heparan sulfate-glucosamine 3-sulfotransferase 3A1,Up
ENSG00000154114,-1.58541710360095,2.32582834318587e-10,9.05999594607173e-08,TBCEL,tubulin folding cofactor E like,Down
ENSG00000154222,1.27380407529306,0.000118320317843678,0.00310973616840779,CC2D1B,coiled-coil and C2 domain containing 1B,Up
ENSG00000154822,-1.32135052189742,0.000177997282336261,0.00424945149330635,PLCL2,phospholipase C like 2,Down
ENSG00000154917,-1.26510916721523,1.8764918207148e-09,5.75912398793924e-07,RAB6B,"RAB6B, member RAS oncogene family",Down
ENSG00000154975,-2.1547888114893,2.44597671249257e-06,0.00015830194295284,CA10,carbonic anhydrase 10,Down
ENSG00000155158,-1.65661878517816,0.00233739693837227,0.0274312354482437,TTC39B,tetratricopeptide repeat domain 39B,Down
ENSG00000155366,1.44745192796008,0.00270021287075363,0.0302519424280893,RHOC,ras homolog family member C,Up
ENSG00000155368,1.2690233825815,0.000583838972707058,0.0101924510032122,DBI,"diazepam binding inhibitor, acyl-CoA binding protein",Up
ENSG00000155760,1.76702969548323,0.000169018400777809,0.00409525924181256,FZD7,frizzled class receptor 7,Up
ENSG00000155858,-1.15965599385406,3.82932253737583e-06,0.000226803383968084,LSM11,"LSM11, U7 small nuclear RNA associated",Down
ENSG00000155970,-1.5881213071588,0.0026128164101271,0.029666597087183,MICU3,mitochondrial calcium uptake family member 3,Down
ENSG00000156017,-1.2585149240804,7.86385794255481e-05,0.002262646398926,CARNMT1,carnosine N-methyltransferase 1,Down
ENSG00000156411,-1.15321317122965,5.48061024163807e-05,0.00176109967623735,ATP5MJ,ATP synthase membrane subunit j,Down
ENSG00000156587,1.03733804381156,0.00412079914389396,0.0411592245851657,UBE2L6,ubiquitin conjugating enzyme E2 L6,Up
ENSG00000156642,-1.40529740554992,5.80389549876225e-10,2.02696046936083e-07,NPTN,neuroplastin,Down
ENSG00000157077,-1.05516716948291,5.81887924320009e-06,0.000315152989171821,ZFYVE9,zinc finger FYVE-type containing 9,Down
ENSG00000157087,-2.49696235714935,0.000335431167601666,0.00682178085435677,ATP2B2,ATPase plasma membrane Ca2+ transporting 2,Down
ENSG00000157103,-1.75987450850811,0.00059080393690335,0.0102635716517275,SLC6A1,solute carrier family 6 member 1,Down
ENSG00000157227,2.45084929181175,3.16072477401145e-09,8.00295512779699e-07,MMP14,matrix metallopeptidase 14,Up
ENSG00000157510,1.70096262443868,0.00478010117653385,0.0456725138829574,AFAP1L1,actin filament associated protein 1 like 1,Up
ENSG00000157593,1.02254432481089,4.69998660926365e-05,0.00156583764403363,SLC35B2,solute carrier family 35 member B2,Up
ENSG00000158406,1.25567938820148,0.000270768230227257,0.00582237926909057,H4C8,H4 clustered histone 8,Up
ENSG00000158517,1.56609194510357,0.00461860535287394,0.0446057043126104,NCF1,neutrophil cytosolic factor 1,Up
ENSG00000158710,1.79327417298988,0.000102444712148277,0.00280421633685878,TAGLN2,transgelin 2,Up
ENSG00000158815,-1.71271662727727,0.00342537222403252,0.0357651235927849,FGF17,fibroblast growth factor 17,Down
ENSG00000158828,-1.13602490395234,0.000521947168210756,0.0093397189392907,PINK1,PTEN induced kinase 1,Down
ENSG00000158856,-1.70833002310636,0.000115211027330737,0.00304662476450576,DMTN,dematin actin binding protein,Down
ENSG00000159082,-1.57255632494444,0.00106137048523709,0.0157387412510706,SYNJ1,synaptojanin 1,Down
ENSG00000159086,1.22760032748644,2.63008549924279e-09,7.39930720453638e-07,PAXBP1,PAX3 and PAX7 binding protein 1,Up
ENSG00000159164,-1.05151004220512,0.00214402840030155,0.0258816682219953,SV2A,synaptic vesicle glycoprotein 2A,Down
ENSG00000159363,-1.09322283823377,6.24713340821977e-07,5.22900555028511e-05,ATP13A2,ATPase cation transporting 13A2,Down
ENSG00000160097,-1.16716946906824,0.00462802387074593,0.0446405959646807,FNDC5,fibronectin type III domain containing 5,Down
ENSG00000160145,-1.36897985259767,0.000149743095548789,0.00370867394303267,KALRN,kalirin RhoGEF kinase,Down
ENSG00000160408,-1.01655790440505,9.76446263013437e-05,0.00270656398194408,ST6GALNAC6,"ST6 N-acetylgalactosaminide alpha-2,6-sialyltransferase 6",Down
ENSG00000160460,-1.56853036186838,1.84681770024419e-09,5.75912398793924e-07,SPTBN4,"spectrin beta, non-erythrocytic 4",Down
ENSG00000160469,-1.17391379560598,0.000137731453313497,0.00352258626050277,BRSK1,BR serine/threonine kinase 1,Down
ENSG00000160716,-1.13131858709734,0.00203293461987241,0.0250159903751091,CHRNB2,cholinergic receptor nicotinic beta 2 subunit,Down
ENSG00000160789,1.45898916591026,0.00172476668145658,0.0221399707855415,LMNA,lamin A/C,Up
ENSG00000161544,-1.38669087995897,0.00133331755829934,0.0184478691672892,CYGB,cytoglobin,Down
ENSG00000162493,2.78763448961795,1.4932145952919e-07,1.64383450229526e-05,PDPN,podoplanin,Up
ENSG00000162496,1.63687159185973,0.000223146463377638,0.00508899943423939,DHRS3,dehydrogenase/reductase 3,Up
ENSG00000162522,-1.67476735604962,3.42212138269067e-06,0.00020508429209403,NHSL3,NHS like 3,Down
ENSG00000162545,-1.41854137388642,0.000167429269697735,0.00407625875841024,CAMK2N1,calcium/calmodulin dependent protein kinase II inhibitor 1,Down
ENSG00000162576,2.03418156437781,0.000346973035599756,0.00697250576300462,MXRA8,matrix remodeling associated 8,Up
ENSG00000162817,-2.147297719955,3.41910458150529e-05,0.0012396809532721,C1orf115,chromosome 1 open reading frame 115,Down
ENSG00000162889,1.05589060622042,3.57157396215577e-05,0.00126037982887504,MAPKAPK2,MAPK activated protein kinase 2,Up
ENSG00000162999,-1.18615743387092,2.52503977004168e-07,2.45900026836367e-05,DUSP19,dual specificity phosphatase 19,Down
ENSG00000163013,-1.41128664959082,0.000403117059526426,0.00771790090526209,FBXO41,F-box protein 41,Down
ENSG00000163053,-1.38151768624851,0.000928592863601081,0.0142713027656324,SLC16A14,solute carrier family 16 member 14,Down
ENSG00000163083,1.50942433325836,0.00132887226202703,0.0184151557275486,INHBB,inhibin subunit beta B,Up
ENSG00000163110,1.03022533851139,7.02662505228379e-05,0.00209310760380971,PDLIM5,PDZ and LIM domain 5,Up
ENSG00000163288,-1.41949050711906,0.00484592131479579,0.0462142100529678,GABRB1,gamma-aminobutyric acid type A receptor subunit beta1,Down
ENSG00000163412,-1.31291399714216,1.0052731241449e-05,0.000499088539281351,EIF4E3,eukaryotic translation initiation factor 4E family member 3,Down
ENSG00000163590,-1.34100498754685,2.5641669967291e-07,2.4733222231307e-05,PPM1L,"protein phosphatase, Mg2+/Mn2+ dependent 1L",Down
ENSG00000163702,1.205784303325,0.00265372417137923,0.0298632426752543,IL17RC,interleukin 17 receptor C,Up
ENSG00000163873,1.2914232483978,0.0019983107393865,0.024772204612615,GRIK3,glutamate ionotropic receptor kainate type subunit 3,Up
ENSG00000164038,-1.01660270003346,4.69237956352604e-08,6.78920288848453e-06,SLC9B2,solute carrier family 9 member B2,Down
ENSG00000164070,-1.06187461181859,0.000417206496805115,0.00789806990587328,HSPA4L,heat shock protein family A (Hsp70) member 4 like,Down
ENSG00000164111,1.70934226388522,1.26405311509657e-05,0.000587262841729269,ANXA5,annexin A5,Up
ENSG00000164211,-1.56277980238549,2.47075131058282e-06,0.000158378286541663,STARD4,StAR related lipid transfer domain containing 4,Down
ENSG00000164398,-1.77449670524883,0.00180665793901709,0.0228722895079564,ACSL6,acyl-CoA synthetase long chain family member 6,Down
ENSG00000164434,2.22209543197016,6.57048263732556e-07,5.45457771728142e-05,FABP7,fatty acid binding protein 7,Up
ENSG00000164620,-1.73388493023247,7.59243848740047e-07,6.20130782261225e-05,RELL2,RELT like 2,Down
ENSG00000164649,2.06345937334611,0.000174225598844625,0.00419134647291773,CDCA7L,cell division cycle associated 7 like,Up
ENSG00000164675,-1.32884829689031,0.00257313749705694,0.0293146643084282,IQUB,IQ motif and ubiquitin domain containing,Down
ENSG00000164708,1.72121626532859,0.00370436202114214,0.0378967460102299,PGAM2,phosphoglycerate mutase 2,Up
ENSG00000164742,-1.71064334573072,1.21248410813711e-07,1.40167407056815e-05,ADCY1,adenylate cyclase 1,Down
ENSG00000164830,-1.54612425144573,2.9418369973775e-09,7.84076976564193e-07,OXR1,oxidation resistance 1,Down
ENSG00000164898,1.12797463310696,0.000978112021069003,0.0148097131159055,FMC1,formation of mitochondrial complex V assembly factor 1 homolog,Up
ENSG00000164919,-1.14518668686849,0.000476471437804175,0.00872640636904283,COX6C,cytochrome c oxidase subunit 6C,Down
ENSG00000165023,-1.40444425119971,3.27575555438419e-05,0.00120205986430446,DIRAS2,DIRAS family GTPase 2,Down
ENSG00000165300,-1.37654735110706,6.37223483883236e-05,0.00194391549541247,SLITRK5,SLIT and NTRK like family member 5,Down
ENSG00000165521,-1.53834009041592,8.25642226607955e-05,0.00235552238622123,EML5,EMAP like 5,Down
ENSG00000165757,-1.64070758995019,1.85602318552728e-05,0.000777338446800447,JCAD,junctional cadherin 5 associated,Down
ENSG00000165801,1.19165597613884,0.00522509304332299,0.0490547613437779,ARHGEF40,Rho guanine nucleotide exchange factor 40,Up
ENSG00000165813,-1.21035887595034,0.000406626688945321,0.00777040585969474,CCDC186,coiled-coil domain containing 186,Down
ENSG00000166073,-1.07342734528976,0.00374141250740483,0.038121756413477,GPR176,G protein-coupled receptor 176,Down
ENSG00000166105,-1.69650888341294,0.000847707150180377,0.013352376387289,GLB1L3,galactosidase beta 1 like 3,Down
ENSG00000166111,-2.31118211489655,3.68015460570336e-05,0.00129018162268232,SVOP,SV2 related protein,Down
ENSG00000166136,-1.03295110061824,0.000351130287892319,0.00702815722484863,NDUFB8,NADH:ubiquinone oxidoreductase subunit B8,Down
ENSG00000166206,-2.37967514422179,0.00118449193489334,0.0169682239272981,GABRB3,gamma-aminobutyric acid type A receptor subunit beta3,Down
ENSG00000166313,-1.02694751140574,0.000194578507366093,0.00456178500602729,APBB1,amyloid beta precursor protein binding family B member 1,Down
ENSG00000166448,-1.57389950590726,0.000281014086455692,0.0059736410245608,TMEM130,transmembrane protein 130,Down
ENSG00000166450,1.50008573759103,0.000721478713696485,0.0118238453273754,PRTG,protogenin,Up
ENSG00000166483,3.99595886475846,0.000911908865048152,0.0140386449490575,WEE1,WEE1 G2 checkpoint kinase,Up
ENSG00000166526,1.0797136563234,0.000709011414685014,0.0116762074925688,ZNF3,zinc finger protein 3,Up
ENSG00000166575,-1.0920330696969,0.00162878879900312,0.0213698658022365,TMEM135,transmembrane protein 135,Down
ENSG00000166793,-1.55418243244548,3.07709619252536e-06,0.000190029452670103,YPEL4,yippee like 4,Down
ENSG00000166881,1.12813063835341,0.00140792841262128,0.0191099279234743,NEMP1,nuclear envelope integral membrane protein 1,Up
ENSG00000166922,-1.14262575454193,0.000514218293389175,0.00923114513072092,SCG5,secretogranin V,Down
ENSG00000166963,-1.14740044316034,3.2679809954943e-05,0.00120205986430446,MAP1A,microtubule associated protein 1A,Down
ENSG00000166974,-1.14411588688604,0.00366963747305111,0.0377704149665261,MAPRE2,microtubule associated protein RP/EB family member 2,Down
ENSG00000167074,-1.3100386216692,1.37614592282064e-05,0.000627820085870606,TEF,"TEF transcription factor, PAR bZIP family member",Down
ENSG00000167081,1.18293166176231,0.00487744333112763,0.0464273929113352,PBX3,PBX homeobox 3,Up
ENSG00000167371,-2.16051620151158,0.000774576946909714,0.0125118266639579,PRRT2,proline rich transmembrane protein 2,Down
ENSG00000167393,1.6241606166452,0.00225120758126906,0.0267608337829731,PPP2R3B,protein phosphatase 2 regulatory subunit B''beta,Up
ENSG00000167535,-1.61741966524817,1.77711104496057e-10,7.82546985363507e-08,CACNB3,calcium voltage-gated channel auxiliary subunit beta 3,Down
ENSG00000167642,-1.68733450102858,0.000497950271942082,0.00900578634683822,SPINT2,"serine peptidase inhibitor, Kunitz type 2",Down
ENSG00000167680,-1.19793374599708,6.25122843900007e-06,0.000333223377001014,SEMA6B,semaphorin 6B,Down
ENSG00000167702,-1.5853206067901,0.00208471987899184,0.0252571621423748,KIFC2,kinesin family member C2,Down
ENSG00000167778,-1.08064579261712,0.000703942139472762,0.011619236651628,SPRYD3,SPRY domain containing 3,Down
ENSG00000167889,-1.83046687857467,0.00322678396971437,0.0342816213041555,MGAT5B,"alpha-1,6-mannosylglycoprotein 6-beta-N-acetylglucosaminyltransferase B",Down
ENSG00000167900,2.37276145568867,0.000157605376767824,0.00385562139107372,TK1,thymidine kinase 1,Up
ENSG00000167971,-2.0734322157384,4.49637173243299e-05,0.00152305193665824,CASKIN1,CASK interacting protein 1,Down
ENSG00000167977,1.16309229456161,9.09848725867555e-09,1.91978081158054e-06,KCTD5,potassium channel tetramerization domain containing 5,Up
ENSG00000168067,-1.01625361580951,0.000385855072903992,0.00752974986198773,MAP4K2,mitogen-activated protein kinase kinase kinase kinase 2,Down
ENSG00000168546,-1.63125091243377,0.00101666874683691,0.0152634075760188,GFRA2,GDNF family receptor alpha 2,Down
ENSG00000168824,-1.38504647133575,0.000261000309806128,0.00568475156797973,NSG1,neuronal vesicle trafficking associated 1,Down
ENSG00000168884,1.25787361453076,0.0046060604523049,0.0445986426968872,TNIP2,TNFAIP3 interacting protein 2,Up
ENSG00000168899,1.38039940948708,0.00382302241098875,0.0386950461441928,VAMP5,vesicle associated membrane protein 5,Up
ENSG00000168994,1.25923586559156,0.00115369272465251,0.0167161658301583,PXDC1,PX domain containing 1,Up
ENSG00000169105,1.57487810015213,0.000182160827198992,0.00432066711445291,CHST14,carbohydrate sulfotransferase 14,Up
ENSG00000169291,-1.26628853233918,0.0012780217290006,0.0179775056546084,SHE,Src homology 2 domain containing E,Down
ENSG00000169504,1.35890471216928,0.00409716612149696,0.0410040498799617,CLIC4,chloride intracellular channel 4,Up
ENSG00000169744,-2.02163385988012,0.000397566024244442,0.00766053309273803,LDB2,LIM domain binding 2,Down
ENSG00000169813,1.67724890982208,0.00268295750062258,0.0301252700291635,HNRNPF,heterogeneous nuclear ribonucleoprotein F,Up
ENSG00000169918,-1.00979864472466,0.000344496074018153,0.00693649351422635,OTUD7A,OTU deubiquitinase 7A,Down
ENSG00000170439,3.45714437142921,1.24857764929375e-15,4.2151981440157e-12,TMT1B,thiol methyltransferase 1B,Up
ENSG00000170500,-1.15597128588129,0.00264839573604635,0.0298372101787758,LONRF2,LON peptidase N-terminal domain and ring finger 2,Down
ENSG00000170571,-1.83159652127238,0.000288493965015013,0.00604941382540797,EMB,embigin,Down
ENSG00000170579,-1.98016387278128,0.0004812219510384,0.00879750166086086,DLGAP1,DLG associated protein 1,Down
ENSG00000170791,-1.12527685408365,0.0048869264746857,0.0464303858683084,CHCHD7,coiled-coil-helix-coiled-coil-helix domain containing 7,Down
ENSG00000170889,2.09950448960627,1.22481013689606e-05,0.00057697102634806,RPS9,ribosomal protein S9,Up
ENSG00000171241,1.38323616043495,0.00273619543710979,0.030553679588807,SHCBP1,SHC binding and spindle associated 1,Up
ENSG00000171310,1.03693148154389,0.00010797629133023,0.00292402106575553,CHST11,carbohydrate sulfotransferase 11,Up
ENSG00000171320,1.83957903650733,0.00130952717953003,0.0182684452813776,ESCO2,establishment of sister chromatid cohesion N-acetyltransferase 2,Up
ENSG00000171408,-1.86166702412319,0.000128776152416582,0.00334421761967985,PDE7B,phosphodiesterase 7B,Down
ENSG00000171444,1.03674204412268,0.00260916365133388,0.029658372009775,MCC,MCC regulator of WNT signaling pathway,Up
ENSG00000171450,-2.17423865534487,2.03983445112117e-05,0.000836414709350413,CDK5R2,cyclin dependent kinase 5 regulatory subunit 2,Down
ENSG00000171451,1.35550726037524,6.52858005681932e-05,0.00197377489001391,DSEL,dermatan sulfate epimerase like,Up
ENSG00000172602,-1.47318296012426,1.97322753480595e-05,0.000815708100918966,RND1,Rho family GTPase 1,Down
ENSG00000172794,-1.83309420420779,3.35677676565847e-08,5.39641826707762e-06,RAB37,"RAB37, member RAS oncogene family",Down
ENSG00000173040,2.67708137213061,0.000464416656838945,0.00856759909009988,EVC2,EvC ciliary complex subunit 2,Up
ENSG00000173110,3.03647314735343,0.00106090352806172,0.0157387412510706,HSPA6,heat shock protein family A (Hsp70) member 6,Up
ENSG00000173258,-1.12610187716811,0.000338108394332017,0.00684872363558934,ZNF483,zinc finger protein 483,Down
ENSG00000173482,-1.52101804602726,3.78060833699296e-05,0.00131580760264827,PTPRM,protein tyrosine phosphatase receptor type M,Down
ENSG00000173611,-1.6634906313733,1.61690423737202e-05,0.000693966081814665,SCAI,suppressor of cancer cell invasion,Down
ENSG00000173821,1.23538119476551,0.000596089021797094,0.0103023713528344,RNF213,ring finger protein 213,Up
ENSG00000173918,2.21544549002657,0.000631034541559957,0.01070539001159,C1QTNF1,C1q and TNF related 1,Up
ENSG00000174080,-1.45381290537823,0.000221965033238712,0.00507463173056812,CTSF,cathepsin F,Down
ENSG00000174428,1.18278395419009,9.76847746932047e-05,0.00270656398194408,GTF2IRD2B,GTF2I repeat domain containing 2B,Up
ENSG00000174469,-2.07733825446098,0.002498007429194,0.0288739583836254,CNTNAP2,contactin associated protein 2,Down
ENSG00000174516,-1.25166536852071,0.000282099608392091,0.00597720676526171,PELI3,pellino E3 ubiquitin protein ligase family member 3,Down
ENSG00000174705,1.87558047533421,0.000390785010370686,0.00758212755753699,SH3PXD2B,SH3 and PX domains 2B,Up
ENSG00000174938,-1.80370223582665,0.000177768232562026,0.00424945149330635,SEZ6L2,seizure related 6 homolog like 2,Down
ENSG00000175182,-1.07742253944543,0.00250182808055621,0.0288739583836254,FAM131A,family with sequence similarity 131 member A,Down
ENSG00000175267,-2.37275378717916,7.94318506859784e-07,6.38480780752055e-05,VWA3A,von Willebrand factor A domain containing 3A,Down
ENSG00000175395,-1.40799399865603,6.86286517740024e-05,0.00206514979383659,ZNF25,zinc finger protein 25,Down
ENSG00000175471,-1.74557784959567,9.79562508850338e-05,0.00270656398194408,MCTP1,multiple C2 and transmembrane domain containing 1,Down
ENSG00000175606,-1.0598417277788,3.3989065832121e-06,0.000204905511159358,TMEM70,transmembrane protein 70,Down
ENSG00000175764,-1.12740985556165,9.44690973983696e-06,0.000471321683965856,TTLL11,tubulin tyrosine ligase like 11,Down
ENSG00000175874,-1.86121572502844,0.000684146235751367,0.0113777226201804,CREG2,cellular repressor of E1A stimulated genes 2,Down
ENSG00000176014,2.80529107604788,1.41781940263992e-06,0.000103356682174667,TUBB6,tubulin beta 6 class V,Up
ENSG00000176046,1.15938264061479,0.00226872339917855,0.0268230071679592,NUPR1,"nuclear protein 1, transcriptional regulator",Up
ENSG00000176170,1.85343942018393,0.00328427391872711,0.0346852202803631,SPHK1,sphingosine kinase 1,Up
ENSG00000176182,-1.50072656689411,0.000189915371437024,0.00447316949282367,MYPOP,"Myb related transcription factor, partner of profilin",Down
ENSG00000176406,-1.17154524890663,1.15574111939566e-05,0.000557397431297107,RIMS2,regulating synaptic membrane exocytosis 2,Down
ENSG00000176788,-1.34843383526708,3.06286949721169e-06,0.000190029452670103,BASP1,brain abundant membrane attached signal protein 1,Down
ENSG00000176971,2.11019605625771,5.21308003090476e-09,1.19995623984099e-06,FIBIN,fin bud initiation factor homolog,Up
ENSG00000177301,-1.90778460617388,5.43914018007063e-07,4.62921107090381e-05,KCNA2,potassium voltage-gated channel subfamily A member 2,Down
ENSG00000177380,-1.56447039241897,7.80997476115129e-08,1.05434574702733e-05,PPFIA3,PTPRF interacting protein alpha 3,Down
ENSG00000177409,1.60070180030052,0.003091637074392,0.0333107449887683,SAMD9L,sterile alpha motif domain containing 9 like,Up
ENSG00000177426,2.24330355003588,3.05123877263757e-05,0.00115309501079378,TGIF1,TGFB induced factor homeobox 1,Up
ENSG00000177469,1.88643464122041,4.05717716333937e-05,0.00138821251048315,CAVIN1,caveolae associated protein 1,Up
ENSG00000177602,2.93917048308321,0.00294015709910161,0.0321640348084011,HASPIN,histone H3 associated protein kinase,Up
ENSG00000177674,1.31873398603072,0.00143351246404526,0.0193458948986303,AGTRAP,angiotensin II receptor associated protein,Up
ENSG00000177707,-1.25970095847683,9.57847510877245e-05,0.002679856240377,NECTIN3,nectin cell adhesion molecule 3,Down
ENSG00000177875,-1.61873476436223,0.000178319202671327,0.00424945149330635,CCDC184,coiled-coil domain containing 184,Down
ENSG00000178385,-1.29517522384981,2.04344385423693e-07,2.09050498542542e-05,PLEKHM3,pleckstrin homology domain containing M3,Down
ENSG00000178568,-1.35498314064148,0.00477014216021322,0.0456203964104245,ERBB4,erb-b2 receptor tyrosine kinase 4,Down
ENSG00000178947,-1.54909134981357,5.57409495678591e-12,5.6247344460686e-09,SMIM10L2A,small integral membrane protein 10 like 2A,Down
ENSG00000178999,2.45839171160792,0.000225270502375917,0.00510411554376574,AURKB,aurora kinase B,Up
ENSG00000179314,1.92511643335291,0.000129836620474576,0.00336313373955628,WSCD1,WSC domain containing 1,Up
ENSG00000179388,-1.37929898206747,0.00115273081871463,0.0167161658301583,EGR3,early growth response 3,Down
ENSG00000179456,-1.20198763660346,0.00389062551205598,0.0392380308967494,ZBTB18,zinc finger and BTB domain containing 18,Down
ENSG00000179583,1.57431850661004,0.000366510189753676,0.0072500296910649,CIITA,class II major histocompatibility complex transactivator,Up
ENSG00000179833,1.35768708162751,0.000852082040020504,0.013400445498956,SERTAD2,SERTA domain containing 2,Up
ENSG00000179841,-1.7417704257273,4.11704876428151e-11,2.6060918677902e-08,AKAP5,A-kinase anchoring protein 5,Down
ENSG00000179912,-1.19285706341148,6.10880709349932e-05,0.00189204887593153,R3HDM2,R3H domain containing 2,Down
ENSG00000179915,-1.060036212248,0.000612561850101733,0.0104621018850428,NRXN1,neurexin 1,Down
ENSG00000180044,-2.48154698203627,2.07252752836184e-08,3.61906186331874e-06,C3orf80,chromosome 3 open reading frame 80,Down
ENSG00000180113,-1.88755185000541,0.00360898981417355,0.0373354038001241,TDRD6,tudor domain containing 6,Down
ENSG00000180263,-1.16511531799444,0.00253642659723875,0.0290927843452254,FGD6,"FYVE, RhoGEF and PH domain containing 6",Down
ENSG00000180573,1.3720801593999,0.000355259734697879,0.00709678617952686,H2AC6,H2A clustered histone 6,Up
ENSG00000180596,1.50217159679261,0.000962410231265008,0.0146549403707221,H2BC4,H2B clustered histone 4,Up
ENSG00000180801,1.27166062298719,0.00223770244216995,0.0266689478726539,ARSJ,arylsulfatase family member J,Up
ENSG00000180891,1.29029358369314,0.00348132427401199,0.0361629253817369,CUEDC1,CUE domain containing 1,Up
ENSG00000181026,1.82531056980539,0.000990460471076251,0.0149488261227603,AEN,apoptosis enhancing nuclease,Up
ENSG00000181104,1.99840211316692,2.45393019782739e-06,0.00015830194295284,F2R,coagulation factor II thrombin receptor,Up
ENSG00000181754,-1.59476468963708,0.00297588201043293,0.0323735048353004,AMIGO1,adhesion molecule with Ig like domain 1,Down
ENSG00000181924,1.37408362035716,7.07584907148622e-05,0.00209544442678399,COA4,cytochrome c oxidase assembly factor 4 homolog,Up
ENSG00000182199,1.66173289660651,1.42733234674508e-05,0.000639646991497087,SHMT2,serine hydroxymethyltransferase 2,Up
ENSG00000182389,-1.76671121389923,0.0019009219783226,0.0238273982629348,CACNB4,calcium voltage-gated channel auxiliary subunit beta 4,Down
ENSG00000182481,1.20422191878805,1.47099822217222e-05,0.000647750869311315,KPNA2,karyopherin subunit alpha 2,Up
ENSG00000182568,-1.28816260902676,0.000107505017706794,0.00291906385880539,SATB1,SATB homeobox 1,Down
ENSG00000182621,-1.80862575975813,1.2157885794829e-07,1.40167407056815e-05,PLCB1,phospholipase C beta 1,Down
ENSG00000182957,1.39334466074632,0.000367708188044768,0.00725954878853296,SPATA13,spermatogenesis associated 13,Up
ENSG00000183010,1.24475143934867,0.00532122833742558,0.0496255990805214,PYCR1,pyrroline-5-carboxylate reductase 1,Up
ENSG00000183036,-2.24200191822866,0.0042138449111695,0.0418820620807897,PCP4,Purkinje cell protein 4,Down
ENSG00000183049,-1.20668197422809,1.9662948343005e-06,0.000131884993919175,CAMK1D,calcium/calmodulin dependent protein kinase ID,Down
ENSG00000183114,-1.66730743852928,0.000609873746502731,0.0104469653466207,FAM43B,family with sequence similarity 43 member B,Down
ENSG00000183248,-1.41698103775517,0.00133775163434058,0.0184839680117345,PRR36,proline rich 36,Down
ENSG00000183255,1.16459366101282,0.000436340442024248,0.00813859299598818,PTTG1IP,PTTG1 interacting protein,Up
ENSG00000183307,-1.10680697547096,0.00438202710344684,0.043130389216433,TMEM121B,transmembrane protein 121B,Down
ENSG00000183628,-1.04183141288059,0.00274122314899027,0.0305761101904994,DGCR6,DiGeorge syndrome critical region gene 6,Down
ENSG00000183741,-1.23970904750446,1.19597670200912e-05,0.000568678499434196,CBX6,chromobox 6,Down
ENSG00000183785,-2.5390216890816,8.76117429101859e-06,0.000441458573231026,TUBA8,tubulin alpha 8,Down
ENSG00000183807,-2.38106532689472,0.000168104999322122,0.0040828955231042,FAM162B,family with sequence similarity 162 member B,Down
ENSG00000183826,-1.24664345685623,0.000139499569829618,0.00354098156199091,BTBD9,BTB domain containing 9,Down
ENSG00000183853,1.89668851929048,0.000262122727315021,0.00568475156797973,KIRREL1,kirre like nephrin family adhesion molecule 1,Up
ENSG00000183889,-1.15663174608313,2.3646529564607e-05,0.000946608898934149,NPIPA6,"nuclear pore complex interacting protein family, member A6",Down
ENSG00000184205,-1.31252577492074,2.48198245201413e-07,2.44167468187584e-05,TSPYL2,TSPY like 2,Down
ENSG00000184216,1.28999285876062,0.00102159272030428,0.015305756022547,IRAK1,interleukin 1 receptor associated kinase 1,Up
ENSG00000184349,-1.69178010807344,0.00082356078428192,0.0131148170176215,EFNA5,ephrin A5,Down
ENSG00000184640,1.85479368960113,4.80280541553777e-05,0.00159484633601858,SEPTIN9,septin 9,Up
ENSG00000184702,-1.5376050763271,4.59634001240885e-11,2.73833715562805e-08,SEPTIN5,septin 5,Down
ENSG00000185070,-1.58120213201029,0.000203166440095586,0.00474194738553878,FLRT2,fibronectin leucine rich transmembrane protein 2,Down
ENSG00000185133,-1.07836709219714,0.00290345836467473,0.0318939547911341,INPP5J,inositol polyphosphate-5-phosphatase J,Down
ENSG00000185261,-1.23048541204351,0.000172702422464178,0.00416459555885046,KIAA0825,KIAA0825,Down
ENSG00000185518,-1.94335203555834,2.8149326571335e-09,7.70530755444543e-07,SV2B,synaptic vesicle glycoprotein 2B,Down
ENSG00000185591,1.19359638028886,3.34018238232359e-06,0.000203791368482972,SP1,Sp1 transcription factor,Up
ENSG00000185633,1.13468250157133,0.00452089023901577,0.0439420118433318,NDUFA4L2,NDUFA4 mitochondrial complex associated like 2,Up
ENSG00000185650,1.28574457727038,0.0008601680431981,0.0134648870811597,ZFP36L1,ZFP36 ring finger protein like 1,Up
ENSG00000185946,-1.09147029921592,8.56555402048364e-06,0.00043814106625989,RNPC3,"RNA binding region (RNP1, RRM) containing 3",Down
ENSG00000186094,-1.71756347404275,0.0020516813627547,0.0251566935132925,AGBL4,AGBL carboxypeptidase 4,Down
ENSG00000186193,2.30346782510737,0.00223728214306244,0.0266689478726539,SAPCD2,suppressor APC domain containing 2,Up
ENSG00000186310,-1.6853351727164,1.94519971273828e-08,3.45631275273918e-06,NAP1L3,nucleosome assembly protein 1 like 3,Down
ENSG00000186453,-1.97926387407873,0.00055551480375135,0.00981894229039036,FAM228A,family with sequence similarity 228 member A,Down
ENSG00000186462,-1.30921395192405,0.00281323996866621,0.0311393381449742,NAP1L2,nucleosome assembly protein 1 like 2,Down
ENSG00000186470,2.10399641467506,0.000287551606889385,0.00604941382540797,BTN3A2,butyrophilin subfamily 3 member A2,Up
ENSG00000186479,-2.63819044026277,0.000388847219211832,0.00755901081799892,RGS7BP,regulator of G protein signaling 7 binding protein,Down
ENSG00000186517,1.52945561455817,0.00191967250712433,0.0240326862202166,ARHGAP30,Rho GTPase activating protein 30,Up
ENSG00000186642,-1.75254107060298,3.77153680611052e-05,0.00131580760264827,PDE2A,phosphodiesterase 2A,Down
ENSG00000186918,1.78344031902576,3.52706635835986e-05,0.0012534080027182,ZNF395,zinc finger protein 395,Up
ENSG00000187189,-1.19562292877877,1.3379546833085e-08,2.55675566651858e-06,TSPYL4,TSPY like 4,Down
ENSG00000187416,2.21797170992819,0.00128364436595345,0.0180065791390257,LHFPL3,LHFPL tetraspan subfamily member 3,Up
ENSG00000187486,-1.37658078080162,6.15009058063991e-05,0.00189325584804623,KCNJ11,potassium inwardly rectifying channel subfamily J member 11,Down
ENSG00000187627,-2.7495442874554,0.00537073447713002,0.0499214249558207,RGPD1,RANBP2 like and GRIP domain containing 1,Down
ENSG00000187664,-1.70746901720301,3.26608788010705e-05,0.00120205986430446,HAPLN4,hyaluronan and proteoglycan link protein 4,Down
ENSG00000187837,1.36571354807783,0.00468430676293539,0.0450547567853843,H1-2,"H1.2 linker histone, cluster member",Up
ENSG00000187840,2.72308738457117,6.53225250534955e-11,3.67548074301001e-08,EIF4EBP1,eukaryotic translation initiation factor 4E binding protein 1,Up
ENSG00000188112,-2.60842543437568,0.000219675569501686,0.00503365196360424,C6orf132,chromosome 6 open reading frame 132,Down
ENSG00000188158,-1.43106847693854,4.16178741174361e-06,0.000238502498015427,NHS,NHS actin remodeling regulator,Down
ENSG00000188211,-1.3700807434266,8.64546483723355e-10,2.91870892905005e-07,NCR3LG1,natural killer cell cytotoxicity receptor 3 ligand 1,Down
ENSG00000188343,-1.092307146795,0.000140355655564949,0.00355380519890451,CIBAR1,CBY1 interacting BAR domain containing 1,Down
ENSG00000188486,1.76789789739345,7.07364320945718e-05,0.00209544442678399,H2AX,H2A.X variant histone,Up
ENSG00000188549,1.74907152409741,0.000169458264292816,0.00409611766290606,CCDC9B,coiled-coil domain containing 9B,Up
ENSG00000189195,-1.85369244109154,1.85892909986066e-08,3.42313344061614e-06,BTBD8,BTB domain containing 8,Down
ENSG00000189227,-1.2420785922962,9.48604855513553e-08,1.18610740452361e-05,C15orf61,chromosome 15 open reading frame 61,Down
ENSG00000189241,-1.44796787700333,5.0136591911135e-15,1.26945850718994e-11,TSPYL1,TSPY like 1,Down
ENSG00000196177,-1.13942604321281,0.00181696166331258,0.0229453712294636,ACADSB,acyl-CoA dehydrogenase short/branched chain,Down
ENSG00000196189,-1.00848074295549,0.00119842701403832,0.0170472876378934,SEMA4A,semaphorin 4A,Down
ENSG00000196227,-1.26980968024,1.21089962845808e-05,0.000573083712010441,FAM217B,family with sequence similarity 217 member B,Down
ENSG00000196417,1.24114245423447,0.00127311850115,0.0179334411399822,ZNF765,zinc finger protein 765,Up
ENSG00000196517,2.88953266651159,0.00130796952590744,0.0182684452813776,SLC6A9,solute carrier family 6 member 9,Up
ENSG00000196542,-1.55853843337244,0.00411412624165797,0.0411331397586495,SPTSSB,serine palmitoyltransferase small subunit B,Down
ENSG00000196876,-1.49470199406934,6.10901253028778e-12,5.6247344460686e-09,SCN8A,sodium voltage-gated channel alpha subunit 8,Down
ENSG00000197122,-1.1492041324562,0.00134551754847805,0.0185238209010925,SRC,"SRC proto-oncogene, non-receptor tyrosine kinase",Down
ENSG00000197238,1.90306299804496,0.00202601789452239,0.0250089054891982,H4C11,H4 clustered histone 11,Up
ENSG00000197299,1.48606620165775,0.000780115435486917,0.0125812247302731,BLM,BLM RecQ like helicase,Up
ENSG00000197324,1.26018081468257,0.000410171304003365,0.00779774692792071,LRP10,LDL receptor related protein 10,Up
ENSG00000197355,1.23378819857261,0.00226664875542503,0.0268230071679592,UAP1L1,UDP-N-acetylglucosamine pyrophosphorylase 1 like 1,Up
ENSG00000197696,2.03547030033997,1.4428588541636e-05,0.000641634594456036,NMB,neuromedin B,Up
ENSG00000197747,2.37591967700078,0.00143783556201649,0.0193648917182221,S100A10,S100 calcium binding protein A10,Up
ENSG00000197885,-1.59987154597543,0.0012834962286684,0.0180065791390257,NKIRAS1,NFKB inhibitor interacting Ras like 1,Down
ENSG00000197928,1.02040143364338,5.77695878886612e-05,0.0018077430231383,ZNF677,zinc finger protein 677,Up
ENSG00000198105,-1.10262427812831,0.00513399954918567,0.0484121315596793,ZNF248,zinc finger protein 248,Down
ENSG00000198108,-1.07313253885739,0.00132625781510794,0.0184151557275486,CHSY3,chondroitin sulfate synthase 3,Down
ENSG00000198142,1.12565036146348,0.000758064412853863,0.0123039685470896,SOWAHC,sosondowah ankyrin repeat domain family member C,Up
ENSG00000198346,1.08773753739849,0.000870511349006016,0.0135848057669229,ZNF813,zinc finger protein 813,Up
ENSG00000198513,-1.44131637001045,5.20427487756634e-05,0.00167862725987235,ATL1,atlastin GTPase 1,Down
ENSG00000198556,1.38526359264459,2.18731940936499e-06,0.000142923683729346,ZNF789,zinc finger protein 789,Up
ENSG00000198668,-1.16282632105645,0.000149767737233448,0.00370867394303267,CALM1,calmodulin 1,Down
ENSG00000198739,-1.29580499336666,0.00237487086829737,0.0278065805249893,LRRTM3,leucine rich repeat transmembrane neuronal 3,Down
ENSG00000198794,-1.22657479028206,0.000144299348401303,0.00361000795648989,SCAMP5,secretory carrier membrane protein 5,Down
ENSG00000198825,-1.23543848619268,9.64923367671468e-05,0.00269221594153626,INPP5F,inositol polyphosphate-5-phosphatase F,Down
ENSG00000198901,1.76541466105429,0.000138120801950693,0.00352364605077234,PRC1,protein regulator of cytokinesis 1,Up
ENSG00000198934,-1.21183665892426,0.00239731250041864,0.0279193353737445,MAGEE1,MAGE family member E1,Down
ENSG00000204065,-1.2078376773134,1.04338632111616e-05,0.00050804887789733,TCEAL5,transcription elongation factor A like 5,Down
ENSG00000204131,-1.42392163307385,3.4287905414849e-05,0.0012396809532721,NHSL2,NHS like 2,Down
ENSG00000204314,-1.94797404854501,4.17440116456474e-05,0.00141873607364804,PRRT1,proline rich transmembrane protein 1,Down
ENSG00000204442,-2.1265435349253,0.00183538337993918,0.0231203518308756,NALF1,NALCN channel auxiliary factor 1,Down
ENSG00000204628,1.02254523435206,2.55639832140236e-05,0.0010074397742865,RACK1,receptor for activated C kinase 1,Up
ENSG00000204851,-1.93277724329057,1.44408924306365e-07,1.62169645011467e-05,PNMA8B,PNMA family member 8B,Down
ENSG00000204991,-1.00401541608713,0.00156694704138641,0.0206910555869121,SPIRE2,spire type actin nucleation factor 2,Down
ENSG00000205090,-1.20609450282671,0.000208003327531171,0.00482072700511602,TMEM240,transmembrane protein 240,Down
ENSG00000205336,1.29747920593022,6.96404609025363e-05,0.00208058580537135,ADGRG1,adhesion G protein-coupled receptor G1,Up
ENSG00000205593,-1.04632177043916,0.00322678863380097,0.0342816213041555,DENND6B,DENN domain containing 6B,Down
ENSG00000205683,1.36853785001415,0.000740757181656261,0.0120617182247823,DPF3,double PHD fingers 3,Up
ENSG00000205710,-2.18956221504142,4.41606007378944e-08,6.57733182754992e-06,C17orf107,chromosome 17 open reading frame 107,Down
ENSG00000205929,2.32867236907311,4.72425573904899e-06,0.000267303140363621,C21orf62,chromosome 21 open reading frame 62 [Source:HGNC Symbol;Acc:HGNC:1305],Up
ENSG00000206052,-2.13725239382683,1.95081342575175e-09,5.81112893412168e-07,DOK6,docking protein 6,Down
ENSG00000213398,1.22628863292054,0.000665479061857698,0.0111588939379052,LCAT,lecithin-cholesterol acyltransferase,Up
ENSG00000213799,1.43425691159712,0.00289337590997789,0.0318177103325256,ZNF845,zinc finger protein 845,Up
ENSG00000214595,-1.21860694427664,4.63617905788749e-06,0.000263793379203845,EML6,EMAP like 6,Down
ENSG00000215218,-1.4821161791472,1.1847343969405e-05,0.00056867251053144,UBE2QL1,ubiquitin conjugating enzyme E2 Q family like 1,Down
ENSG00000215788,-1.47661248082501,3.37480861847569e-05,0.00123393724505133,TNFRSF25,TNF receptor superfamily member 25,Down
ENSG00000221823,-1.66892130146113,8.33536065112892e-11,4.44318593024388e-08,PPP3R1,"protein phosphatase 3 regulatory subunit B, alpha",Down
ENSG00000233822,1.38097190308923,0.00296097478823294,0.0322806810066988,H2BC15,H2B clustered histone 15,Up
ENSG00000233904,1.11805275028523,0.000764717824557008,0.0123920994033814,HLA-E,"major histocompatibility complex, class I, E",Up
ENSG00000240184,1.84422270854222,7.73996100601477e-05,0.00224254411226845,PCDHGC3,"protocadherin gamma subfamily C, 3",Up
ENSG00000242114,1.40358542164346,0.00264846484505524,0.0298372101787758,MTFP1,mitochondrial fission process 1,Up
ENSG00000243232,-1.74840323630072,0.000110597105188292,0.00296710119776359,PCDHAC2,"protocadherin alpha subfamily C, 2",Down
ENSG00000244731,1.68147649307255,0.000540092037243019,0.00959658272490754,C4A,complement C4A (Chido/Rodgers blood group),Up
ENSG00000249242,-1.18716786582008,4.63815083967596e-05,0.00155358925779842,TMEM150C,transmembrane protein 150C,Down
ENSG00000250510,-1.57401258304683,0.00020883157794972,0.00482887265176887,GPR162,G protein-coupled receptor 162,Down
ENSG00000253910,2.53931937348517,4.85810582277772e-05,0.0015974966160095,PCDHGB2,"protocadherin gamma subfamily B, 2",Up
ENSG00000256235,1.69512120995023,0.00064407582415753,0.0109023102188045,SMIM3,small integral membrane protein 3,Up
ENSG00000256525,1.48539473769033,0.000574874162733134,0.0100732275435315,POLG2,"DNA polymerase gamma 2, accessory subunit",Up
ENSG00000258986,-1.08698068952083,0.00177434502428472,0.022619034044346,TMEM179,transmembrane protein 179,Down
ENSG00000259207,2.11229314534382,4.8435592000829e-05,0.0015974966160095,ITGB3,integrin subunit beta 3,Up
ENSG00000260916,-1.16896139972732,1.61706156504997e-05,0.000693966081814665,CCPG1,cell cycle progression 1,Down
ENSG00000263874,-1.36359792246962,0.0044343334146612,0.0434057925690399,LASP1NB,LASP1 neighbor,Down
ENSG00000272674,1.3259315554471,0.00300589210939102,0.0325600805175532,PCDHB16,protocadherin beta 16,Up
ENSG00000273173,-1.6121726695716,0.00117269278778195,0.0168246618824723,SNURF,SNRPN upstream open reading frame,Down
ENSG00000273564,-1.75515887001574,0.0011662478844857,0.0168246618824723,ENTREP2,endosomal transmembrane epsin interactor 2,Down
ENSG00000273703,3.03449704085221,2.39372753326011e-05,0.000950732253210133,H2BC14,H2B clustered histone 14,Up
ENSG00000273820,-1.20107571077958,0.000130796815890684,0.00337936263097155,USP27X,ubiquitin specific peptidase 27 X-linked,Down
ENSG00000274290,2.17341968533108,4.51288620048796e-05,0.00152355038128474,H2BC6,H2B clustered histone 6,Up
ENSG00000274641,6.33016621254433,5.27888239615138e-10,1.90944717529361e-07,H2BC17,H2B clustered histone 17,Up
ENSG00000275004,-1.0308271874872,0.000720126610031238,0.0118208141108531,ZNF280B,zinc finger protein 280B,Down
ENSG00000275482,-2.3367480440723,0.000120989617826284,0.00316636395179484,EPHB6,EPH receptor B6,Down
ENSG00000275714,1.31389080252909,0.0046200023522836,0.0446057043126104,H3C1,H3 clustered histone 1,Up
ENSG00000276043,2.98822603655034,1.79650247503108e-07,1.89531011115779e-05,UHRF1,ubiquitin like with PHD and ring finger domains 1,Up
ENSG00000277075,1.36176736647016,0.00274425383718969,0.0305762407734402,H2AC8,H2A clustered histone 8,Up
ENSG00000277200,-1.0828124852516,6.13709175381365e-05,0.00189325584804623,CCDC92B,coiled-coil domain containing 92B,Down
ENSG00000277224,2.20032526794694,0.000466876285886588,0.00859731458810794,H2BC7,H2B clustered histone 7,Up
ENSG00000277443,1.1916270644523,0.000825449130023858,0.0131242524158267,MARCKS,myristoylated alanine rich protein kinase C substrate,Up
ENSG00000278463,2.84706116241989,0.000399010305825097,0.00766053309273803,H2AC4,H2A clustered histone 4,Up
ENSG00000278550,-1.58879021929578,0.000380671330947827,0.00745732928402242,SLC43A2,solute carrier family 43 member 2,Down
ENSG00000278637,2.08402418543912,0.000136599277669859,0.00350247464364641,H4C1,H4 clustered histone 1,Up
ENSG00000278705,1.25639765572141,0.00470787620549023,0.0452081640130004,H4C2,H4 clustered histone 2,Up
